 SOURCE_DETECT_DIST.G STACK_WORD 
            -3976.000          2 
            -3975.000          1 
            -3974.000          3 
            -3973.000          6 
            -3972.000        398 
            -3971.000        584 
            -3970.000          4 
            -3969.000          3 
            -3968.000          3 
            -3967.000          4 
            -3961.000          1 
            -3960.000          1 
            -3959.000          3 
            -3958.000          7 
            -3957.000        503 
            -3956.000        479 
            -3955.000          4 
            -3954.000          3 
            -3953.000          4 
            -3952.000          4 
            -3946.000          1 
            -3945.000          2 
            -3944.000          3 
            -3943.000          7 
            -3942.000        911 
            -3941.000         62 
            -3940.000          4 
            -3939.000          3 
            -3938.000          3 
            -3937.000          4 
            -3936.000          1 
            -3935.000          1 
            -3934.000          2 
            -3933.000          6 
            -3932.000        896 
            -3931.000         94 
            -3930.000          8 
            -3929.000          9 
            -3928.000          8 
            -3927.000        970 
            -3926.000          5 
            -3925.000          3 
            -3924.000          3 
            -3923.000          4 
            -3922.000          2 
            -3921.000          2 
            -3920.000          1 
            -3919.000          2 
            -3918.000          8 
            -3917.000        560 
            -3916.000        430 
            -3915.000          8 
            -3914.000          9 
            -3913.000         17 
            -3912.000        960 
            -3911.000          2 
            -3910.000          3 
            -3909.000          4 
            -3908.000          4 
            -3906.000          2 
            -3905.000          1 
            -3904.000          3 
            -3903.000          6 
            -3902.000        499 
            -3901.000        485 
            -3900.000         11 
            -3899.000         10 
            -3898.000        902 
            -3897.000         73 
            -3896.000          6 
            -3895.000          3 
            -3894.000         12 
            -3893.000         18 
            -3892.000        971 
            -3891.000          7 
            -3890.000          5 
            -3889.000          7 
            -3888.000         10 
            -3887.000        760 
            -3886.000        228 
            -3885.000         13 
            -3884.000         13 
            -3883.000        974 
            -3882.000          6 
            -3881.000          6 
            -3880.000          3 
            -3879.000         12 
            -3878.000         11 
            -3877.000        966 
            -3876.000         14 
            -3875.000          5 
            -3874.000          9 
            -3873.000          9 
            -3872.000        971 
            -3871.000         25 
            -3870.000         12 
            -3869.000        978 
            -3868.000          9 
            -3867.000          5 
            -3866.000          5 
            -3865.000          4 
            -3864.000          8 
            -3863.000         12 
            -3862.000        743 
            -3861.000        226 
            -3860.000          8 
            -3859.000         13 
            -3858.000         11 
            -3857.000        981 
            -3856.000         16 
            -3855.000        957 
            -3854.000         76 
            -3853.000        941 
            -3852.000         44 
            -3851.000         21 
            -3850.000          7 
            -3849.000          8 
            -3848.000         10 
            -3847.000        490 
            -3846.000        484 
            -3845.000         12 
            -3844.000         11 
            -3843.000        274 
            -3842.000        734 
            -3841.000        412 
            -3840.000        619 
            -3839.000         16 
            -3838.000         18 
            -3837.000        963 
            -3836.000         25 
            -3835.000          8 
            -3834.000          9 
            -3833.000         11 
            -3832.000        479 
            -3831.000        494 
            -3830.000         12 
            -3829.000         13 
            -3828.000        991 
            -3827.000        373 
            -3826.000        651 
            -3825.000         15 
            -3824.000          9 
            -3823.000         13 
            -3822.000        954 
            -3821.000         23 
            -3820.000         13 
            -3819.000         11 
            -3818.000         15 
            -3817.000        934 
            -3816.000         55 
            -3815.000         20 
            -3814.000       1475 
            -3813.000       1374 
            -3812.000        218 
            -3811.000         17 
            -3810.000         13 
            -3809.000         10 
            -3808.000         12 
            -3807.000        900 
            -3806.000         73 
            -3805.000         15 
            -3804.000         15 
            -3803.000         19 
            -3802.000        979 
            -3801.000         24 
            -3800.000         35 
            -3799.000       2011 
            -3798.000       1024 
            -3797.000         15 
            -3796.000         14 
            -3795.000         13 
            -3794.000          7 
            -3793.000          7 
            -3792.000        597 
            -3791.000        374 
            -3790.000         20 
            -3789.000         20 
            -3788.000         20 
            -3787.000        986 
            -3786.000         24 
            -3785.000       2011 
            -3784.000         20 
            -3783.000        247 
            -3782.000        772 
            -3781.000         16 
            -3780.000          8 
            -3779.000          9 
            -3778.000          8 
            -3777.000        539 
            -3776.000        445 
            -3775.000       1015 
            -3774.000         57 
            -3773.000       1000 
            -3772.000        661 
            -3771.000       1408 
            -3770.000         25 
            -3769.000         17 
            -3768.000         19 
            -3767.000        997 
            -3766.000          9 
            -3765.000         11 
            -3764.000          7 
            -3763.000         11 
            -3762.000        758 
            -3761.000        241 
            -3760.000         37 
            -3759.000       1050 
            -3758.000       2017 
            -3757.000       1028 
            -3756.000         21 
            -3755.000         18 
            -3754.000         16 
            -3753.000         12 
            -3752.000        991 
            -3751.000         12 
            -3750.000         11 
            -3749.000          7 
            -3748.000         14 
            -3747.000        977 
            -3746.000         36 
            -3745.000       1059 
            -3744.000       1039 
            -3743.000       2016 
            -3742.000         23 
            -3741.000         21 
            -3740.000         11 
            -3739.000         13 
            -3738.000         16 
            -3737.000        848 
            -3736.000       1185 
            -3735.000         18 
            -3734.000         18 
            -3733.000         23 
            -3732.000       1780 
            -3731.000        306 
            -3730.000       1782 
            -3729.000        285 
            -3728.000       1007 
            -3727.000         40 
            -3726.000         12 
            -3725.000          7 
            -3724.000          8 
            -3723.000          9 
            -3722.000        414 
            -3721.000        643 
            -3720.000       1019 
            -3719.000        422 
            -3718.000        986 
            -3717.000        698 
            -3716.000       1943 
            -3715.000        121 
            -3714.000         19 
            -3713.000         35 
            -3712.000       1000 
            -3711.000          7 
            -3710.000          8 
            -3709.000         12 
            -3708.000         14 
            -3707.000        615 
            -3706.000        987 
            -3705.000        537 
            -3704.000       1000 
            -3703.000       1474 
            -3702.000       1539 
            -3701.000        101 
            -3700.000         18 
            -3699.000         26 
            -3698.000       1000 
            -3697.000       1033 
            -3696.000         21 
            -3695.000         21 
            -3694.000         19 
            -3693.000       1001 
            -3692.000       1064 
            -3691.000         61 
            -3690.000         45 
            -3689.000       2851 
            -3688.000       1233 
            -3687.000         40 
            -3686.000         17 
            -3685.000         13 
            -3684.000         14 
            -3683.000         22 
            -3682.000       1912 
            -3681.000        156 
            -3680.000       1038 
            -3679.000         27 
            -3678.000         31 
            -3677.000       1057 
            -3676.000       1055 
            -3675.000        143 
            -3674.000       1926 
            -3673.000       1023 
            -3672.000         16 
            -3671.000         16 
            -3670.000         14 
            -3669.000         16 
            -3668.000        147 
            -3667.000       1598 
            -3666.000       1321 
            -3665.000         75 
            -3664.000         40 
            -3663.000       1057 
            -3662.000       1058 
            -3661.000        216 
            -3660.000       2879 
            -3659.000         70 
            -3658.000        321 
            -3657.000        726 
            -3656.000         24 
            -3655.000       1036 
            -3654.000         17 
            -3653.000         21 
            -3652.000        679 
            -3651.000        429 
            -3650.000       2035 
            -3649.000         54 
            -3648.000       1064 
            -3647.000       1058 
            -3646.000       1029 
            -3645.000         46 
            -3644.000        325 
            -3643.000       1684 
            -3642.000       1169 
            -3641.000         22 
            -3640.000         12 
            -3639.000         23 
            -3638.000         24 
            -3637.000       1894 
            -3636.000        240 
            -3635.000         48 
            -3634.000       1465 
            -3633.000       1647 
            -3632.000       1019 
            -3631.000        155 
            -3630.000        971 
            -3629.000         34 
            -3628.000         45 
            -3627.000       2025 
            -3626.000         27 
            -3625.000         34 
            -3624.000       1059 
            -3623.000         35 
            -3622.000       2122 
            -3621.000         68 
            -3620.000       1055 
            -3619.000       1539 
            -3618.000       2611 
            -3617.000         48 
            -3616.000         28 
            -3615.000         12 
            -3614.000         27 
            -3613.000         28 
            -3612.000       1685 
            -3611.000       1466 
            -3610.000         23 
            -3609.000         57 
            -3608.000         41 
            -3607.000       2193 
            -3606.000       1651 
            -3605.000       2477 
            -3604.000         61 
            -3603.000       1022 
            -3602.000         31 
            -3601.000         30 
            -3600.000         21 
            -3599.000       1085 
            -3598.000         18 
            -3597.000        501 
            -3596.000        631 
            -3595.000       1885 
            -3594.000       1255 
            -3593.000        541 
            -3592.000        604 
            -3591.000       2059 
            -3590.000         59 
            -3589.000       1076 
            -3588.000         51 
            -3587.000       2069 
            -3586.000         50 
            -3585.000        674 
            -3584.000        434 
            -3583.000       1069 
            -3582.000        546 
            -3581.000       1605 
            -3580.000        181 
            -3579.000        922 
            -3578.000       2078 
            -3577.000       1114 
            -3576.000         43 
            -3575.000        727 
            -3574.000        407 
            -3573.000       1078 
            -3572.000       1196 
            -3571.000        957 
            -3570.000         42 
            -3569.000        249 
            -3568.000       1892 
            -3567.000       1039 
            -3566.000         72 
            -3565.000        863 
            -3564.000       2281 
            -3563.000       1536 
            -3562.000        726 
            -3561.000         37 
            -3560.000       1081 
            -3559.000         34 
            -3558.000         35 
            -3557.000       2058 
            -3556.000       1130 
            -3555.000         41 
            -3554.000         32 
            -3553.000         48 
            -3552.000       1288 
            -3551.000       2484 
            -3550.000        873 
            -3549.000       2883 
            -3548.000       1170 
            -3547.000       1007 
            -3546.000         50 
            -3545.000         25 
            -3544.000         51 
            -3543.000       1061 
            -3542.000        687 
            -3541.000       1442 
            -3540.000         57 
            -3539.000       1130 
            -3538.000       2057 
            -3537.000       1162 
            -3536.000       1158 
            -3535.000       2116 
            -3534.000         51 
            -3533.000        732 
            -3532.000        431 
            -3531.000       1940 
            -3530.000        194 
            -3529.000         49 
            -3528.000         46 
            -3527.000       2712 
            -3526.000        744 
            -3525.000       1937 
            -3524.000         54 
            -3523.000       1084 
            -3522.000       1129 
            -3521.000       1079 
            -3520.000         51 
            -3519.000       2051 
            -3518.000        109 
            -3517.000       1111 
            -3516.000       1708 
            -3515.000        534 
            -3514.000       1068 
            -3513.000       1048 
            -3512.000        855 
            -3511.000       1002 
            -3510.000        465 
            -3509.000       2250 
            -3508.000       1422 
            -3507.000       1567 
            -3506.000        234 
            -3505.000       1121 
            -3504.000       1140 
            -3503.000        539 
            -3502.000       1626 
            -3501.000         52 
            -3500.000       1076 
            -3499.000         39 
            -3498.000         92 
            -3497.000       2050 
            -3496.000       1138 
            -3495.000       2072 
            -3494.000       3458 
            -3493.000       2224 
            -3492.000         50 
            -3491.000         43 
            -3490.000         29 
            -3489.000         33 
            -3488.000        361 
            -3487.000       1807 
            -3486.000       1086 
            -3485.000         73 
            -3484.000       1136 
            -3483.000       2112 
            -3482.000       2234 
            -3481.000       1103 
            -3480.000       2204 
            -3479.000         64 
            -3478.000       1142 
            -3477.000       1082 
            -3476.000         70 
            -3475.000       1089 
            -3474.000       2223 
            -3473.000         66 
            -3472.000        522 
            -3471.000       2943 
            -3470.000       2037 
            -3469.000         65 
            -3468.000        772 
            -3467.000       1362 
            -3466.000       1185 
            -3465.000        476 
            -3464.000       1783 
            -3463.000       1110 
            -3462.000       1125 
            -3461.000         58 
            -3460.000       3105 
            -3459.000        238 
            -3458.000         56 
            -3457.000       2877 
            -3456.000        476 
            -3455.000        774 
            -3454.000       1567 
            -3453.000       2178 
            -3452.000       1134 
            -3451.000       1089 
            -3450.000         84 
            -3449.000       1147 
            -3448.000       2140 
            -3447.000       1137 
            -3446.000         35 
            -3445.000         65 
            -3444.000       2275 
            -3443.000       1086 
            -3442.000       1104 
            -3441.000        111 
            -3440.000       2256 
            -3439.000       4370 
            -3438.000       2228 
            -3437.000       1151 
            -3436.000         57 
            -3435.000        974 
            -3434.000        222 
            -3433.000         45 
            -3432.000       3154 
            -3431.000        121 
            -3430.000         52 
            -3429.000        248 
            -3428.000       1010 
            -3427.000       4360 
            -3426.000       1177 
            -3425.000       2838 
            -3424.000        544 
            -3423.000       2219 
            -3422.000         54 
            -3421.000        884 
            -3420.000        301 
            -3419.000       1124 
            -3418.000       1172 
            -3417.000        810 
            -3416.000       2576 
            -3415.000       2226 
            -3414.000       1199 
            -3413.000         91 
            -3412.000       1131 
            -3411.000       1710 
            -3410.000       1608 
            -3409.000         79 
            -3408.000       1971 
            -3407.000       2485 
            -3406.000       1221 
            -3405.000         71 
            -3404.000       2211 
            -3403.000       1149 
            -3402.000       1759 
            -3401.000       1641 
            -3400.000       1142 
            -3399.000         97 
            -3398.000       4288 
            -3397.000        938 
            -3396.000        429 
            -3395.000       1178 
            -3394.000       1313 
            -3393.000       1013 
            -3392.000       2158 
            -3391.000         57 
            -3390.000        183 
            -3389.000       2644 
            -3388.000       1791 
            -3387.000        965 
            -3386.000       1348 
            -3385.000        940 
            -3384.000       2758 
            -3383.000       4128 
            -3382.000        103 
            -3381.000       1148 
            -3380.000       1198 
            -3379.000       1176 
            -3378.000       1148 
            -3377.000       1134 
            -3376.000       1145 
            -3375.000         39 
            -3374.000         68 
            -3373.000       1941 
            -3372.000       2533 
            -3371.000       2471 
            -3370.000       1321 
            -3369.000       4715 
            -3368.000        749 
            -3367.000       2170 
            -3366.000        154 
            -3365.000         71 
            -3364.000        390 
            -3363.000       1999 
            -3362.000       2911 
            -3361.000        488 
            -3360.000       1265 
            -3359.000       2236 
            -3358.000       1163 
            -3357.000       1204 
            -3356.000       1474 
            -3355.000       3033 
            -3354.000         88 
            -3353.000       1193 
            -3352.000       2213 
            -3351.000       2306 
            -3350.000       1140 
            -3349.000       1193 
            -3348.000       2294 
            -3347.000       1752 
            -3346.000       1590 
            -3345.000       1298 
            -3344.000         74 
            -3343.000       1124 
            -3342.000       3476 
            -3341.000       1195 
            -3340.000       1188 
            -3339.000       2321 
            -3338.000        756 
            -3337.000       1677 
            -3336.000       1415 
            -3335.000        798 
            -3334.000        101 
            -3333.000       4299 
            -3332.000       2284 
            -3331.000       2567 
            -3330.000       1145 
            -3329.000       1228 
            -3328.000       1233 
            -3327.000       3431 
            -3326.000         98 
            -3325.000       2094 
            -3324.000       1765 
            -3323.000       1995 
            -3322.000       1131 
            -3321.000         73 
            -3320.000       1138 
            -3319.000       1129 
            -3318.000         82 
            -3317.000       3372 
            -3316.000       2996 
            -3315.000       1823 
            -3314.000       7197 
            -3313.000        819 
            -3312.000         86 
            -3311.000         56 
            -3310.000        611 
            -3309.000        657 
            -3308.000       2167 
            -3307.000       2823 
            -3306.000        741 
            -3305.000        262 
            -3304.000       1475 
            -3303.000       3203 
            -3302.000       3290 
            -3301.000        103 
            -3300.000       3411 
            -3299.000        898 
            -3298.000       1543 
            -3297.000       2096 
            -3296.000       3754 
            -3295.000       2267 
            -3294.000         81 
            -3293.000        116 
            -3292.000       4180 
            -3291.000       1602 
            -3290.000       1049 
            -3289.000       1337 
            -3288.000        155 
            -3287.000       2388 
            -3286.000       4297 
            -3285.000        280 
            -3284.000       1237 
            -3283.000       3106 
            -3282.000       2551 
            -3281.000        900 
            -3280.000        584 
            -3279.000       2311 
            -3278.000       2258 
            -3277.000       2997 
            -3276.000       2908 
            -3275.000       1231 
            -3274.000         83 
            -3273.000       2322 
            -3272.000       1209 
            -3271.000       2410 
            -3270.000       1274 
            -3269.000       4616 
            -3268.000        131 
            -3267.000       2238 
            -3266.000         82 
            -3265.000       1195 
            -3264.000       2341 
            -3263.000       1054 
            -3262.000       3251 
            -3261.000       4883 
            -3260.000       1544 
            -3259.000       3689 
            -3258.000       4455 
            -3257.000         89 
            -3256.000         80 
            -3255.000        746 
            -3254.000        566 
            -3253.000       2448 
            -3252.000       3338 
            -3251.000       1181 
            -3250.000        156 
            -3249.000       1219 
            -3248.000       3964 
            -3247.000       4213 
            -3246.000        149 
            -3245.000       1371 
            -3244.000       5222 
            -3243.000       2892 
            -3242.000       1157 
            -3241.000       2341 
            -3240.000       1772 
            -3239.000        718 
            -3238.000        212 
            -3237.000       3658 
            -3236.000       3316 
            -3235.000        119 
            -3234.000       2382 
            -3233.000        867 
            -3232.000       2523 
            -3231.000       3721 
            -3230.000       1254 
            -3229.000       2378 
            -3228.000       4847 
            -3227.000       1227 
            -3226.000       3535 
            -3225.000       2182 
            -3224.000        555 
            -3223.000       1013 
            -3222.000       2826 
            -3221.000       5407 
            -3220.000        112 
            -3219.000       1260 
            -3218.000       1295 
            -3217.000       1179 
            -3216.000       2419 
            -3215.000       4700 
            -3214.000       2069 
            -3213.000       1735 
            -3212.000       2155 
            -3211.000       2602 
            -3210.000       2433 
            -3209.000       1075 
            -3208.000       3616 
            -3207.000       2756 
            -3206.000       1024 
            -3205.000       3554 
            -3204.000       3827 
            -3203.000       2454 
            -3202.000       3340 
            -3201.000       1223 
            -3200.000        707 
            -3199.000       2923 
            -3198.000       1038 
            -3197.000       2659 
            -3196.000       1309 
            -3195.000       3502 
            -3194.000       1723 
            -3193.000       3312 
            -3192.000       4803 
            -3191.000       3699 
            -3190.000       2454 
            -3189.000       5811 
            -3188.000       1284 
            -3187.000       1284 
            -3186.000       1263 
            -3185.000       2469 
            -3184.000       2789 
            -3183.000       2520 
            -3182.000       2029 
            -3181.000       3136 
            -3180.000       3239 
            -3179.000       2232 
            -3178.000       3447 
            -3177.000       3605 
            -3176.000       1678 
            -3175.000       7056 
            -3174.000       6331 
            -3173.000       3806 
            -3172.000       2417 
            -3171.000        988 
            -3170.000       2457 
            -3169.000       1199 
            -3168.000        134 
            -3167.000       2873 
            -3166.000       4408 
            -3165.000       2331 
            -3164.000        114 
            -3163.000        261 
            -3162.000       4606 
            -3161.000       3562 
            -3160.000        550 
            -3159.000       3140 
            -3158.000       5141 
            -3157.000       2210 
            -3156.000       2097 
            -3155.000       3766 
            -3154.000       1469 
            -3153.000       1266 
            -3152.000       1305 
            -3151.000       2461 
            -3150.000       3547 
            -3149.000       2003 
            -3148.000       3691 
            -3147.000       2504 
            -3146.000       1668 
            -3145.000       3871 
            -3144.000       1094 
            -3143.000       1205 
            -3142.000       3365 
            -3141.000        549 
            -3140.000       4417 
            -3139.000       2737 
            -3138.000       2748 
            -3137.000       5473 
            -3136.000       1864 
            -3135.000       3678 
            -3134.000       4262 
            -3133.000       2784 
            -3132.000        118 
            -3131.000       2468 
            -3130.000       3268 
            -3129.000       1932 
            -3128.000       4645 
            -3127.000       2503 
            -3126.000       2592 
            -3125.000       6836 
            -3124.000       5218 
            -3123.000        508 
            -3122.000       2241 
            -3121.000       3405 
            -3120.000       3005 
            -3119.000       6553 
            -3118.000       1609 
            -3117.000        340 
            -3116.000       2065 
            -3115.000        263 
            -3114.000       1250 
            -3113.000       2470 
            -3112.000       3433 
            -3111.000       3750 
            -3110.000       2190 
            -3109.000       1472 
            -3108.000        341 
            -3107.000       3588 
            -3106.000       2526 
            -3105.000       2420 
            -3104.000       3433 
            -3103.000       4720 
            -3102.000       4208 
            -3101.000       2331 
            -3100.000       1318 
            -3099.000        127 
            -3098.000       1952 
            -3097.000       3002 
            -3096.000       3602 
            -3095.000       1344 
            -3094.000       1318 
            -3093.000       3997 
            -3092.000       3645 
            -3091.000       3032 
            -3090.000       5201 
            -3089.000        228 
            -3088.000        685 
            -3087.000       4071 
            -3086.000       1666 
            -3085.000       3666 
            -3084.000       3502 
            -3083.000       3731 
            -3082.000       2066 
            -3081.000       2499 
            -3080.000       5959 
            -3079.000        899 
            -3078.000       6064 
            -3077.000       1717 
            -3076.000       3394 
            -3075.000       2393 
            -3074.000       3830 
            -3073.000       3623 
            -3072.000       2585 
            -3071.000       2104 
            -3070.000       2813 
            -3069.000       2569 
            -3068.000       1317 
            -3067.000       5859 
            -3066.000       2628 
            -3065.000        194 
            -3064.000       6360 
            -3063.000       3421 
            -3062.000        117 
            -3061.000         99 
            -3060.000       1272 
            -3059.000       2461 
            -3058.000       3763 
            -3057.000       2477 
            -3056.000       2115 
            -3055.000       1763 
            -3054.000       3594 
            -3053.000       1509 
            -3052.000       3532 
            -3051.000       1812 
            -3050.000       3193 
            -3049.000       3622 
            -3048.000       5054 
            -3047.000       3091 
            -3046.000       3091 
            -3045.000        461 
            -3044.000       1102 
            -3043.000       1293 
            -3042.000       3250 
            -3041.000       2978 
            -3040.000       2501 
            -3039.000       1326 
            -3038.000       1732 
            -3037.000       3671 
            -3036.000       4864 
            -3035.000       6775 
            -3034.000        602 
            -3033.000       3654 
            -3032.000       2132 
            -3031.000       5350 
            -3030.000       1314 
            -3029.000       1126 
            -3028.000       2824 
            -3027.000       5573 
            -3026.000       3511 
            -3025.000       3322 
            -3024.000       6118 
            -3023.000       2765 
            -3022.000       3806 
            -3021.000       1295 
            -3020.000       1309 
            -3019.000         92 
            -3018.000       1528 
            -3017.000       4734 
            -3016.000       3349 
            -3015.000       2966 
            -3014.000       3678 
            -3013.000       2882 
            -3012.000       2133 
            -3011.000       1529 
            -3010.000       2802 
            -3009.000       3314 
            -3008.000       5112 
            -3007.000        202 
            -3006.000       1338 
            -3005.000        126 
            -3004.000       4324 
            -3003.000       1269 
            -3002.000       4451 
            -3001.000       2325 
            -3000.000       1573 
            -2999.000       2554 
            -2998.000       5003 
            -2997.000       1559 
            -2996.000       4619 
            -2995.000       3629 
            -2994.000       2183 
            -2993.000       3253 
            -2992.000       3684 
            -2991.000        368 
            -2990.000       2480 
            -2989.000       2518 
            -2988.000       1736 
            -2987.000       4276 
            -2986.000       1490 
            -2985.000       1655 
            -2984.000       2757 
            -2983.000       2788 
            -2982.000       6428 
            -2981.000       1745 
            -2980.000       6010 
            -2979.000       3552 
            -2978.000       5847 
            -2977.000       1652 
            -2976.000       3216 
            -2975.000       3143 
            -2974.000       4037 
            -2973.000       3754 
            -2972.000       1316 
            -2971.000       2989 
            -2970.000       2173 
            -2969.000       1235 
            -2968.000       6409 
            -2967.000       2576 
            -2966.000       1398 
            -2965.000       2313 
            -2964.000       1545 
            -2963.000        370 
            -2962.000       5441 
            -2961.000       2185 
            -2960.000       5995 
            -2959.000        107 
            -2958.000        142 
            -2957.000       4795 
            -2956.000       1636 
            -2955.000       3789 
            -2954.000       1485 
            -2953.000       6110 
            -2952.000       1401 
            -2951.000       1204 
            -2950.000       1252 
            -2949.000       2757 
            -2948.000       1389 
            -2947.000       1612 
            -2946.000       4427 
            -2945.000       5129 
            -2944.000       3486 
            -2943.000       3575 
            -2942.000       4857 
            -2941.000       1314 
            -2940.000        346 
            -2939.000       4955 
            -2938.000       2892 
            -2937.000        942 
            -2936.000       5155 
            -2935.000        136 
            -2934.000       3858 
            -2933.000       3787 
            -2932.000       5009 
            -2931.000        244 
            -2930.000       2315 
            -2929.000       2331 
            -2928.000       4539 
            -2927.000       2780 
            -2926.000       5233 
            -2925.000       8561 
            -2924.000       7973 
            -2923.000       2508 
            -2922.000        154 
            -2921.000         99 
            -2920.000       1382 
            -2919.000       2489 
            -2918.000       1351 
            -2917.000       3452 
            -2916.000       2101 
            -2915.000       3538 
            -2914.000       1381 
            -2913.000       3764 
            -2912.000       6524 
            -2911.000       2587 
            -2910.000        172 
            -2909.000       2447 
            -2908.000       1522 
            -2907.000       4017 
            -2906.000       4749 
            -2905.000       2153 
            -2904.000       2174 
            -2903.000       1067 
            -2902.000        743 
            -2901.000       5459 
            -2900.000       2579 
            -2899.000       1666 
            -2898.000       2905 
            -2897.000       3644 
            -2896.000       1417 
            -2895.000       3911 
            -2894.000       3752 
            -2893.000        185 
            -2892.000       3714 
            -2891.000       4078 
            -2890.000       3959 
            -2889.000       3889 
            -2888.000       1365 
            -2887.000       4677 
            -2886.000       3048 
            -2885.000       1688 
            -2884.000       7023 
            -2883.000        424 
            -2882.000       1401 
            -2881.000       1442 
            -2880.000       5522 
            -2879.000       3330 
            -2878.000       1726 
            -2877.000       5181 
            -2876.000       2527 
            -2875.000       7656 
            -2874.000       4109 
            -2873.000       2680 
            -2872.000       3793 
            -2871.000        316 
            -2870.000       6256 
            -2869.000       1408 
            -2868.000       2727 
            -2867.000       2751 
            -2866.000       2402 
            -2865.000       1412 
            -2864.000       2629 
            -2863.000        621 
            -2862.000       2992 
            -2861.000       2958 
            -2860.000       1361 
            -2859.000       2687 
            -2858.000       3909 
            -2857.000       5353 
            -2856.000       3938 
            -2855.000       3824 
            -2854.000       3873 
            -2853.000       1389 
            -2852.000       1398 
            -2851.000        832 
            -2850.000       4443 
            -2849.000       1326 
            -2848.000       1402 
            -2847.000       2046 
            -2846.000       4484 
            -2845.000       2736 
            -2844.000       3876 
            -2843.000       2323 
            -2842.000       4387 
            -2841.000       3997 
            -2840.000       1299 
            -2839.000       2409 
            -2838.000       3556 
            -2837.000       2066 
            -2836.000       6016 
            -2835.000       3076 
            -2834.000       3449 
            -2833.000       2027 
            -2832.000       3458 
            -2831.000       3325 
            -2830.000       3739 
            -2829.000       4138 
            -2828.000       2637 
            -2827.000       1354 
            -2826.000       2670 
            -2825.000       6493 
            -2824.000       7617 
            -2823.000        419 
            -2822.000       5055 
            -2821.000       2906 
            -2820.000       1387 
            -2819.000       2572 
            -2818.000       2604 
            -2817.000       3389 
            -2816.000       3206 
            -2815.000       1672 
            -2814.000       5237 
            -2813.000        733 
            -2812.000       3369 
            -2811.000       2706 
            -2810.000       2522 
            -2809.000       1565 
            -2808.000       2618 
            -2807.000       1337 
            -2806.000        455 
            -2805.000       6034 
            -2804.000       5315 
            -2803.000       1560 
            -2802.000       5122 
            -2801.000       4687 
            -2800.000       3516 
            -2799.000        609 
            -2798.000       3043 
            -2797.000       3156 
            -2796.000        141 
            -2795.000       2918 
            -2794.000       3714 
            -2793.000       1407 
            -2792.000       4413 
            -2791.000       2106 
            -2790.000       1582 
            -2789.000       4064 
            -2788.000       2905 
            -2787.000       4227 
            -2786.000       4937 
            -2785.000       3764 
            -2784.000       5487 
            -2783.000       2749 
            -2782.000       1812 
            -2781.000       2886 
            -2780.000       2512 
            -2779.000       3820 
            -2778.000       2040 
            -2777.000       4570 
            -2776.000       5785 
            -2775.000       5282 
            -2774.000       5364 
            -2773.000       2724 
            -2772.000       2726 
            -2771.000       1296 
            -2770.000       1482 
            -2769.000       1751 
            -2768.000       3735 
            -2767.000       5234 
            -2766.000       5315 
            -2765.000       1497 
            -2764.000       1329 
            -2763.000       2718 
            -2762.000       3745 
            -2761.000       1605 
            -2760.000       1475 
            -2759.000       4093 
            -2758.000       3957 
            -2757.000       1692 
            -2756.000       2485 
            -2755.000       4189 
            -2754.000       5154 
            -2753.000       1356 
            -2752.000       1681 
            -2751.000       1223 
            -2750.000       3396 
            -2749.000       2030 
            -2748.000       7902 
            -2747.000       2699 
            -2746.000       2763 
            -2745.000       3881 
            -2744.000       4235 
            -2743.000       1437 
            -2742.000       2695 
            -2741.000        101 
            -2740.000       1302 
            -2739.000       4521 
            -2738.000       3718 
            -2737.000       4920 
            -2736.000        610 
            -2735.000       1566 
            -2734.000       4369 
            -2733.000       6021 
            -2732.000       5747 
            -2731.000       5668 
            -2730.000       3393 
            -2729.000       3221 
            -2728.000       2797 
            -2727.000       2841 
            -2726.000       4134 
            -2725.000       3975 
            -2724.000       4140 
            -2723.000       3869 
            -2722.000       2524 
            -2721.000       3184 
            -2720.000       2061 
            -2719.000       3429 
            -2718.000       2737 
            -2717.000       2647 
            -2716.000       1481 
            -2715.000       4940 
            -2714.000       3044 
            -2713.000       5647 
            -2712.000       2556 
            -2711.000       1436 
            -2710.000       3582 
            -2709.000        588 
            -2708.000       1436 
            -2707.000       5667 
            -2706.000       4958 
            -2705.000       1602 
            -2704.000       2948 
            -2703.000       1396 
            -2702.000       2619 
            -2701.000       3569 
            -2700.000       4548 
            -2699.000       3106 
            -2698.000       1173 
            -2697.000       3717 
            -2696.000        447 
            -2695.000       6719 
            -2694.000       3994 
            -2693.000        646 
            -2692.000       6305 
            -2691.000        196 
            -2690.000       2339 
            -2689.000       7113 
            -2688.000       2749 
            -2687.000       1507 
            -2686.000       2718 
            -2685.000       1697 
            -2684.000       7142 
            -2683.000       2972 
            -2682.000       4620 
            -2681.000       2594 
            -2680.000       1689 
            -2679.000       4630 
            -2678.000       4225 
            -2677.000       7712 
            -2676.000       2496 
            -2675.000       5809 
            -2674.000       6022 
            -2673.000       3432 
            -2672.000        117 
            -2671.000       1447 
            -2670.000        104 
            -2669.000       4007 
            -2668.000       1494 
            -2667.000       4993 
            -2666.000       3017 
            -2665.000        732 
            -2664.000       9082 
            -2663.000       2451 
            -2662.000       2971 
            -2661.000       1657 
            -2660.000       6078 
            -2659.000       2184 
            -2658.000       4052 
            -2657.000       2716 
            -2656.000       2801 
            -2655.000       1218 
            -2654.000       3039 
            -2653.000        512 
            -2652.000       4921 
            -2651.000       4274 
            -2650.000       1259 
            -2649.000       1637 
            -2648.000       2780 
            -2647.000       2063 
            -2646.000       5856 
            -2645.000       4781 
            -2644.000       2660 
            -2643.000       5413 
            -2642.000       4062 
            -2641.000        143 
            -2640.000       4047 
            -2639.000        254 
            -2638.000       5172 
            -2637.000       9173 
            -2636.000        812 
            -2635.000       4506 
            -2634.000       3788 
            -2633.000       2737 
            -2632.000       1622 
            -2631.000       4002 
            -2630.000       2273 
            -2629.000       3576 
            -2628.000       2593 
            -2627.000       4516 
            -2626.000       3554 
            -2625.000       8649 
            -2624.000       5509 
            -2623.000       1414 
            -2622.000       2956 
            -2621.000       4270 
            -2620.000       4197 
            -2619.000       1435 
            -2618.000       1698 
            -2617.000       5074 
            -2616.000       4226 
            -2615.000       2870 
            -2614.000       1480 
            -2613.000       2803 
            -2612.000       4050 
            -2611.000       3032 
            -2610.000       3285 
            -2609.000       2492 
            -2608.000       4186 
            -2607.000       5174 
            -2606.000       1775 
            -2605.000       1685 
            -2604.000       3882 
            -2603.000       4135 
            -2602.000        132 
            -2601.000       2811 
            -2600.000        372 
            -2599.000       4154 
            -2598.000       2686 
            -2597.000       4856 
            -2596.000       6225 
            -2595.000       2653 
            -2594.000       3046 
            -2593.000       7072 
            -2592.000       3123 
            -2591.000       2559 
            -2590.000       5153 
            -2589.000       5887 
            -2588.000       1423 
            -2587.000       2959 
            -2586.000       2756 
            -2585.000       1575 
            -2584.000       1459 
            -2583.000       2865 
            -2582.000       3385 
            -2581.000       7148 
            -2580.000        851 
            -2579.000       5597 
            -2578.000       4273 
            -2577.000       2389 
            -2576.000       4407 
            -2575.000       6487 
            -2574.000       8078 
            -2573.000       1652 
            -2572.000       6742 
            -2571.000       6470 
            -2570.000       1845 
            -2569.000        256 
            -2568.000       2813 
            -2567.000       1515 
            -2566.000       5051 
            -2565.000       4758 
            -2564.000       2854 
            -2563.000        133 
            -2562.000       3807 
            -2561.000       1914 
            -2560.000       1705 
            -2559.000       2524 
            -2558.000        742 
            -2557.000       4930 
            -2556.000       3073 
            -2555.000       7929 
            -2554.000       5393 
            -2553.000       1835 
            -2552.000       4589 
            -2551.000       2673 
            -2550.000       3015 
            -2549.000       5569 
            -2548.000       2761 
            -2547.000       3204 
            -2546.000       1123 
            -2545.000       2891 
            -2544.000       1513 
            -2543.000       5934 
            -2542.000       3545 
            -2541.000       4252 
            -2540.000       1935 
            -2539.000       1650 
            -2538.000       4909 
            -2537.000       3523 
            -2536.000       4207 
            -2535.000       7235 
            -2534.000       2738 
            -2533.000       4332 
            -2532.000       3146 
            -2531.000       4041 
            -2530.000        155 
            -2529.000       2099 
            -2528.000       4972 
            -2527.000       5123 
            -2526.000      11184 
            -2525.000       5006 
            -2524.000       4394 
            -2523.000       3949 
            -2522.000       2491 
            -2521.000       3262 
            -2520.000       2722 
            -2519.000       3396 
            -2518.000       2993 
            -2517.000       4154 
            -2516.000        305 
            -2515.000       2814 
            -2514.000       4164 
            -2513.000       2919 
            -2512.000       2669 
            -2511.000        315 
            -2510.000       4574 
            -2509.000       9214 
            -2508.000       1766 
            -2507.000        344 
            -2506.000       6742 
            -2505.000       1625 
            -2504.000       7137 
            -2503.000       1322 
            -2502.000       3193 
            -2501.000       5794 
            -2500.000       4104 
            -2499.000       2663 
            -2498.000       1605 
            -2497.000       5532 
            -2496.000       1724 
            -2495.000       2902 
            -2494.000       7060 
            -2493.000       2791 
            -2492.000        247 
            -2491.000       1424 
            -2490.000       2651 
            -2489.000       3527 
            -2488.000       6612 
            -2487.000       2860 
            -2486.000       3632 
            -2485.000       6639 
            -2484.000       4162 
            -2483.000       7364 
            -2482.000       3046 
            -2481.000       5584 
            -2480.000       1631 
            -2479.000       5519 
            -2478.000       6981 
            -2477.000       3739 
            -2476.000       3212 
            -2475.000       2351 
            -2474.000       4317 
            -2473.000        908 
            -2472.000       4953 
            -2471.000       5596 
            -2470.000       2989 
            -2469.000       1581 
            -2468.000       5586 
            -2467.000       3558 
            -2466.000       2648 
            -2465.000       9384 
            -2464.000        380 
            -2463.000       5293 
            -2462.000       3211 
            -2461.000        274 
            -2460.000       4069 
            -2459.000       4466 
            -2458.000       3051 
            -2457.000       3701 
            -2456.000       3499 
            -2455.000       2995 
            -2454.000       9099 
            -2453.000        992 
            -2452.000       2882 
            -2451.000       3198 
            -2450.000       2662 
            -2449.000       1473 
            -2448.000       3185 
            -2447.000       4191 
            -2446.000       5290 
            -2445.000       4522 
            -2444.000       3802 
            -2443.000       3690 
            -2442.000       3035 
            -2441.000       5726 
            -2440.000       5666 
            -2439.000        346 
            -2438.000       7335 
            -2437.000       2822 
            -2436.000       3991 
            -2435.000        475 
            -2434.000       4448 
            -2433.000       7020 
            -2432.000       4418 
            -2431.000       8179 
            -2430.000       3966 
            -2429.000       3797 
            -2428.000       3057 
            -2427.000       2851 
            -2426.000       3935 
            -2425.000       3607 
            -2424.000       9948 
            -2423.000       4993 
            -2422.000       1029 
            -2421.000       1606 
            -2420.000       3021 
            -2419.000       6655 
            -2418.000       1909 
            -2417.000       3586 
            -2416.000       5216 
            -2415.000       6319 
            -2414.000       8459 
            -2413.000       2842 
            -2412.000       4235 
            -2411.000        182 
            -2410.000       2582 
            -2409.000       6373 
            -2408.000       4174 
            -2407.000       1882 
            -2406.000       4193 
            -2405.000       1311 
            -2404.000       2989 
            -2403.000       2457 
            -2402.000       5951 
            -2401.000       3230 
            -2400.000       1830 
            -2399.000       4150 
            -2398.000       8469 
            -2397.000       6076 
            -2396.000       1633 
            -2395.000       7176 
            -2394.000       7273 
            -2393.000       1898 
            -2392.000       5339 
            -2391.000       6502 
            -2390.000       3825 
            -2389.000        535 
            -2388.000       5423 
            -2387.000       4335 
            -2386.000       3402 
            -2385.000       5747 
            -2384.000       9184 
            -2383.000       2399 
            -2382.000       2019 
            -2381.000       4022 
            -2380.000       3985 
            -2379.000        715 
            -2378.000       5827 
            -2377.000       9036 
            -2376.000       5322 
            -2375.000      10053 
            -2374.000       5010 
            -2373.000       1641 
            -2372.000       4423 
            -2371.000       1913 
            -2370.000       7514 
            -2369.000       4551 
            -2368.000       5344 
            -2367.000       4322 
            -2366.000       1424 
            -2365.000       4342 
            -2364.000       4405 
            -2363.000       2936 
            -2362.000       4103 
            -2361.000        746 
            -2360.000       9844 
            -2359.000       5791 
            -2358.000       3054 
            -2357.000       2823 
            -2356.000       1875 
            -2355.000       6235 
            -2354.000       1533 
            -2353.000       5219 
            -2352.000       1734 
            -2351.000       5812 
            -2350.000       1540 
            -2349.000       3191 
            -2348.000       5926 
            -2347.000       7234 
            -2346.000       5709 
            -2345.000       1699 
            -2344.000       3108 
            -2343.000       9518 
            -2342.000       8244 
            -2341.000       1285 
            -2340.000       1565 
            -2339.000       4461 
            -2338.000       2898 
            -2337.000       4210 
            -2336.000       4704 
            -2335.000       2989 
            -2334.000       7402 
            -2333.000       1420 
            -2332.000       5085 
            -2331.000       4045 
            -2330.000       7427 
            -2329.000       3104 
            -2328.000       5923 
            -2327.000       3914 
            -2326.000      10343 
            -2325.000       4903 
            -2324.000       7566 
            -2323.000        530 
            -2322.000       7754 
            -2321.000       3970 
            -2320.000       2753 
            -2319.000       1699 
            -2318.000       2826 
            -2317.000       4398 
            -2316.000       3049 
            -2315.000       4457 
            -2314.000       3333 
            -2313.000       3046 
            -2312.000       6607 
            -2311.000       4772 
            -2310.000       2638 
            -2309.000       4740 
            -2308.000       3152 
            -2307.000       7334 
            -2306.000       1669 
            -2305.000       5313 
            -2304.000       3991 
            -2303.000       6968 
            -2302.000       4515 
            -2301.000       2997 
            -2300.000       1610 
            -2299.000       3106 
            -2298.000       4522 
            -2297.000       5679 
            -2296.000       2988 
            -2295.000       1706 
            -2294.000       3066 
            -2293.000       3201 
            -2292.000       6845 
            -2291.000       3410 
            -2290.000       4310 
            -2289.000       3368 
            -2288.000       9078 
            -2287.000       3027 
            -2286.000       8121 
            -2285.000       6202 
            -2284.000       1725 
            -2283.000       4624 
            -2282.000       4472 
            -2281.000       1541 
            -2280.000       7385 
            -2279.000        265 
            -2278.000       5970 
            -2277.000       7517 
            -2276.000       4505 
            -2275.000       1888 
            -2274.000      11373 
            -2273.000       8970 
            -2272.000       1627 
            -2271.000       3400 
            -2270.000       1551 
            -2269.000        154 
            -2268.000       3062 
            -2267.000       4067 
            -2266.000       4697 
            -2265.000       6360 
            -2264.000       2735 
            -2263.000       3416 
            -2262.000       6626 
            -2261.000       5570 
            -2260.000       2792 
            -2259.000       6584 
            -2258.000       3240 
            -2257.000       3198 
            -2256.000       6025 
            -2255.000       1671 
            -2254.000       3096 
            -2253.000       5943 
            -2252.000       5983 
            -2251.000        184 
            -2250.000       2036 
            -2249.000       5449 
            -2248.000       4581 
            -2247.000       1638 
            -2246.000       6768 
            -2245.000       1282 
            -2244.000       5271 
            -2243.000       3999 
            -2242.000       2218 
            -2241.000       2740 
            -2240.000       6116 
            -2239.000       6351 
            -2238.000       2252 
            -2237.000      11850 
            -2236.000       3499 
            -2235.000       8208 
            -2234.000       4005 
            -2233.000       1784 
            -2232.000       6337 
            -2231.000        863 
            -2230.000       3863 
            -2229.000       2117 
            -2228.000       5950 
            -2227.000       5601 
            -2226.000       4494 
            -2225.000       3333 
            -2224.000       6038 
            -2223.000       4472 
            -2222.000       4679 
            -2221.000       1812 
            -2220.000       2917 
            -2219.000       3005 
            -2218.000      14067 
            -2217.000       2941 
            -2216.000       1337 
            -2215.000       5888 
            -2214.000       1647 
            -2213.000       9453 
            -2212.000       2318 
            -2211.000       1894 
            -2210.000       5862 
            -2209.000       1662 
            -2208.000       3230 
            -2207.000       3939 
            -2206.000       2159 
            -2205.000       1666 
            -2204.000       7556 
            -2203.000       3173 
            -2202.000       4448 
            -2201.000       3191 
            -2200.000       7570 
            -2199.000        203 
            -2198.000       3093 
            -2197.000       4692 
            -2196.000       4562 
            -2195.000       2997 
            -2194.000       3079 
            -2193.000       7639 
            -2192.000       3227 
            -2191.000       4803 
            -2190.000       8884 
            -2189.000       3067 
            -2188.000       3141 
            -2187.000       4359 
            -2186.000       3340 
            -2185.000       7861 
            -2184.000       4397 
            -2183.000       1618 
            -2182.000       4789 
            -2181.000       1653 
            -2180.000       3174 
            -2179.000       6230 
            -2178.000       4410 
            -2177.000       4792 
            -2176.000       6107 
            -2175.000       4698 
            -2174.000      10742 
            -2173.000       1613 
            -2172.000       1681 
            -2171.000       2904 
            -2170.000       3336 
            -2169.000       8954 
            -2168.000       3115 
            -2167.000       2432 
            -2166.000       4227 
            -2165.000       3829 
            -2164.000       8224 
            -2163.000       7750 
            -2162.000       4372 
            -2161.000       1761 
            -2160.000        139 
            -2159.000       3070 
            -2158.000       1609 
            -2157.000        423 
            -2156.000       3647 
            -2155.000       2321 
            -2154.000      11469 
            -2153.000        663 
            -2152.000       2938 
            -2151.000       7734 
            -2150.000       1405 
            -2149.000       4911 
            -2148.000       6360 
            -2147.000       4711 
            -2146.000       4932 
            -2145.000       4687 
            -2144.000       4308 
            -2143.000       2750 
            -2142.000       3502 
            -2141.000        183 
            -2140.000       7482 
            -2139.000        206 
            -2138.000       5451 
            -2137.000       6898 
            -2136.000       5994 
            -2135.000       4075 
            -2134.000       2404 
            -2133.000        231 
            -2132.000       6294 
            -2131.000       2298 
            -2130.000       8423 
            -2129.000       6543 
            -2128.000       4368 
            -2127.000       4707 
            -2126.000       1796 
            -2125.000      10759 
            -2124.000       4745 
            -2123.000       4554 
            -2122.000       4607 
            -2121.000       1764 
            -2120.000       4328 
            -2119.000       3377 
            -2118.000       3193 
            -2117.000       1669 
            -2116.000       3775 
            -2115.000       7696 
            -2114.000       3932 
            -2113.000       1649 
            -2112.000       7252 
            -2111.000       3549 
            -2110.000       1680 
            -2109.000       1846 
            -2108.000       2899 
            -2107.000       6330 
            -2106.000       3764 
            -2105.000       7611 
            -2104.000       2452 
            -2103.000       3196 
            -2102.000       1702 
            -2101.000       6027 
            -2100.000        219 
            -2099.000       4254 
            -2098.000       6937 
            -2097.000       2874 
            -2096.000       1987 
            -2095.000       6113 
            -2094.000       9177 
            -2093.000       1756 
            -2092.000       1613 
            -2091.000       4107 
            -2090.000       5188 
            -2089.000        613 
            -2088.000       6779 
            -2087.000       3393 
            -2086.000       4750 
            -2085.000       3280 
            -2084.000       3170 
            -2083.000       1113 
            -2082.000       9014 
            -2081.000       4365 
            -2080.000       6484 
            -2079.000       9386 
            -2078.000       2650 
            -2077.000       3402 
            -2076.000       6271 
            -2075.000       2007 
            -2074.000      10828 
            -2073.000       1351 
            -2072.000       1653 
            -2071.000       3023 
            -2070.000       1147 
            -2069.000       3676 
            -2068.000       4702 
            -2067.000       6292 
            -2066.000       1588 
            -2065.000       4867 
            -2064.000       2059 
            -2063.000       5432 
            -2062.000       6322 
            -2061.000       3825 
            -2060.000       3285 
            -2059.000       6897 
            -2058.000        686 
            -2057.000       4644 
            -2056.000       4667 
            -2055.000       7623 
            -2054.000        274 
            -2053.000       2297 
            -2052.000       7039 
            -2051.000       3357 
            -2050.000        185 
            -2049.000       3146 
            -2048.000       4685 
            -2047.000        198 
            -2046.000       3096 
            -2045.000        268 
            -2044.000       9164 
            -2043.000       5054 
            -2042.000       5835 
            -2041.000       5163 
            -2040.000       2415 
            -2039.000       3964 
            -2038.000       8895 
            -2037.000       1907 
            -2036.000       1753 
            -2035.000       9397 
            -2034.000       3224 
            -2033.000       6237 
            -2032.000        702 
            -2031.000       2824 
            -2030.000       4651 
            -2029.000       3216 
            -2028.000       2309 
            -2027.000       9754 
            -2026.000       2487 
            -2025.000       4934 
            -2024.000       9273 
            -2023.000       3303 
            -2022.000       2975 
            -2021.000       3499 
            -2020.000       1677 
            -2019.000       3130 
            -2018.000       5262 
            -2017.000       2647 
            -2016.000       5035 
            -2015.000       1829 
            -2014.000       2949 
            -2013.000       6161 
            -2012.000      10469 
            -2011.000       3755 
            -2010.000       3306 
            -2009.000        174 
            -2008.000        170 
            -2007.000       6795 
            -2006.000       6736 
            -2005.000       4812 
            -2004.000       3519 
            -2003.000       1940 
            -2002.000       1846 
            -2001.000        115 
            -2000.000       1661 
            -1999.000       4359 
            -1998.000       3315 
            -1997.000       5254 
            -1996.000       6255 
            -1995.000       6432 
            -1994.000       4742 
            -1993.000       1675 
            -1992.000        482 
            -1991.000       6776 
            -1990.000       4903 
            -1989.000       2621 
            -1988.000       9210 
            -1987.000       7831 
            -1986.000       2296 
            -1985.000       3441 
            -1984.000       2337 
            -1983.000       5953 
            -1982.000       2733 
            -1981.000       3168 
            -1980.000       2086 
            -1979.000       7663 
            -1978.000        186 
            -1977.000       4808 
            -1976.000       1761 
            -1975.000       2226 
            -1974.000       9703 
            -1973.000       5803 
            -1972.000       6617 
            -1971.000       2876 
            -1970.000       6440 
            -1969.000       3679 
            -1968.000       4968 
            -1967.000       4630 
            -1966.000        923 
            -1965.000       4014 
            -1964.000       4176 
            -1963.000       5274 
            -1962.000       4822 
            -1961.000        245 
            -1960.000        129 
            -1959.000        205 
            -1958.000       9377 
            -1957.000       5072 
            -1956.000       4621 
            -1955.000        223 
            -1954.000       5113 
            -1953.000       3190 
            -1952.000       3147 
            -1951.000       3912 
            -1950.000       2863 
            -1949.000       4611 
            -1948.000       4736 
            -1947.000       3327 
            -1946.000        565 
            -1945.000       9520 
            -1944.000       3223 
            -1943.000       2999 
            -1942.000       3372 
            -1941.000       5954 
            -1940.000       3757 
            -1939.000       6270 
            -1938.000       1821 
            -1937.000       3334 
            -1936.000       6251 
            -1935.000       1886 
            -1934.000       4796 
            -1933.000       3297 
            -1932.000       3363 
            -1931.000       7957 
            -1930.000       1750 
            -1929.000       1777 
            -1928.000       3225 
            -1927.000       5139 
            -1926.000       4869 
            -1925.000       4002 
            -1924.000      12619 
            -1923.000       3153 
            -1922.000       3059 
            -1921.000       3675 
            -1920.000       2685 
            -1919.000       4368 
            -1918.000       1977 
            -1917.000       4749 
            -1916.000       6771 
            -1915.000        522 
            -1914.000       6061 
            -1913.000       3550 
            -1912.000       3059 
            -1911.000        304 
            -1910.000       4826 
            -1909.000       4863 
            -1908.000       1636 
            -1907.000       2225 
            -1906.000       4289 
            -1905.000       3306 
            -1904.000       3357 
            -1903.000       2427 
            -1902.000       5782 
            -1901.000       5475 
            -1900.000      10236 
            -1899.000       3864 
            -1898.000        176 
            -1897.000       1673 
            -1896.000       3056 
            -1895.000       7203 
            -1894.000       2647 
            -1893.000       3175 
            -1892.000       2063 
            -1891.000       1467 
            -1890.000       1722 
            -1889.000       3363 
            -1888.000       6286 
            -1887.000       3483 
            -1886.000       6525 
            -1885.000       6612 
            -1884.000       2140 
            -1883.000       7832 
            -1882.000       6341 
            -1881.000       1959 
            -1880.000       1684 
            -1879.000       3368 
            -1878.000       2010 
            -1877.000       7874 
            -1876.000       3466 
            -1875.000       9991 
            -1874.000       4677 
            -1873.000       1687 
            -1872.000       3531 
            -1871.000       1636 
            -1870.000       4761 
            -1869.000       4827 
            -1868.000       1771 
            -1867.000        187 
            -1866.000       3321 
            -1865.000       6449 
            -1864.000       3465 
            -1863.000       4783 
            -1862.000       6437 
            -1861.000       4873 
            -1860.000       1801 
            -1859.000       1763 
            -1858.000       4961 
            -1857.000       1841 
            -1856.000       6156 
            -1855.000       5095 
            -1854.000       3285 
            -1853.000       1983 
            -1852.000        156 
            -1851.000       2575 
            -1850.000       7104 
            -1849.000       2885 
            -1848.000        728 
            -1847.000       8145 
            -1846.000       4298 
            -1845.000       4112 
            -1844.000       2129 
            -1843.000       2956 
            -1842.000        141 
            -1841.000       3527 
            -1840.000       4976 
            -1839.000       4648 
            -1838.000       6548 
            -1837.000       1916 
            -1836.000       7892 
            -1835.000        326 
            -1834.000       4556 
            -1833.000       5071 
            -1832.000       6335 
            -1831.000       3927 
            -1830.000       2196 
            -1829.000       9545 
            -1828.000        808 
            -1827.000       4396 
            -1826.000       3838 
            -1825.000       4971 
            -1824.000       6006 
            -1823.000        227 
            -1822.000       3332 
            -1821.000       3331 
            -1820.000       3046 
            -1819.000       3625 
            -1818.000        140 
            -1817.000       4249 
            -1816.000      10548 
            -1815.000       1904 
            -1814.000       3622 
            -1813.000       6336 
            -1812.000       6502 
            -1811.000       4877 
            -1810.000       3306 
            -1809.000        402 
            -1808.000       1096 
            -1807.000       4002 
            -1806.000       4264 
            -1805.000       5666 
            -1804.000        163 
            -1803.000        318 
            -1802.000       3280 
            -1801.000       4772 
            -1800.000       4876 
            -1799.000       3445 
            -1798.000       3635 
            -1797.000       1777 
            -1796.000        161 
            -1795.000       5057 
            -1794.000       5149 
            -1793.000       6544 
            -1792.000       2617 
            -1791.000       5853 
            -1790.000       6670 
            -1789.000       1914 
            -1788.000       8113 
            -1787.000       3294 
            -1786.000        316 
            -1785.000       5026 
            -1784.000       3684 
            -1783.000       5490 
            -1782.000       3005 
            -1781.000       1468 
            -1780.000        226 
            -1779.000       4798 
            -1778.000       4564 
            -1777.000       2806 
            -1776.000      11400 
            -1775.000       3663 
            -1774.000       8316 
            -1773.000       3238 
            -1772.000       1937 
            -1771.000       1797 
            -1770.000       3296 
            -1769.000        112 
            -1768.000       3386 
            -1767.000       4917 
            -1766.000       9728 
            -1765.000       1460 
            -1764.000       2260 
            -1763.000       5222 
            -1762.000       6519 
            -1761.000       1895 
            -1760.000       3585 
            -1759.000        972 
            -1758.000       7378 
            -1757.000       3340 
            -1756.000        164 
            -1755.000        124 
            -1754.000       3374 
            -1753.000        188 
            -1752.000       8163 
            -1751.000       6508 
            -1750.000        311 
            -1749.000       1831 
            -1748.000       1820 
            -1747.000       6774 
            -1746.000       1771 
            -1745.000       4669 
            -1744.000       7921 
            -1743.000       3036 
            -1742.000       4720 
            -1741.000       3402 
            -1740.000       3409 
            -1739.000       3402 
            -1738.000       3411 
            -1737.000       6514 
            -1736.000       3367 
            -1735.000       2244 
            -1734.000       4054 
            -1733.000       4128 
            -1732.000       1674 
            -1731.000        286 
            -1730.000       2856 
            -1729.000       4249 
            -1728.000       9504 
            -1727.000       3836 
            -1726.000       3494 
            -1725.000       4044 
            -1724.000      11192 
            -1723.000       1584 
            -1722.000       3943 
            -1721.000       3913 
            -1720.000       2828 
            -1719.000       4367 
            -1718.000       4315 
            -1717.000       1594 
            -1716.000       1885 
            -1715.000       6509 
            -1714.000        146 
            -1713.000       4980 
            -1712.000       1640 
            -1711.000       3081 
            -1710.000        443 
            -1709.000       3591 
            -1708.000       7962 
            -1707.000       1702 
            -1706.000       1211 
            -1705.000       6182 
            -1704.000       5176 
            -1703.000       6638 
            -1702.000        545 
            -1701.000       3012 
            -1700.000       1731 
            -1699.000       3261 
            -1698.000       3754 
            -1697.000       1716 
            -1696.000       3624 
            -1695.000       6857 
            -1694.000       1465 
            -1693.000       3444 
            -1692.000       1870 
            -1691.000       8274 
            -1690.000       1851 
            -1689.000       2928 
            -1688.000       5300 
            -1687.000       6963 
            -1686.000        194 
            -1685.000        747 
            -1684.000       4443 
            -1683.000       1862 
            -1682.000      10113 
            -1681.000        207 
            -1680.000       5006 
            -1679.000       1935 
            -1678.000       6954 
            -1677.000       3315 
            -1676.000       7866 
            -1675.000       4690 
            -1674.000       4660 
            -1673.000        172 
            -1672.000       2698 
            -1671.000       9159 
            -1670.000       2632 
            -1669.000       1404 
            -1668.000       1384 
            -1667.000       3977 
            -1666.000       2861 
            -1665.000       1765 
            -1664.000       5129 
            -1663.000       5114 
            -1662.000       3330 
            -1661.000       1475 
            -1660.000       1249 
            -1659.000       7510 
            -1658.000        297 
            -1657.000       2116 
            -1656.000       3203 
            -1655.000       4477 
            -1654.000       9013 
            -1653.000       1935 
            -1652.000       7497 
            -1651.000       1158 
            -1650.000        175 
            -1649.000       3415 
            -1648.000       3535 
            -1647.000       1761 
            -1646.000       3410 
            -1645.000       3339 
            -1644.000       1804 
            -1643.000       2368 
            -1642.000       2956 
            -1641.000       4833 
            -1640.000       2308 
            -1639.000       3289 
            -1638.000       5076 
            -1637.000       6749 
            -1636.000       2523 
            -1635.000       8172 
            -1634.000       4927 
            -1633.000       2645 
            -1632.000       6272 
            -1631.000       1760 
            -1630.000       3439 
            -1629.000        161 
            -1628.000       1838 
            -1627.000       6954 
            -1626.000       3363 
            -1625.000       5835 
            -1624.000       6145 
            -1623.000        257 
            -1622.000       3546 
            -1621.000       4871 
            -1620.000       1115 
            -1619.000       2751 
            -1618.000       3483 
            -1617.000       5261 
            -1616.000       5124 
            -1615.000       3535 
            -1614.000       1849 
            -1613.000       4081 
            -1612.000       4312 
            -1611.000        247 
            -1610.000       6837 
            -1609.000       3569 
            -1608.000       5201 
            -1607.000        145 
            -1606.000       5138 
            -1605.000       3548 
            -1604.000       2835 
            -1603.000        890 
            -1602.000       1647 
            -1601.000       1834 
            -1600.000       6877 
            -1599.000       1827 
            -1598.000        165 
            -1597.000       2854 
            -1596.000       7575 
            -1595.000       1882 
            -1594.000       6806 
            -1593.000       1539 
            -1592.000       5829 
            -1591.000       1560 
            -1590.000        584 
            -1589.000       1428 
            -1588.000       6860 
            -1587.000       8364 
            -1586.000       2025 
            -1585.000       3773 
            -1584.000       4499 
            -1583.000       2789 
            -1582.000       5884 
            -1581.000       4311 
            -1580.000       3582 
            -1579.000       1883 
            -1578.000       4841 
            -1577.000       1693 
            -1576.000       4086 
            -1575.000       2572 
            -1574.000       4561 
            -1573.000       1289 
            -1572.000       2436 
            -1571.000       5927 
            -1570.000       6109 
            -1569.000       1881 
            -1568.000       1797 
            -1567.000       6048 
            -1566.000       6240 
            -1565.000       1893 
            -1564.000       6970 
            -1563.000       1819 
            -1562.000       1785 
            -1561.000       5190 
            -1560.000       3551 
            -1559.000       1797 
            -1558.000        145 
            -1557.000       3421 
            -1556.000       3414 
            -1555.000       1874 
            -1554.000        147 
            -1553.000       6245 
            -1552.000       2456 
            -1551.000       1839 
            -1550.000       3511 
            -1549.000       3459 
            -1548.000       1810 
            -1547.000       2930 
            -1546.000       9318 
            -1545.000       3613 
            -1544.000       3275 
            -1543.000        740 
            -1542.000       7756 
            -1541.000       1022 
            -1540.000       3303 
            -1539.000       1957 
            -1538.000       4278 
            -1537.000       4319 
            -1536.000       4760 
            -1535.000       4059 
            -1534.000       1858 
            -1533.000       3317 
            -1532.000        301 
            -1531.000       3267 
            -1530.000       4204 
            -1529.000       3275 
            -1528.000       8631 
            -1527.000       1804 
            -1526.000       2093 
            -1525.000       5015 
            -1524.000       9016 
            -1523.000       1902 
            -1522.000       6296 
            -1521.000       2484 
            -1520.000       2843 
            -1519.000        802 
            -1518.000       3543 
            -1517.000       1707 
            -1516.000       2230 
            -1515.000       4430 
            -1514.000       1032 
            -1513.000       6038 
            -1512.000       9024 
            -1511.000       2414 
            -1510.000       1421 
            -1509.000       1759 
            -1508.000         95 
            -1507.000       3477 
            -1506.000       1797 
            -1505.000       1845 
            -1504.000       4168 
            -1503.000       2940 
            -1502.000       5271 
            -1501.000       1847 
            -1500.000        133 
            -1499.000        486 
            -1498.000       6516 
            -1497.000      12261 
            -1496.000       1930 
            -1495.000        221 
            -1494.000       3904 
            -1493.000       4877 
            -1492.000       3492 
            -1491.000        143 
            -1490.000       1707 
            -1489.000       3799 
            -1488.000       1591 
            -1487.000       5167 
            -1486.000       3566 
            -1485.000       6094 
            -1484.000       1119 
            -1483.000       5427 
            -1482.000       1735 
            -1481.000        740 
            -1480.000       5882 
            -1479.000       2478 
            -1478.000       5335 
            -1477.000       3136 
            -1476.000       4358 
            -1475.000       9218 
            -1474.000       6427 
            -1473.000       1885 
            -1472.000       4553 
            -1471.000        861 
            -1470.000        525 
            -1469.000       4808 
            -1468.000         96 
            -1467.000       2000 
            -1466.000       4130 
            -1465.000       2756 
            -1464.000       1067 
            -1463.000       5606 
            -1462.000       2121 
            -1461.000        473 
            -1460.000       4153 
            -1459.000       7880 
            -1458.000       4054 
            -1457.000       2763 
            -1456.000        605 
            -1455.000       5313 
            -1454.000       3540 
            -1453.000       5152 
            -1452.000        210 
            -1451.000        108 
            -1450.000       3510 
            -1449.000        628 
            -1448.000       7349 
            -1447.000       2731 
            -1446.000       1858 
            -1445.000       1837 
            -1444.000       1751 
            -1443.000        238 
            -1442.000      10512 
            -1441.000       1892 
            -1440.000       3506 
            -1439.000       1276 
            -1438.000       5911 
            -1437.000       1842 
            -1436.000       7002 
            -1435.000       1451 
            -1434.000       2347 
            -1433.000       3585 
            -1432.000       3588 
            -1431.000       3249 
            -1430.000       2272 
            -1429.000       5746 
            -1428.000       3893 
            -1427.000       4582 
            -1426.000       2403 
            -1425.000       5531 
            -1424.000       6535 
            -1423.000       1939 
            -1422.000       3477 
            -1421.000       1872 
            -1420.000       1769 
            -1419.000        251 
            -1418.000       1762 
            -1417.000       4974 
            -1416.000       2161 
            -1415.000       2048 
            -1414.000       4591 
            -1413.000       5677 
            -1412.000       5457 
            -1411.000       1946 
            -1410.000        166 
            -1409.000       6952 
            -1408.000       3630 
            -1407.000        157 
            -1406.000        132 
            -1405.000       5093 
            -1404.000       5507 
            -1403.000       2414 
            -1402.000       3937 
            -1401.000       1094 
            -1400.000       3573 
            -1399.000       1884 
            -1398.000        963 
            -1397.000        956 
            -1396.000       1862 
            -1395.000       3779 
            -1394.000       3423 
            -1393.000       3222 
            -1392.000       3924 
            -1391.000        289 
            -1390.000       3935 
            -1389.000       6224 
            -1388.000       4258 
            -1387.000      10586 
            -1386.000       3936 
            -1385.000       1731 
            -1384.000       3113 
            -1383.000       2290 
            -1382.000        197 
            -1381.000       1856 
            -1380.000       4439 
            -1379.000       4001 
            -1378.000        671 
            -1377.000       3642 
            -1376.000       1291 
            -1375.000       7133 
            -1374.000       2609 
            -1373.000       7129 
            -1372.000       2110 
            -1371.000       3911 
            -1370.000       1471 
            -1369.000       5053 
            -1368.000        462 
            -1367.000       1938 
            -1366.000       3559 
            -1365.000       2690 
            -1364.000       8892 
            -1363.000       2705 
            -1362.000       3579 
            -1361.000        324 
            -1360.000       3466 
            -1359.000         94 
            -1358.000       3379 
            -1357.000        376 
            -1356.000       1944 
            -1355.000      10452 
            -1354.000        136 
            -1353.000        110 
            -1352.000       3352 
            -1351.000       2139 
            -1350.000       1867 
            -1349.000        132 
            -1348.000       7109 
            -1347.000       4798 
            -1346.000        747 
            -1345.000       1878 
            -1344.000       3681 
            -1343.000       3671 
            -1342.000       1827 
            -1341.000       5363 
            -1340.000       3573 
            -1339.000       4930 
            -1338.000        598 
            -1337.000       7073 
            -1336.000       1956 
            -1335.000        580 
            -1334.000       6802 
            -1333.000        132 
            -1332.000       3094 
            -1331.000       7527 
            -1330.000        300 
            -1329.000       1872 
            -1328.000        172 
            -1327.000       7139 
            -1326.000        768 
            -1325.000       5562 
            -1324.000       6525 
            -1323.000       3450 
            -1322.000       1987 
            -1321.000        210 
            -1320.000       1829 
            -1319.000       2198 
            -1318.000       7195 
            -1317.000       6957 
            -1316.000       4857 
            -1315.000        697 
            -1314.000       3465 
            -1313.000       1949 
            -1312.000       3565 
            -1311.000        110 
            -1310.000         74 
            -1309.000        305 
            -1308.000       2023 
            -1307.000       3151 
            -1306.000       5354 
            -1305.000       3227 
            -1304.000        551 
            -1303.000       3508 
            -1302.000       2056 
            -1301.000       5429 
            -1300.000       5420 
            -1299.000        297 
            -1298.000       3707 
            -1297.000       3440 
            -1296.000       3643 
            -1295.000        121 
            -1294.000       1873 
            -1293.000       1434 
            -1292.000       8487 
            -1291.000       4487 
            -1290.000        155 
            -1289.000       3551 
            -1288.000       1919 
            -1287.000       1833 
            -1286.000       1913 
            -1285.000       1993 
            -1284.000       7006 
            -1283.000        168 
            -1282.000        816 
            -1281.000       8321 
            -1280.000       1964 
            -1279.000       4212 
            -1278.000       3167 
            -1277.000       3729 
            -1276.000       2888 
            -1275.000       6984 
            -1274.000       7532 
            -1273.000        921 
            -1272.000        110 
            -1271.000       1874 
            -1270.000       1703 
            -1269.000        254 
            -1268.000       7045 
            -1267.000       3547 
            -1266.000        249 
            -1265.000       1880 
            -1264.000       3649 
            -1263.000       3689 
            -1262.000       7110 
            -1261.000        213 
            -1260.000       1849 
            -1259.000        100 
            -1258.000       1870 
            -1257.000       5356 
            -1256.000        127 
            -1255.000       1967 
            -1254.000       3641 
            -1253.000       3658 
            -1252.000       5454 
            -1251.000       1853 
            -1250.000        104 
            -1249.000       3632 
            -1248.000       1933 
            -1247.000       5408 
            -1246.000       2007 
            -1245.000       1996 
            -1244.000       5334 
            -1243.000       1919 
            -1242.000       3490 
            -1241.000         72 
            -1240.000         78 
            -1239.000       1846 
            -1238.000       1870 
            -1237.000       7147 
            -1236.000       3809 
            -1235.000       5461 
            -1234.000        221 
            -1233.000       1914 
            -1232.000       6997 
            -1231.000        337 
            -1230.000       3743 
            -1229.000       8879 
            -1228.000       1922 
            -1227.000       2073 
            -1226.000       1684 
            -1225.000       3607 
            -1224.000       7561 
            -1223.000        126 
            -1222.000       2180 
            -1221.000       2501 
            -1220.000       1563 
            -1219.000       1316 
            -1218.000       3592 
            -1217.000        128 
            -1216.000       2103 
            -1215.000       5266 
            -1214.000       3705 
            -1213.000       1875 
            -1212.000       3634 
            -1211.000       1894 
            -1210.000       3706 
            -1209.000       3552 
            -1208.000       1927 
            -1207.000       4946 
            -1206.000       6137 
            -1205.000        143 
            -1204.000       1904 
            -1203.000       1865 
            -1202.000         75 
            -1201.000       1847 
            -1200.000        113 
            -1199.000       1800 
            -1198.000       3717 
            -1197.000       3671 
            -1196.000       1958 
            -1195.000       1927 
            -1194.000       1635 
            -1193.000       8475 
            -1192.000       2795 
            -1191.000        159 
            -1190.000       3687 
            -1189.000       7242 
            -1188.000        142 
            -1187.000       1876 
            -1186.000       1886 
            -1185.000       3717 
            -1184.000       3717 
            -1183.000       1895 
            -1182.000       5535 
            -1181.000       2393 
            -1180.000       1747 
            -1179.000       3456 
            -1178.000       1978 
            -1177.000       3734 
            -1176.000       3667 
            -1175.000       6474 
            -1174.000       3987 
            -1173.000       2636 
            -1172.000         99 
            -1171.000         88 
            -1170.000        153 
            -1169.000       3646 
            -1168.000       5369 
            -1167.000       4795 
            -1166.000        932 
            -1165.000        547 
            -1164.000       5292 
            -1163.000       3485 
            -1162.000       3637 
            -1161.000        150 
            -1160.000       5174 
            -1159.000       2895 
            -1158.000       3066 
            -1157.000       2084 
            -1156.000       1671 
            -1155.000        112 
            -1154.000       3693 
            -1153.000         66 
            -1152.000       1087 
            -1151.000       1449 
            -1150.000       5001 
            -1149.000       3592 
            -1148.000         89 
            -1147.000       1673 
            -1146.000        344 
            -1145.000       5468 
            -1144.000       2201 
            -1143.000       5269 
            -1142.000       3657 
            -1141.000        242 
            -1140.000       7044 
            -1139.000       3959 
            -1138.000        198 
            -1137.000       5481 
            -1136.000       1893 
            -1135.000        233 
            -1134.000       7783 
            -1133.000       1506 
            -1132.000       1759 
            -1131.000         70 
            -1130.000       1686 
            -1129.000        286 
            -1128.000        570 
            -1127.000       3343 
            -1126.000       9103 
            -1125.000       5351 
            -1124.000       3353 
            -1123.000       1426 
            -1122.000       5105 
            -1121.000       1901 
            -1120.000       3699 
            -1119.000       1842 
            -1118.000       2317 
            -1117.000       3299 
            -1116.000         74 
            -1115.000         87 
            -1114.000       4326 
            -1113.000       1315 
            -1112.000       7212 
            -1111.000        150 
            -1110.000       2941 
            -1109.000       1112 
            -1108.000       1583 
            -1107.000       1867 
            -1106.000       2959 
            -1105.000       2692 
            -1104.000       3724 
            -1103.000        129 
            -1102.000       1853 
            -1101.000       1569 
            -1100.000       4016 
            -1099.000       1901 
            -1098.000        118 
            -1097.000       4036 
            -1096.000       1729 
            -1095.000       9077 
            -1094.000       3677 
            -1093.000        150 
            -1092.000         89 
            -1091.000         82 
            -1090.000       1894 
            -1089.000       5511 
            -1088.000       1969 
            -1087.000       1935 
            -1086.000       7375 
            -1085.000       2778 
            -1084.000       1005 
            -1083.000       1918 
            -1082.000       3284 
            -1081.000        611 
            -1080.000       1931 
            -1079.000       1871 
            -1078.000       6518 
            -1077.000       1034 
            -1076.000       3736 
            -1075.000       3552 
            -1074.000       4850 
            -1073.000       3109 
            -1072.000       3594 
            -1071.000       1615 
            -1070.000        846 
            -1069.000       7023 
            -1068.000       1849 
            -1067.000       2017 
            -1066.000         71 
            -1065.000         77 
            -1064.000       4980 
            -1063.000        731 
            -1062.000       3415 
            -1061.000       1694 
            -1060.000        231 
            -1059.000         80 
            -1058.000       1833 
            -1057.000       5116 
            -1056.000       2549 
            -1055.000       3666 
            -1054.000        110 
            -1053.000       1955 
            -1052.000       3776 
            -1051.000       7414 
            -1050.000       1935 
            -1049.000        132 
            -1048.000       3681 
            -1047.000         66 
            -1046.000       1865 
            -1045.000       1629 
            -1044.000       3966 
            -1043.000         96 
            -1042.000       1690 
            -1041.000       2085 
            -1040.000        154 
            -1039.000       7178 
            -1038.000        346 
            -1037.000       3713 
            -1036.000       5311 
            -1035.000       2222 
            -1034.000        157 
            -1033.000       5620 
            -1032.000       1927 
            -1031.000       1950 
            -1030.000       3768 
            -1029.000        191 
            -1028.000       5468 
            -1027.000       2003 
            -1026.000       5573 
            -1025.000       1920 
            -1024.000       5636 
            -1023.000       1989 
            -1022.000       1928 
            -1021.000         75 
            -1020.000         69 
            -1019.000       3407 
            -1018.000        400 
            -1017.000       1903 
            -1016.000       2030 
            -1015.000       5553 
            -1014.000       1879 
            -1013.000       1970 
            -1012.000       7291 
            -1011.000        123 
            -1010.000        117 
            -1009.000       5466 
            -1008.000        177 
            -1007.000         78 
            -1006.000       3291 
            -1005.000        689 
            -1004.000       1728 
            -1003.000       2363 
            -1002.000       5226 
            -1001.000       1767 
            -1000.000       2109 
             -999.000       1971 
             -998.000       3097 
             -997.000       2564 
             -996.000        104 
             -995.000        428 
             -994.000       3359 
             -993.000        967 
             -992.000       2910 
             -991.000       1882 
             -990.000        218 
             -989.000       3609 
             -988.000       1663 
             -987.000       7764 
             -986.000       1437 
             -985.000       2540 
             -984.000       6977 
             -983.000       2463 
             -982.000        156 
             -981.000       3242 
             -980.000       2536 
             -979.000        108 
             -978.000       1998 
             -977.000       3760 
             -976.000       3894 
             -975.000       3705 
             -974.000       3816 
             -973.000        107 
             -972.000       1205 
             -971.000        807 
             -970.000       3473 
             -969.000        357 
             -968.000       3529 
             -967.000        539 
             -966.000       5382 
             -965.000        923 
             -964.000       3050 
             -963.000       3208 
             -962.000       6116 
             -961.000       2307 
             -960.000       1578 
             -959.000         76 
             -958.000         96 
             -957.000       3611 
             -956.000       2057 
             -955.000        105 
             -954.000       3774 
             -953.000       1868 
             -952.000       1897 
             -951.000         47 
             -950.000         57 
             -949.000         73 
             -948.000       3781 
             -947.000       1935 
             -946.000       2472 
             -945.000       7011 
             -944.000       1953 
             -943.000       1995 
             -942.000       1963 
             -941.000        102 
             -940.000       3631 
             -939.000       3836 
             -938.000       3799 
             -937.000       3749 
             -936.000        108 
             -935.000         96 
             -934.000       3797 
             -933.000       1898 
             -932.000       1969 
             -931.000       1976 
             -930.000        120 
             -929.000        162 
             -928.000      12003 
             -927.000       1176 
             -926.000       2015 
             -925.000       3829 
             -924.000       1975 
             -923.000         65 
             -922.000        237 
             -921.000       3519 
             -920.000       3799 
             -919.000       1893 
             -918.000        163 
             -917.000       3394 
             -916.000       2330 
             -915.000       6094 
             -914.000       1465 
             -913.000       1272 
             -912.000       2588 
             -911.000       1624 
             -910.000       4092 
             -909.000         73 
             -908.000         63 
             -907.000         46 
             -906.000       1805 
             -905.000        231 
             -904.000       5212 
             -903.000        390 
             -902.000       2194 
             -901.000       1698 
             -900.000       2399 
             -899.000       1451 
             -898.000        304 
             -897.000       3573 
             -896.000        155 
             -895.000       3742 
             -894.000       7476 
             -893.000        128 
             -892.000       1959 
             -891.000        346 
             -890.000       5265 
             -889.000       3934 
             -888.000        118 
             -887.000       3765 
             -886.000         88 
             -885.000       1916 
             -884.000       1933 
             -883.000         70 
             -882.000         89 
             -881.000       4673 
             -880.000       1033 
             -879.000       2046 
             -878.000       3648 
             -877.000       2154 
             -876.000       5680 
             -875.000       2039 
             -874.000       5673 
             -873.000       3634 
             -872.000       2255 
             -871.000       2925 
             -870.000        895 
             -869.000         48 
             -868.000         48 
             -867.000         66 
             -866.000       2416 
             -865.000       5057 
             -864.000       1972 
             -863.000         88 
             -862.000       3766 
             -861.000         73 
             -860.000         68 
             -859.000       1954 
             -858.000       1993 
             -857.000       5568 
             -856.000        183 
             -855.000       4956 
             -854.000        725 
             -853.000         77 
             -852.000         69 
             -851.000       3760 
             -850.000       1942 
             -849.000       1904 
             -848.000        101 
             -847.000       1334 
             -846.000       4433 
             -845.000       2019 
             -844.000       3781 
             -843.000        108 
             -842.000       1876 
             -841.000         80 
             -840.000       5623 
             -839.000       1943 
             -838.000         93 
             -837.000       1903 
             -836.000        296 
             -835.000       5164 
             -834.000        467 
             -833.000       3831 
             -832.000       3537 
             -831.000        397 
             -830.000       1914 
             -829.000       3480 
             -828.000       2324 
             -827.000        395 
             -826.000       5132 
             -825.000       4161 
             -824.000       2118 
             -823.000       1851 
             -822.000        121 
             -821.000       5675 
             -820.000         71 
             -819.000         83 
             -818.000       1939 
             -817.000       3802 
             -816.000         74 
             -815.000       1875 
             -814.000       1918 
             -813.000         52 
             -812.000       1863 
             -811.000         80 
             -810.000       4630 
             -809.000       1180 
             -808.000        112 
             -807.000       3789 
             -806.000       3818 
             -805.000       2035 
             -804.000       2270 
             -803.000       5146 
             -802.000        327 
             -801.000         41 
             -800.000         47 
             -799.000       1905 
             -798.000         84 
             -797.000        264 
             -796.000       3610 
             -795.000         81 
             -794.000       3785 
             -793.000         67 
             -792.000       1775 
             -791.000       2157 
             -790.000       3838 
             -789.000        873 
             -788.000       1252 
             -787.000       3875 
             -786.000       7596 
             -785.000        117 
             -784.000         81 
             -783.000        111 
             -782.000       5732 
             -781.000       1905 
             -780.000         98 
             -779.000       3866 
             -778.000        169 
             -777.000       3903 
             -776.000       1882 
             -775.000       1999 
             -774.000       3840 
             -773.000         81 
             -772.000       1903 
             -771.000        135 
             -770.000       3850 
             -769.000       2358 
             -768.000       1549 
             -767.000         67 
             -766.000         86 
             -765.000       5679 
             -764.000        100 
             -763.000       1945 
             -762.000       5725 
             -761.000        118 
             -760.000       2384 
             -759.000       1464 
             -758.000         57 
             -757.000       1898 
             -756.000         75 
             -755.000       1742 
             -754.000       3998 
             -753.000       2002 
             -752.000         67 
             -751.000        110 
             -750.000       1878 
             -749.000         70 
             -748.000       3842 
             -747.000       1944 
             -746.000       1924 
             -745.000        972 
             -744.000       1011 
             -743.000       1962 
             -742.000       1984 
             -741.000        120 
             -740.000       2412 
             -739.000       3093 
             -738.000        334 
             -737.000       7610 
             -736.000        128 
             -735.000       2157 
             -734.000       1844 
             -733.000       7341 
             -732.000        377 
             -731.000         70 
             -730.000         79 
             -729.000       1940 
             -728.000         44 
             -727.000       1885 
             -726.000        168 
             -725.000       1991 
             -724.000       3888 
             -723.000       2364 
             -722.000       6033 
             -721.000       1291 
             -720.000         77 
             -719.000         71 
             -718.000         78 
             -717.000       2011 
             -716.000       4850 
             -715.000       5526 
             -714.000       1086 
             -713.000         84 
             -712.000       1896 
             -711.000         46 
             -710.000         89 
             -709.000       2193 
             -708.000       1615 
             -707.000       3659 
             -706.000        225 
             -705.000         51 
             -704.000       1910 
             -703.000         40 
             -702.000         45 
             -701.000         48 
             -700.000       1470 
             -699.000       4175 
             -698.000       5879 
             -697.000        142 
             -696.000       1956 
             -695.000         73 
             -694.000        148 
             -693.000       4180 
             -692.000       3457 
             -691.000       1561 
             -690.000        438 
             -689.000         53 
             -688.000       1978 
             -687.000       3787 
             -686.000         77 
             -685.000        107 
             -684.000       3853 
             -683.000       2145 
             -682.000       1761 
             -681.000         91 
             -680.000       3588 
             -679.000       2242 
             -678.000        100 
             -677.000       3880 
             -676.000        134 
             -675.000       5747 
             -674.000       2019 
             -673.000       1953 
             -672.000         78 
             -671.000        599 
             -670.000       3285 
             -669.000         56 
             -668.000       1629 
             -667.000       2214 
             -666.000       3874 
             -665.000       1963 
             -664.000         84 
             -663.000         79 
             -662.000       3799 
             -661.000         80 
             -660.000       1898 
             -659.000       1917 
             -658.000         30 
             -657.000         39 
             -656.000         48 
             -655.000        200 
             -654.000       2143 
             -653.000       1577 
             -652.000       3362 
             -651.000       2459 
             -650.000         96 
             -649.000       3568 
             -648.000       2228 
             -647.000        120 
             -646.000       1910 
             -645.000       3862 
             -644.000         99 
             -643.000         54 
             -642.000       1955 
             -641.000       1914 
             -640.000         54 
             -639.000       1945 
             -638.000         78 
             -637.000       3858 
             -636.000       1945 
             -635.000         85 
             -634.000       3823 
             -633.000         58 
             -632.000         72 
             -631.000       1957 
             -630.000       1973 
             -629.000        112 
             -628.000       3885 
             -627.000       5772 
             -626.000        159 
             -625.000       3907 
             -624.000       3874 
             -623.000       1999 
             -622.000         55 
             -621.000       1951 
             -620.000         27 
             -619.000         17 
             -618.000         10 
             -617.000         34 
             -616.000       1907 
             -615.000         61 
             -614.000       1922 
             -613.000         97 
             -612.000       7630 
             -611.000         90 
             -610.000       1980 
             -609.000       1930 
             -608.000         56 
             -607.000         71 
             -606.000       1930 
             -605.000       1947 
             -604.000       1990 
             -603.000       1932 
             -602.000         55 
             -601.000         27 
             -600.000       1875 
             -599.000        133 
             -598.000       1503 
             -597.000       2798 
             -596.000       1601 
             -595.000        308 
             -594.000       1669 
             -593.000         57 
             -592.000        100 
             -591.000       3784 
             -590.000       1978 
             -589.000         82 
             -588.000       1958 
             -587.000       1963 
             -586.000       1993 
             -585.000       3854 
             -584.000         84 
             -583.000         91 
             -582.000       3759 
             -581.000       3510 
             -580.000        542 
             -579.000         62 
             -578.000        208 
             -577.000       1844 
             -576.000        125 
             -575.000       7688 
             -574.000       3875 
             -573.000         83 
             -572.000         60 
             -571.000         22 
             -570.000         26 
             -569.000         23 
             -568.000       1551 
             -567.000       1138 
             -566.000       1485 
             -565.000       1823 
             -564.000       3782 
             -563.000         73 
             -562.000       1929 
             -561.000         49 
             -560.000         63 
             -559.000       3771 
             -558.000       1787 
             -557.000       2178 
             -556.000       2035 
             -555.000         62 
             -554.000       1939 
             -553.000         36 
             -552.000         22 
             -551.000       1942 
             -550.000         33 
             -549.000       1504 
             -548.000        468 
             -547.000         12 
             -546.000         31 
             -545.000         44 
             -544.000       1940 
             -543.000         77 
             -542.000       7549 
             -541.000       1592 
             -540.000        641 
             -539.000        103 
             -538.000       1987 
             -537.000       3865 
             -536.000       3857 
             -535.000         65 
             -534.000         40 
             -533.000         48 
             -532.000         39 
             -531.000       1966 
             -530.000       1954 
             -529.000         56 
             -528.000       1929 
             -527.000       2318 
             -526.000       1774 
             -525.000       1934 
             -524.000       3868 
             -523.000         50 
             -522.000         48 
             -521.000       1377 
             -520.000        782 
             -519.000       1786 
             -518.000         72 
             -517.000       3833 
             -516.000       1955 
             -515.000         64 
             -514.000        103 
             -513.000       1902 
             -512.000       3828 
             -511.000         61 
             -510.000       1895 
             -509.000        111 
             -508.000         19 
             -507.000         16 
             -506.000         35 
             -505.000       1927 
             -504.000       1307 
             -503.000        723 
             -502.000       1945 
             -501.000       1978 
             -500.000         33 
             -499.000       1199 
             -498.000        767 
             -497.000         30 
             -496.000         51 
             -495.000       1934 
             -494.000       1919 
             -493.000       2061 
             -492.000       1944 
             -491.000       1926 
             -490.000         60 
             -489.000         58 
             -488.000         89 
             -487.000       5771 
             -486.000       3888 
             -485.000         80 
             -484.000         58 
             -483.000         39 
             -482.000       1941 
             -481.000         34 
             -480.000         27 
             -479.000         49 
             -478.000       3866 
             -477.000         57 
             -476.000        751 
             -475.000       1320 
             -474.000       5803 
             -473.000         75 
             -472.000       1459 
             -471.000        595 
             -470.000       1950 
             -469.000       1936 
             -468.000       2849 
             -467.000       1101 
             -466.000         39 
             -465.000         29 
             -464.000       1252 
             -463.000        729 
             -462.000       1915 
             -461.000         30 
             -460.000         24 
             -459.000         23 
             -458.000         25 
             -457.000       1926 
             -456.000         40 
             -455.000         75 
             -454.000       5778 
             -453.000         55 
             -452.000         45 
             -451.000         45 
             -450.000       1948 
             -449.000         45 
             -448.000         65 
             -447.000       3826 
             -446.000       1926 
             -445.000         99 
             -444.000         62 
             -443.000       3871 
             -442.000         37 
             -441.000         30 
             -440.000         30 
             -439.000       1796 
             -438.000        196 
             -437.000       1933 
             -436.000         53 
             -435.000        147 
             -434.000       1872 
             -433.000       3871 
             -432.000         59 
             -431.000         78 
             -430.000       3868 
             -429.000       1441 
             -428.000        587 
             -427.000         53 
             -426.000       3647 
             -425.000        353 
             -424.000       3855 
             -423.000         62 
             -422.000         44 
             -421.000         36 
             -420.000         27 
             -419.000         70 
             -418.000       3849 
             -417.000       1967 
             -416.000         69 
             -415.000       1952 
             -414.000         32 
             -413.000         43 
             -412.000       1893 
             -411.000         23 
             -410.000         22 
             -409.000         23 
             -408.000       1896 
             -407.000        103 
             -406.000       1971 
             -405.000       1718 
             -404.000        272 
             -403.000         56 
             -402.000       2329 
             -401.000       1607 
             -400.000         46 
             -399.000        322 
             -398.000       1680 
             -397.000       1948 
             -396.000         32 
             -395.000         28 
             -394.000       1929 
             -393.000         71 
             -392.000         23 
             -391.000       1046 
             -390.000        930 
             -389.000         40 
             -388.000        104 
             -387.000       3834 
             -386.000         48 
             -385.000         58 
             -384.000       3875 
             -383.000        559 
             -382.000       1506 
             -381.000         62 
             -380.000         72 
             -379.000       5799 
             -378.000         60 
             -377.000         58 
             -376.000       1968 
             -375.000         72 
             -374.000       3911 
             -373.000         36 
             -372.000         26 
             -371.000         26 
             -370.000         26 
             -369.000       1953 
             -368.000         21 
             -367.000         10 
             -366.000         25 
             -365.000         32 
             -364.000       1954 
             -363.000        356 
             -362.000       5571 
             -361.000         53 
             -360.000         47 
             -359.000       1969 
             -358.000         46 
             -357.000       1930 
             -356.000         19 
             -355.000         15 
             -354.000         13 
             -353.000         20 
             -352.000       1955 
             -351.000         16 
             -350.000         13 
             -349.000         23 
             -348.000         26 
             -347.000       1272 
             -346.000        720 
             -345.000       3860 
             -344.000         93 
             -343.000       1990 
             -342.000         21 
             -341.000         17 
             -340.000         14 
             -339.000         19 
             -338.000        428 
             -337.000       1576 
             -336.000       4612 
             -335.000       1301 
             -334.000         53 
             -333.000         48 
             -332.000       1972 
             -331.000         36 
             -330.000       1968 
             -329.000         27 
             -328.000         35 
             -327.000         41 
             -326.000       3916 
             -325.000         53 
             -324.000       1985 
             -323.000         26 
             -322.000         23 
             -321.000        215 
             -320.000       1790 
             -319.000        344 
             -318.000       1641 
             -317.000         24 
             -316.000         18 
             -315.000        999 
             -314.000        994 
             -313.000       1847 
             -312.000       2099 
             -311.000         36 
             -310.000         28 
             -309.000       1041 
             -308.000        932 
             -307.000        725 
             -306.000       1272 
             -305.000         13 
             -304.000          8 
             -303.000         11 
             -302.000          1 
             -301.000          3 
             -300.000          2 
             -299.000         10 
             -298.000         23 
             -297.000         51 
             -296.000       3899 
             -295.000         55 
             -294.000       1950 
             -293.000         36 
             -292.000       1969 
             -291.000         43 
             -290.000       1981 
             -289.000         59 
             -288.000       3074 
             -287.000        874 
             -286.000         18 
             -285.000         24 
             -284.000         13 
             -283.000         12 
             -282.000         23 
             -281.000       1952 
             -280.000         32 
             -279.000         24 
             -278.000         34 
             -277.000       2739 
             -276.000       1240 
             -275.000        120 
             -274.000       3854 
             -273.000         76 
             -272.000       1971 
             -271.000         24 
             -270.000         14 
             -269.000         14 
             -268.000        213 
             -267.000       1769 
             -266.000         24 
             -265.000         15 
             -264.000         23 
             -263.000       3796 
             -262.000        127 
             -261.000         37 
             -260.000         18 
             -259.000         12 
             -258.000          7 
             -257.000         13 
             -256.000        790 
             -255.000       1192 
             -254.000         22 
             -253.000         12 
             -252.000         11 
             -251.000       1442 
             -250.000        530 
             -249.000         48 
             -248.000       1978 
             -247.000         32 
             -246.000       1370 
             -245.000        617 
             -244.000         16 
             -243.000         12 
             -242.000         11 
             -241.000        321 
             -240.000       1665 
             -239.000         48 
             -238.000       3923 
             -237.000         49 
             -236.000         29 
             -235.000         28 
             -234.000         10 
             -233.000        942 
             -232.000       1035 
             -231.000         14 
             -230.000         22 
             -229.000         20 
             -228.000         13 
             -227.000       1979 
             -226.000         42 
             -225.000        385 
             -224.000       5593 
             -223.000         58 
             -222.000       1506 
             -221.000        503 
             -220.000         22 
             -219.000          5 
             -218.000          4 
             -217.000          4 
             -216.000          3 
             -215.000          9 
             -214.000         13 
             -213.000       1944 
             -212.000         18 
             -211.000         20 
             -210.000         13 
             -209.000         13 
             -208.000         17 
             -207.000       1956 
             -206.000         19 
             -205.000         31 
             -204.000       1994 
             -203.000         21 
             -202.000         37 
             -201.000       1987 
             -200.000         14 
             -199.000          9 
             -198.000          9 
             -197.000         14 
             -196.000         14 
             -195.000       1816 
             -194.000        148 
             -193.000         19 
             -192.000          5 
             -191.000          6 
             -190.000         15 
             -189.000         22 
             -188.000       1988 
             -187.000         34 
             -186.000         42 
             -185.000       3926 
             -184.000         31 
             -183.000         31 
             -182.000         12 
             -181.000         20 
             -180.000         26 
             -179.000         47 
             -178.000       3944 
             -177.000         39 
             -176.000         34 
             -175.000        606 
             -174.000       1378 
             -173.000         16 
             -172.000         12 
             -171.000          4 
             -170.000          4 
             -169.000         13 
             -168.000         21 
             -167.000       1970 
             -166.000         14 
             -165.000         25 
             -164.000        324 
             -163.000       1685 
             -162.000         11 
             -161.000         14 
             -160.000          4 
             -159.000          3 
             -158.000         11 
             -157.000          9 
             -156.000       1820 
             -155.000        184 
             -154.000         16 
             -153.000         19 
             -152.000       1641 
             -151.000        343 
             -150.000         16 
             -149.000          8 
             -148.000          2 
             -146.000          1 
             -143.000          3 
             -142.000          8 
             -141.000         12 
             -140.000         28 
             -139.000       3942 
             -138.000         50 
             -137.000         30 
             -136.000         24 
             -135.000         18 
             -134.000       1986 
             -133.000         15 
             -132.000         11 
             -131.000         16 
             -130.000       1010 
             -129.000        987 
             -128.000         13 
             -127.000         19 
             -126.000         24 
             -125.000       1726 
             -124.000        264 
             -123.000          8 
             -122.000          9 
             -121.000          6 
             -118.000          6 
             -117.000         10 
             -116.000         21 
             -115.000         46 
             -114.000       3952 
             -113.000         23 
             -112.000         14 
             -111.000          6 
             -110.000          2 
             -102.000          1 
             -101.000          2 
             -100.000          6 
              -99.000          6 
              -98.000         15 
              -97.000       1791 
              -96.000        205 
              -95.000         11 
              -94.000          5 
              -93.000          4 
              -92.000          5 
              -91.000         19 
              -90.000       1990 
              -89.000         12 
              -88.000          9 
              -87.000         10 
              -86.000          5 
              -85.000          7 
              -84.000         12 
              -83.000       1997 
              -82.000          7 
              -81.000         12 
              -80.000          9 
              -79.000          4 
              -78.000         10 
              -77.000         16 
              -76.000         15 
              -75.000       1976 
              -74.000         11 
              -73.000          5 
              -72.000          9 
              -71.000          1 
              -70.000          2 
              -69.000          2 
              -68.000          7 
              -67.000         58 
              -66.000       1964 
              -65.000          9 
              -64.000          7 
              -63.000          1 
              -48.000          1 
              -47.000          4 
              -46.000          4 
              -45.000         17 
              -44.000       2014 
              -43.000          5 
              -42.000          6 
              -41.000          2 
              -40.000          1 
              -39.000          1 
              -31.000          1 
              -30.000          1 
              -29.000          4 
              -28.000         10 
              -27.000       2017 
              -26.000         10 
              -25.000          3 
              -24.000          3 
              -23.000          2 
               24.000          1 
               25.000          2 
               26.000          1 
               27.000          4 
               28.000       2012 
               29.000          3 
               30.000          3 
               31.000          2 
               32.000          1 
               43.000          2 
               44.000          6 
               45.000       2009 
               46.000          7 
               47.000          5 
               48.000          4 
               52.000          1 
               64.000          1 
               65.000          3 
               66.000          6 
               67.000       1958 
               68.000         46 
               69.000          7 
               70.000          2 
               71.000          6 
               72.000          2 
               73.000          3 
               74.000         10 
               75.000         15 
               76.000       1953 
               77.000         12 
               78.000         13 
               79.000         10 
               80.000          8 
               81.000          4 
               82.000         12 
               83.000         13 
               84.000       1966 
               85.000          5 
               86.000         16 
               87.000          6 
               88.000          2 
               89.000          3 
               90.000         12 
               91.000       1985 
               92.000         11 
               93.000          6 
               94.000         10 
               95.000          5 
               96.000         15 
               97.000        170 
               98.000       1796 
               99.000         13 
              100.000         14 
              101.000          2 
              102.000          3 
              104.000          1 
              108.000          1 
              111.000          1 
              112.000          7 
              113.000          7 
              114.000         23 
              115.000       3910 
              116.000         47 
              117.000         28 
              118.000         13 
              119.000          3 
              120.000          2 
              121.000          2 
              122.000          3 
              123.000          5 
              124.000          6 
              125.000        253 
              126.000       1722 
              127.000         15 
              128.000         15 
              129.000         14 
              130.000        876 
              131.000       1101 
              132.000         15 
              133.000         24 
              134.000         14 
              135.000       1950 
              136.000         21 
              137.000         23 
              138.000         17 
              139.000         55 
              140.000       3913 
              141.000         21 
              142.000         14 
              143.000          8 
              144.000          3 
              145.000          1 
              148.000          2 
              149.000          4 
              150.000          6 
              151.000          9 
              152.000        295 
              153.000       1668 
              154.000         23 
              155.000         16 
              156.000        171 
              157.000       1804 
              158.000         19 
              159.000          4 
              160.000          6 
              161.000          2 
              162.000          6 
              163.000          6 
              164.000       1678 
              165.000        326 
              166.000         18 
              167.000         14 
              168.000       1948 
              169.000         17 
              170.000         16 
              171.000          6 
              172.000          6 
              173.000          8 
              174.000          6 
              175.000       1327 
              176.000        648 
              177.000         33 
              178.000         46 
              179.000       3906 
              180.000         42 
              181.000         25 
              182.000         19 
              183.000         16 
              184.000         17 
              185.000         28 
              186.000       3887 
              187.000         37 
              188.000         35 
              189.000       1979 
              190.000         19 
              191.000         11 
              192.000         15 
              193.000          4 
              194.000          7 
              195.000        115 
              196.000       1836 
              197.000         23 
              198.000         12 
              199.000          6 
              200.000         14 
              201.000         25 
              202.000       1959 
              203.000         29 
              204.000         28 
              205.000       1974 
              206.000         14 
              207.000         27 
              208.000       1933 
              209.000         18 
              210.000         19 
              211.000         11 
              212.000          5 
              213.000         12 
              214.000       1945 
              215.000         12 
              216.000         10 
              217.000          5 
              218.000          1 
              219.000          8 
              220.000          7 
              221.000          8 
              222.000        427 
              223.000       1555 
              224.000         56 
              225.000       5452 
              226.000        424 
              227.000         50 
              228.000       1913 
              229.000         34 
              230.000         20 
              231.000         19 
              232.000         16 
              233.000        889 
              234.000       1025 
              235.000         22 
              236.000         16 
              237.000         22 
              238.000         35 
              239.000       3897 
              240.000         50 
              241.000       1571 
              242.000        370 
              243.000         24 
              244.000         11 
              245.000         20 
              246.000        592 
              247.000       1374 
              248.000         26 
              249.000       1953 
              250.000         36 
              251.000        464 
              252.000       1454 
              253.000         23 
              254.000         15 
              255.000         24 
              256.000       1101 
              257.000        847 
              258.000         23 
              259.000          9 
              260.000          6 
              261.000         13 
              262.000         15 
              263.000        103 
              264.000       3766 
              265.000         33 
              266.000         23 
              267.000         26 
              268.000       1702 
              269.000        256 
              270.000         13 
              271.000         11 
              272.000         26 
              273.000       1948 
              274.000         67 
              275.000       3799 
              276.000         95 
              277.000       1034 
              278.000       2846 
              279.000         40 
              280.000         36 
              281.000         29 
              282.000       1903 
              283.000         16 
              284.000         11 
              285.000         19 
              286.000         16 
              287.000         24 
              288.000        791 
              289.000       3094 
              290.000         44 
              291.000       1948 
              292.000         56 
              293.000       1920 
              294.000         34 
              295.000       1936 
              296.000         53 
              297.000       3847 
              298.000         46 
              299.000         20 
              300.000         18 
              301.000          3 
              302.000          1 
              303.000          5 
              304.000          2 
              305.000          6 
              306.000         18 
              307.000       1098 
              308.000        834 
              309.000        896 
              310.000       1023 
              311.000         34 
              312.000         32 
              313.000       2012 
              314.000       1913 
              315.000        884 
              316.000       1060 
              317.000         30 
              318.000         34 
              319.000       1504 
              320.000        424 
              321.000       1748 
              322.000        238 
              323.000         31 
              324.000         29 
              325.000       1907 
              326.000         65 
              327.000       3795 
              328.000         49 
              329.000         52 
              330.000         39 
              331.000       1915 
              332.000         46 
              333.000       1911 
              334.000         49 
              335.000         56 
              336.000       1150 
              337.000       4648 
              338.000       1575 
              339.000        440 
              340.000         16 
              341.000         18 
              342.000         20 
              343.000         29 
              344.000       1915 
              345.000         91 
              346.000       3794 
              347.000        675 
              348.000       1284 
              349.000         17 
              350.000         22 
              351.000         22 
              352.000         15 
              353.000       1890 
              354.000         19 
              355.000         21 
              356.000         19 
              357.000         29 
              358.000       1899 
              359.000         57 
              360.000       1940 
              361.000         38 
              362.000         49 
              363.000       5430 
              364.000        382 
              365.000       1902 
              366.000         44 
              367.000         27 
              368.000         19 
              369.000         11 
              370.000       1928 
              371.000         36 
              372.000         17 
              373.000         26 
              374.000         29 
              375.000       3777 
              376.000         70 
              377.000       1933 
              378.000         72 
              379.000         84 
              380.000       5657 
              381.000         79 
              382.000         68 
              383.000       1446 
              384.000        586 
              385.000       3769 
              386.000         69 
              387.000         64 
              388.000       3761 
              389.000        110 
              390.000         29 
              391.000        833 
              392.000       1094 
              393.000         28 
              394.000         66 
              395.000       1916 
              396.000         35 
              397.000         37 
              398.000       1885 
              399.000       1563 
              400.000        398 
              401.000         52 
              402.000       1411 
              403.000       2446 
              404.000         42 
              405.000        234 
              406.000       1721 
              407.000       1947 
              408.000         84 
              409.000       1863 
              410.000         35 
              411.000         23 
              412.000         14 
              413.000       1900 
              414.000         31 
              415.000         32 
              416.000       1900 
              417.000         56 
              418.000       1918 
              419.000       3780 
              420.000         93 
              421.000         32 
              422.000         23 
              423.000         31 
              424.000         50 
              425.000       3774 
              426.000        253 
              427.000       3608 
              428.000         66 
              429.000        502 
              430.000       1455 
              431.000       3796 
              432.000         74 
              433.000         64 
              434.000       3762 
              435.000       1813 
              436.000        168 
              437.000         43 
              438.000       1922 
              439.000        140 
              440.000       1773 
              441.000         28 
              442.000         31 
              443.000         40 
              444.000       3794 
              445.000         56 
              446.000         92 
              447.000       1882 
              448.000       3773 
              449.000         53 
              450.000         52 
              451.000       1899 
              452.000         30 
              453.000         35 
              454.000         59 
              455.000       5659 
              456.000         54 
              457.000         61 
              458.000       1867 
              459.000         28 
              460.000         30 
              461.000         10 
              462.000         26 
              463.000       1908 
              464.000        676 
              465.000       1235 
              466.000         35 
              467.000         37 
              468.000       1042 
              469.000       2843 
              470.000       1892 
              471.000       1925 
              472.000        557 
              473.000       1424 
              474.000         84 
              475.000       5616 
              476.000       1127 
              477.000        865 
              478.000         65 
              479.000       3785 
              480.000         45 
              481.000         25 
              482.000         40 
              483.000       1871 
              484.000         28 
              485.000         47 
              486.000         70 
              487.000       3793 
              488.000       5637 
              489.000         67 
              490.000         64 
              491.000         70 
              492.000       1888 
              493.000       1938 
              494.000       1815 
              495.000       2039 
              496.000       1889 
              497.000         56 
              498.000         33 
              499.000        657 
              500.000       1221 
              501.000         40 
              502.000       1899 
              503.000       1918 
              504.000        655 
              505.000       1330 
              506.000       1902 
              507.000         24 
              508.000         25 
              509.000         23 
              510.000         89 
              511.000       1824 
              512.000         43 
              513.000       3763 
              514.000       1841 
              515.000         96 
              516.000         71 
              517.000       1915 
              518.000       3800 
              519.000         67 
              520.000       1689 
              521.000        732 
              522.000       1403 
              523.000         48 
              524.000         53 
              525.000       3760 
              526.000       1801 
              527.000       1651 
              528.000       2370 
              529.000       1881 
              530.000         54 
              531.000       1887 
              532.000       1884 
              533.000         35 
              534.000         31 
              535.000         43 
              536.000         53 
              537.000       3753 
              538.000       3809 
              539.000       1911 
              540.000        103 
              541.000        577 
              542.000       1578 
              543.000       7367 
              544.000         87 
              545.000       1909 
              546.000         25 
              547.000         26 
              548.000         14 
              549.000        383 
              550.000       1518 
              551.000         42 
              552.000       1901 
              553.000         29 
              554.000         35 
              555.000       1866 
              556.000         60 
              557.000       1887 
              558.000       2116 
              559.000       1756 
              560.000       3704 
              561.000         41 
              562.000         62 
              563.000       1927 
              564.000         57 
              565.000       3710 
              566.000       1744 
              567.000       1504 
              568.000       1045 
              569.000       1541 
              570.000         19 
              571.000         23 
              572.000         19 
              573.000         44 
              574.000         58 
              575.000       3738 
              576.000       7470 
              577.000        144 
              578.000       1729 
              579.000        267 
              580.000         54 
              581.000        464 
              582.000       3476 
              583.000       3637 
              584.000         63 
              585.000         77 
              586.000       3749 
              587.000       1916 
              588.000       1944 
              589.000       1939 
              590.000         55 
              591.000       1898 
              592.000       3718 
              593.000        100 
              594.000         64 
              595.000       1595 
              596.000        309 
              597.000       1348 
              598.000       2853 
              599.000       1483 
              600.000        139 
              601.000       1845 
              602.000         35 
              603.000         46 
              604.000       1888 
              605.000       1887 
              606.000       1918 
              607.000       1900 
              608.000         47 
              609.000         52 
              610.000       1852 
              611.000       1884 
              612.000        112 
              613.000       7431 
              614.000         82 
              615.000       1892 
              616.000         59 
              617.000       1883 
              618.000         39 
              619.000         17 
              620.000         11 
              621.000         31 
              622.000       1852 
              623.000         58 
              624.000       1900 
              625.000       3741 
              626.000       3768 
              627.000        130 
              628.000       5584 
              629.000       3745 
              630.000         92 
              631.000       1883 
              632.000       1886 
              633.000         69 
              634.000         55 
              635.000       3681 
              636.000         83 
              637.000       1917 
              638.000       3751 
              639.000         61 
              640.000       1857 
              641.000         47 
              642.000       1913 
              643.000       1861 
              644.000         66 
              645.000         79 
              646.000       3689 
              647.000       1846 
              648.000        121 
              649.000       2125 
              650.000       3531 
              651.000         74 
              652.000       2268 
              653.000       3314 
              654.000       1530 
              655.000       2084 
              656.000        208 
              657.000         38 
              658.000         33 
              659.000         22 
              660.000       1828 
              661.000       1881 
              662.000         82 
              663.000       3711 
              664.000         65 
              665.000         67 
              666.000       1897 
              667.000       3741 
              668.000       2065 
              669.000       1636 
              670.000         62 
              671.000       3186 
              672.000        576 
              673.000         61 
              674.000       1923 
              675.000       1923 
              676.000       5548 
              677.000         92 
              678.000       3682 
              679.000        119 
              680.000       2115 
              681.000       3481 
              682.000         67 
              683.000       1634 
              684.000       2065 
              685.000       3753 
              686.000         94 
              687.000         89 
              688.000       3683 
              689.000       1873 
              690.000         55 
              691.000        436 
              692.000       1530 
              693.000       3297 
              694.000       4064 
              695.000        141 
              696.000         83 
              697.000       1895 
              698.000        122 
              699.000       5640 
              700.000       4022 
              701.000       1447 
              702.000         45 
              703.000         38 
              704.000         37 
              705.000       1827 
              706.000         40 
              707.000        216 
              708.000       3506 
              709.000       1557 
              710.000       2120 
              711.000         90 
              712.000         51 
              713.000       1872 
              714.000         66 
              715.000        914 
              716.000       5448 
              717.000       4725 
              718.000       1973 
              719.000         81 
              720.000         57 
              721.000         49 
              722.000       1131 
              723.000       5959 
              724.000       2249 
              725.000       3717 
              726.000       1897 
              727.000        137 
              728.000       1814 
              729.000         43 
              730.000       1833 
              731.000         61 
              732.000         62 
              733.000        319 
              734.000       7104 
              735.000       1696 
              736.000       2081 
              737.000        141 
              738.000       7360 
              739.000        290 
              740.000       3023 
              741.000       2399 
              742.000        121 
              743.000       1877 
              744.000       1854 
              745.000        921 
              746.000        973 
              747.000       1877 
              748.000       1926 
              749.000       3643 
              750.000         62 
              751.000       1793 
              752.000        109 
              753.000         66 
              754.000       1905 
              755.000       3754 
              756.000       1737 
              757.000         63 
              758.000       1879 
              759.000         59 
              760.000       1367 
              761.000       2342 
              762.000        105 
              763.000       5511 
              764.000       1914 
              765.000         74 
              766.000       5507 
              767.000         77 
              768.000         57 
              769.000       1403 
              770.000       2342 
              771.000       3696 
              772.000        128 
              773.000       1873 
              774.000         55 
              775.000       3657 
              776.000       1906 
              777.000       1711 
              778.000       3786 
              779.000        165 
              780.000       3678 
              781.000         82 
              782.000       1853 
              783.000       5534 
              784.000         92 
              785.000         89 
              786.000        104 
              787.000       7279 
              788.000       3779 
              789.000       1153 
              790.000        869 
              791.000       3702 
              792.000       2041 
              793.000       1687 
              794.000         70 
              795.000       3680 
              796.000         60 
              797.000       3462 
              798.000        293 
              799.000         75 
              800.000       1808 
              801.000         36 
              802.000         37 
              803.000        308 
              804.000       4814 
              805.000       2301 
              806.000       2008 
              807.000       3655 
              808.000       3605 
              809.000        101 
              810.000       1022 
              811.000       4557 
              812.000         67 
              813.000       1848 
              814.000         48 
              815.000       1824 
              816.000       1859 
              817.000         67 
              818.000       3612 
              819.000       1894 
              820.000         63 
              821.000         82 
              822.000       5466 
              823.000         98 
              824.000       1726 
              825.000       2020 
              826.000       3931 
              827.000       4925 
              828.000        393 
              829.000       2215 
              830.000       3352 
              831.000       1866 
              832.000        299 
              833.000       3437 
              834.000       3665 
              835.000        398 
              836.000       4916 
              837.000        285 
              838.000       1884 
              839.000         85 
              840.000       1848 
              841.000       5428 
              842.000         86 
              843.000       1840 
              844.000         90 
              845.000       3560 
              846.000       1949 
              847.000       4197 
              848.000       1340 
              849.000         96 
              850.000       1851 
              851.000       1858 
              852.000       3616 
              853.000         55 
              854.000         43 
              855.000        661 
              856.000       4801 
              857.000        191 
              858.000       5199 
              859.000       2064 
              860.000       1843 
              861.000         49 
              862.000         69 
              863.000       3647 
              864.000         76 
              865.000       1871 
              866.000       4840 
              867.000       2386 
              868.000         60 
              869.000         43 
              870.000         39 
              871.000        826 
              872.000       2906 
              873.000       2079 
              874.000       3484 
              875.000       5431 
              876.000       1898 
              877.000       5428 
              878.000       2025 
              879.000       3453 
              880.000       2024 
              881.000        983 
              882.000       4498 
              883.000         66 
              884.000         68 
              885.000       1833 
              886.000       1828 
              887.000         65 
              888.000       3623 
              889.000        102 
              890.000       3743 
              891.000       5083 
              892.000        340 
              893.000       1870 
              894.000         95 
              895.000       7217 
              896.000       3623 
              897.000        131 
              898.000       3418 
              899.000        322 
              900.000       1334 
              901.000       2309 
              902.000       1497 
              903.000       2197 
              904.000        365 
              905.000       5090 
              906.000        180 
              907.000       1747 
              908.000         32 
              909.000         46 
              910.000         54 
              911.000       3791 
              912.000       1615 
              913.000       2467 
              914.000       1276 
              915.000       1346 
              916.000       5970 
              917.000       2156 
              918.000       3333 
              919.000        125 
              920.000       1838 
              921.000       3675 
              922.000       3391 
              923.000        209 
              924.000         62 
              925.000       1880 
              926.000       3637 
              927.000       1885 
              928.000       1007 
              929.000      11594 
              930.000        134 
              931.000        122 
              932.000       1849 
              933.000       1855 
              934.000       1814 
              935.000       3606 
              936.000         90 
              937.000         95 
              938.000       3647 
              939.000       3650 
              940.000       3710 
              941.000       3539 
              942.000         95 
              943.000       1866 
              944.000       1865 
              945.000       1910 
              946.000       6708 
              947.000       2366 
              948.000       1826 
              949.000       3592 
              950.000         54 
              951.000         46 
              952.000         46 
              953.000       1845 
              954.000       1829 
              955.000       3614 
              956.000         73 
              957.000       1910 
              958.000       3470 
              959.000         75 
              960.000         72 
              961.000       1407 
              962.000       2290 
              963.000       5897 
              964.000       3133 
              965.000       2915 
              966.000        930 
              967.000       5061 
              968.000        520 
              969.000       3433 
              970.000        331 
              971.000       3351 
              972.000        759 
              973.000       1145 
              974.000         81 
              975.000       3611 
              976.000       3523 
              977.000       3760 
              978.000       3624 
              979.000       1890 
              980.000         91 
              981.000       2303 
              982.000       3156 
              983.000         94 
              984.000       2310 
              985.000       6700 
              986.000       2364 
              987.000       1412 
              988.000       7401 
              989.000       1699 
              990.000       3530 
              991.000        194 
              992.000       1840 
              993.000       2687 
              994.000        981 
              995.000       3247 
              996.000        428 
              997.000         76 
              998.000       2430 
              999.000       2978 
             1000.000       1844 
             1001.000       2008 
             1002.000       1694 
             1003.000       4840 
             1004.000       2399 
             1005.000       1628 
             1006.000        638 
             1007.000       3224 
             1008.000         53 
             1009.000        144 
             1010.000       5259 
             1011.000         88 
             1012.000        141 
             1013.000       7075 
             1014.000       1843 
             1015.000       1849 
             1016.000       5247 
             1017.000       1983 
             1018.000       1765 
             1019.000        368 
             1020.000       3336 
             1021.000         55 
             1022.000         54 
             1023.000       1816 
             1024.000       1843 
             1025.000       5355 
             1026.000       1856 
             1027.000       5303 
             1028.000       1902 
             1029.000       5262 
             1030.000        168 
             1031.000       3587 
             1032.000       1848 
             1033.000       1872 
             1034.000       5313 
             1035.000        124 
             1036.000       2073 
             1037.000       5113 
             1038.000       3622 
             1039.000        319 
             1040.000       6938 
             1041.000         98 
             1042.000       1984 
             1043.000       1637 
             1044.000         87 
             1045.000       3797 
             1046.000       1549 
             1047.000       1769 
             1048.000         58 
             1049.000       3560 
             1050.000        116 
             1051.000       1844 
             1052.000       7102 
             1053.000       3598 
             1054.000       1868 
             1055.000        100 
             1056.000       3498 
             1057.000       2335 
             1058.000       4916 
             1059.000       1739 
             1060.000         83 
             1061.000        210 
             1062.000       1655 
             1063.000       3341 
             1064.000        700 
             1065.000       4819 
             1066.000         70 
             1067.000         71 
             1068.000       1877 
             1069.000       1749 
             1070.000       6657 
             1071.000        820 
             1072.000       1539 
             1073.000       3455 
             1074.000       2871 
             1075.000       4658 
             1076.000       3403 
             1077.000       3587 
             1078.000        922 
             1079.000       6257 
             1080.000       1818 
             1081.000       1846 
             1082.000        456 
             1083.000       3183 
             1084.000       1806 
             1085.000        891 
             1086.000       2743 
             1087.000       7061 
             1088.000       1886 
             1089.000       1852 
             1090.000       5265 
             1091.000       1816 
             1092.000         89 
             1093.000         71 
             1094.000        162 
             1095.000       3506 
             1096.000       8648 
             1097.000       1582 
             1098.000       3978 
             1099.000        114 
             1100.000       1812 
             1101.000       3746 
             1102.000       1607 
             1103.000       1792 
             1104.000        116 
             1105.000       3538 
             1106.000       2443 
             1107.000       2894 
             1108.000       1787 
             1109.000       1438 
             1110.000       1076 
             1111.000       2905 
             1112.000        108 
             1113.000       6899 
             1114.000       1191 
             1115.000       4255 
             1116.000         86 
             1117.000         75 
             1118.000       3153 
             1119.000       2065 
             1120.000       1944 
             1121.000       3556 
             1122.000       1846 
             1123.000       4732 
             1124.000       1341 
             1125.000       3216 
             1126.000       5147 
             1127.000       8696 
             1128.000       3116 
             1129.000        569 
             1130.000        217 
             1131.000       1642 
             1132.000         62 
             1133.000       1591 
             1134.000       1374 
             1135.000       7617 
             1136.000        144 
             1137.000       1835 
             1138.000       5252 
             1139.000        160 
             1140.000       3778 
             1141.000       6835 
             1142.000        188 
             1143.000       3540 
             1144.000       5089 
             1145.000       2087 
             1146.000       5225 
             1147.000        243 
             1148.000       1646 
             1149.000         92 
             1150.000       3450 
             1151.000       4686 
             1152.000       1413 
             1153.000       1087 
             1154.000         69 
             1155.000       3486 
             1156.000         83 
             1157.000       1553 
             1158.000       1984 
             1159.000       2943 
             1160.000       2747 
             1161.000       4936 
             1162.000        138 
             1163.000       3572 
             1164.000       3367 
             1165.000       5046 
             1166.000        541 
             1167.000        859 
             1168.000       4564 
             1169.000       5199 
             1170.000       3502 
             1171.000        117 
             1172.000         68 
             1173.000         88 
             1174.000       2432 
             1175.000       3735 
             1176.000       6300 
             1177.000       3485 
             1178.000       3528 
             1179.000       1867 
             1180.000       3261 
             1181.000       1696 
             1182.000       2256 
             1183.000       5291 
             1184.000       1879 
             1185.000       3554 
             1186.000       3527 
             1187.000       1811 
             1188.000       1856 
             1189.000        122 
             1190.000       6986 
             1191.000       3528 
             1192.000        123 
             1193.000       2586 
             1194.000       8177 
             1195.000       1600 
             1196.000       1831 
             1197.000       1829 
             1198.000       3510 
             1199.000       3532 
             1200.000       1762 
             1201.000        118 
             1202.000       1747 
             1203.000         45 
             1204.000       1773 
             1205.000       1822 
             1206.000        110 
             1207.000       5810 
             1208.000       4778 
             1209.000       1896 
             1210.000       3401 
             1211.000       3503 
             1212.000       1792 
             1213.000       3513 
             1214.000       1803 
             1215.000       3573 
             1216.000       4980 
             1217.000       2027 
             1218.000        118 
             1219.000       3516 
             1220.000       1214 
             1221.000       1510 
             1222.000       2261 
             1223.000       2177 
             1224.000        127 
             1225.000       7199 
             1226.000       3399 
             1227.000       1668 
             1228.000       1956 
             1229.000       1794 
             1230.000       8500 
             1231.000       3575 
             1232.000        275 
             1233.000       6758 
             1234.000       1808 
             1235.000        156 
             1236.000       5204 
             1237.000       3587 
             1238.000       6940 
             1239.000       1775 
             1240.000       1843 
             1241.000         68 
             1242.000         60 
             1243.000       3350 
             1244.000       1902 
             1245.000       5106 
             1246.000       1892 
             1247.000       1886 
             1248.000       5120 
             1249.000       1819 
             1250.000       3504 
             1251.000        102 
             1252.000       1760 
             1253.000       5212 
             1254.000       3493 
             1255.000       3499 
             1256.000       1863 
             1257.000        124 
             1258.000       5133 
             1259.000       1769 
             1260.000         80 
             1261.000       1777 
             1262.000        162 
             1263.000       6839 
             1264.000       3464 
             1265.000       3543 
             1266.000       1793 
             1267.000        188 
             1268.000       3454 
             1269.000       6803 
             1270.000        191 
             1271.000       1658 
             1272.000       1768 
             1273.000        101 
             1274.000        816 
             1275.000       7193 
             1276.000       6645 
             1277.000       2614 
             1278.000       3751 
             1279.000       3024 
             1280.000       4028 
             1281.000       1849 
             1282.000       7871 
             1283.000        820 
             1284.000        132 
             1285.000       6731 
             1286.000       1856 
             1287.000       1819 
             1288.000       1793 
             1289.000       1844 
             1290.000       3418 
             1291.000        120 
             1292.000       4213 
             1293.000       8262 
             1294.000       1398 
             1295.000       1797 
             1296.000         93 
             1297.000       3474 
             1298.000       3318 
             1299.000       3547 
             1300.000        288 
             1301.000       5145 
             1302.000       5151 
             1303.000       1944 
             1304.000       3387 
             1305.000        428 
             1306.000       3135 
             1307.000       5126 
             1308.000       3029 
             1309.000       1869 
             1310.000        330 
             1311.000         60 
             1312.000         92 
             1313.000       3453 
             1314.000       1810 
             1315.000       3379 
             1316.000        679 
             1317.000       4675 
             1318.000       6481 
             1319.000       6995 
             1320.000       2128 
             1321.000       1765 
             1322.000        152 
             1323.000       1856 
             1324.000       3358 
             1325.000       5991 
             1326.000       5466 
             1327.000        796 
             1328.000       6814 
             1329.000        115 
             1330.000       1774 
             1331.000        263 
             1332.000       7217 
             1333.000       2939 
             1334.000        115 
             1335.000       6389 
             1336.000        573 
             1337.000       1845 
             1338.000       6814 
             1339.000        511 
             1340.000       4810 
             1341.000       3506 
             1342.000       5127 
             1343.000       1799 
             1344.000       3503 
             1345.000       3460 
             1346.000       1814 
             1347.000        627 
             1348.000       4607 
             1349.000       6819 
             1350.000        129 
             1351.000       1779 
             1352.000       2033 
             1353.000       3183 
             1354.000        100 
             1355.000        121 
             1356.000      10050 
             1357.000       1822 
             1358.000        293 
             1359.000       3246 
             1360.000         79 
             1361.000       3253 
             1362.000        312 
             1363.000       3492 
             1364.000       2611 
             1365.000       8599 
             1366.000       2582 
             1367.000       3414 
             1368.000       1879 
             1369.000        365 
             1370.000       4844 
             1371.000       1294 
             1372.000       3832 
             1373.000       2006 
             1374.000       6787 
             1375.000       2423 
             1376.000       6709 
             1377.000       1390 
             1378.000       3454 
             1379.000        545 
             1380.000       3840 
             1381.000       4300 
             1382.000       1757 
             1383.000        171 
             1384.000       2107 
             1385.000       3015 
             1386.000       1603 
             1387.000       3753 
             1388.000      10187 
             1389.000       4101 
             1390.000       6036 
             1391.000       3718 
             1392.000        270 
             1393.000       3711 
             1394.000       3131 
             1395.000       3208 
             1396.000       3675 
             1397.000       1766 
             1398.000        922 
             1399.000        937 
             1400.000       1797 
             1401.000       3421 
             1402.000        963 
             1403.000       3815 
             1404.000       2267 
             1405.000       5275 
             1406.000       4886 
             1407.000        117 
             1408.000        135 
             1409.000       3468 
             1410.000       6627 
             1411.000        143 
             1412.000       1829 
             1413.000       5312 
             1414.000       5338 
             1415.000       4522 
             1416.000       1979 
             1417.000       2032 
             1418.000       4794 
             1419.000       1683 
             1420.000        210 
             1421.000       1683 
             1422.000       1765 
             1423.000       3341 
             1424.000       1847 
             1425.000       6062 
             1426.000       5429 
             1427.000       2322 
             1428.000       4261 
             1429.000       3807 
             1430.000       5508 
             1431.000       2103 
             1432.000       3127 
             1433.000       3422 
             1434.000       3427 
             1435.000       2183 
             1436.000       1389 
             1437.000       6742 
             1438.000       1830 
             1439.000       5706 
             1440.000       1186 
             1441.000       3365 
             1442.000       1781 
             1443.000      10089 
             1444.000        195 
             1445.000       1713 
             1446.000       1751 
             1447.000       1748 
             1448.000       2534 
             1449.000       7091 
             1450.000        585 
             1451.000       3391 
             1452.000         89 
             1453.000        164 
             1454.000       4973 
             1455.000       3411 
             1456.000       5032 
             1457.000        506 
             1458.000       2616 
             1459.000       3926 
             1460.000       7418 
             1461.000       4088 
             1462.000        428 
             1463.000       2090 
             1464.000       5374 
             1465.000       1073 
             1466.000       2574 
             1467.000       3956 
             1468.000       1993 
             1469.000         91 
             1470.000       4548 
             1471.000        518 
             1472.000        751 
             1473.000       4394 
             1474.000       1778 
             1475.000       6106 
             1476.000       8783 
             1477.000       4110 
             1478.000       3051 
             1479.000       5097 
             1480.000       2295 
             1481.000       5573 
             1482.000        737 
             1483.000       1577 
             1484.000       5244 
             1485.000        928 
             1486.000       5929 
             1487.000       3439 
             1488.000       5006 
             1489.000       1591 
             1490.000       3621 
             1491.000       1643 
             1492.000        115 
             1493.000       3348 
             1494.000       4647 
             1495.000       3698 
             1496.000        186 
             1497.000       1855 
             1498.000      11762 
             1499.000       6208 
             1500.000        473 
             1501.000        126 
             1502.000       1758 
             1503.000       4995 
             1504.000       2764 
             1505.000       3991 
             1506.000       1783 
             1507.000       1711 
             1508.000       3316 
             1509.000         65 
             1510.000       1705 
             1511.000       1253 
             1512.000       2316 
             1513.000       8671 
             1514.000       5895 
             1515.000        845 
             1516.000       4303 
             1517.000       2139 
             1518.000       1684 
             1519.000       3380 
             1520.000        706 
             1521.000       2700 
             1522.000       2374 
             1523.000       6147 
             1524.000       1786 
             1525.000       8464 
             1526.000       4832 
             1527.000       1889 
             1528.000       1782 
             1529.000       8261 
             1530.000       3034 
             1531.000       4003 
             1532.000       3148 
             1533.000        221 
             1534.000       3247 
             1535.000       1759 
             1536.000       3745 
             1537.000       4656 
             1538.000       4148 
             1539.000       4181 
             1540.000       1886 
             1541.000       3155 
             1542.000        964 
             1543.000       7367 
             1544.000        720 
             1545.000       3142 
             1546.000       3416 
             1547.000       8895 
             1548.000       2861 
             1549.000       1679 
             1550.000       3354 
             1551.000       3362 
             1552.000       1756 
             1553.000       2151 
             1554.000       6113 
             1555.000         99 
             1556.000       1809 
             1557.000       3271 
             1558.000       3286 
             1559.000        114 
             1560.000       1683 
             1561.000       3347 
             1562.000       5053 
             1563.000       1740 
             1564.000       1813 
             1565.000       6572 
             1566.000       1799 
             1567.000       5627 
             1568.000       6094 
             1569.000       1763 
             1570.000       1765 
             1571.000       5753 
             1572.000       5847 
             1573.000       2282 
             1574.000       1282 
             1575.000       4182 
             1576.000       2537 
             1577.000       3781 
             1578.000       1617 
             1579.000       4744 
             1580.000       1758 
             1581.000       3358 
             1582.000       4021 
             1583.000       5609 
             1584.000       2694 
             1585.000       4343 
             1586.000       3492 
             1587.000       2003 
             1588.000       8101 
             1589.000       6552 
             1590.000       1360 
             1591.000        545 
             1592.000       1538 
             1593.000       5534 
             1594.000       1506 
             1595.000       6536 
             1596.000       1800 
             1597.000       7170 
             1598.000       2794 
             1599.000        136 
             1600.000       1761 
             1601.000       6546 
             1602.000       1738 
             1603.000       1584 
             1604.000        812 
             1605.000       2704 
             1606.000       3385 
             1607.000       4933 
             1608.000        138 
             1609.000       4949 
             1610.000       3369 
             1611.000       6555 
             1612.000        236 
             1613.000       4114 
             1614.000       3983 
             1615.000       1758 
             1616.000       3398 
             1617.000       4896 
             1618.000       5030 
             1619.000       3339 
             1620.000       2610 
             1621.000       1072 
             1622.000       4725 
             1623.000       3342 
             1624.000        211 
             1625.000       5742 
             1626.000       5724 
             1627.000       3165 
             1628.000       6721 
             1629.000       1708 
             1630.000        146 
             1631.000       3310 
             1632.000       1650 
             1633.000       5933 
             1634.000       2579 
             1635.000       4612 
             1636.000       7806 
             1637.000       2465 
             1638.000       6515 
             1639.000       4902 
             1640.000       3139 
             1641.000       2094 
             1642.000       4751 
             1643.000       2783 
             1644.000       2306 
             1645.000       1703 
             1646.000       3237 
             1647.000       3315 
             1648.000       1656 
             1649.000       3375 
             1650.000       3266 
             1651.000        119 
             1652.000       1059 
             1653.000       7238 
             1654.000       1761 
             1655.000       8636 
             1656.000       4313 
             1657.000       3051 
             1658.000       2033 
             1659.000        208 
             1660.000       7212 
             1661.000       1233 
             1662.000       1366 
             1663.000       3230 
             1664.000       4920 
             1665.000       4899 
             1666.000       1725 
             1667.000       2715 
             1668.000       3854 
             1669.000       1310 
             1670.000       1290 
             1671.000       2557 
             1672.000       8765 
             1673.000       2624 
             1674.000        135 
             1675.000       4336 
             1676.000       4570 
             1677.000       7490 
             1678.000       3134 
             1679.000       6768 
             1680.000       1817 
             1681.000       4815 
             1682.000        150 
             1683.000       9692 
             1684.000       1723 
             1685.000       4294 
             1686.000        692 
             1687.000        181 
             1688.000       6576 
             1689.000       5159 
             1690.000       2861 
             1691.000       1758 
             1692.000       8010 
             1693.000       1745 
             1694.000       3302 
             1695.000       1332 
             1696.000       6531 
             1697.000       3584 
             1698.000       1618 
             1699.000       3564 
             1700.000       3099 
             1701.000       1647 
             1702.000       2893 
             1703.000        513 
             1704.000       6376 
             1705.000       4953 
             1706.000       5901 
             1707.000       1055 
             1708.000       1596 
             1709.000       7638 
             1710.000       3475 
             1711.000        343 
             1712.000       3008 
             1713.000       1636 
             1714.000       4836 
             1715.000        115 
             1716.000       6250 
             1717.000       1835 
             1718.000       1407 
             1719.000       4119 
             1720.000       4326 
             1721.000       2734 
             1722.000       3609 
             1723.000       3801 
             1724.000       1503 
             1725.000      10701 
             1726.000       3942 
             1727.000       3313 
             1728.000       3629 
             1729.000       9135 
             1730.000       3925 
             1731.000       2818 
             1732.000        223 
             1733.000       1595 
             1734.000       4018 
             1735.000       3731 
             1736.000       2245 
             1737.000       3222 
             1738.000       6326 
             1739.000       3330 
             1740.000       3267 
             1741.000       3248 
             1742.000       3265 
             1743.000       4523 
             1744.000       2846 
             1745.000       7560 
             1746.000       4540 
             1747.000       1701 
             1748.000       6490 
             1749.000       1704 
             1750.000       1713 
             1751.000        241 
             1752.000       6310 
             1753.000       7825 
             1754.000        154 
             1755.000       3257 
             1756.000         82 
             1757.000        146 
             1758.000       3201 
             1759.000       7108 
             1760.000        881 
             1761.000       3390 
             1762.000       1791 
             1763.000       6331 
             1764.000       4994 
             1765.000       2170 
             1766.000       1375 
             1767.000       9424 
             1768.000       4732 
             1769.000       3223 
             1770.000        114 
             1771.000       3191 
             1772.000       1681 
             1773.000       1803 
             1774.000       3061 
             1775.000       7920 
             1776.000       3541 
             1777.000      10860 
             1778.000       2695 
             1779.000       4408 
             1780.000       4596 
             1781.000        221 
             1782.000       1333 
             1783.000       2844 
             1784.000       5187 
             1785.000       3681 
             1786.000       4839 
             1787.000        241 
             1788.000       3226 
             1789.000       7855 
             1790.000       1783 
             1791.000       6344 
             1792.000       5582 
             1793.000       2604 
             1794.000       6209 
             1795.000       4952 
             1796.000       4865 
             1797.000        148 
             1798.000       1673 
             1799.000       3393 
             1800.000       3347 
             1801.000       4688 
             1802.000       4622 
             1803.000       3103 
             1804.000        312 
             1805.000        116 
             1806.000       5456 
             1807.000       4047 
             1808.000       3855 
             1809.000       1077 
             1810.000        323 
             1811.000       3128 
             1812.000       4733 
             1813.000       6258 
             1814.000       6090 
             1815.000       3472 
             1816.000       1759 
             1817.000      10188 
             1818.000       4097 
             1819.000        130 
             1820.000       3409 
             1821.000       2986 
             1822.000       3194 
             1823.000       3181 
             1824.000        166 
             1825.000       5711 
             1826.000       4837 
             1827.000       3686 
             1828.000       4157 
             1829.000        819 
             1830.000       9060 
             1831.000       2096 
             1832.000       3674 
             1833.000       6136 
             1834.000       4870 
             1835.000       4359 
             1836.000        289 
             1837.000       7536 
             1838.000       1841 
             1839.000       6363 
             1840.000       4367 
             1841.000       4862 
             1842.000       3438 
             1843.000        126 
             1844.000       2753 
             1845.000       2068 
             1846.000       3928 
             1847.000       3898 
             1848.000       8034 
             1849.000        695 
             1850.000       2700 
             1851.000       6832 
             1852.000       2519 
             1853.000        125 
             1854.000       1834 
             1855.000       3193 
             1856.000       4850 
             1857.000       5901 
             1858.000       1770 
             1859.000       4748 
             1860.000       1597 
             1861.000       1714 
             1862.000       4683 
             1863.000       6252 
             1864.000       4678 
             1865.000       3282 
             1866.000       6178 
             1867.000       3228 
             1868.000        131 
             1869.000       1682 
             1870.000       4637 
             1871.000       4643 
             1872.000       1498 
             1873.000       3394 
             1874.000       1583 
             1875.000       4461 
             1876.000       9602 
             1877.000       3293 
             1878.000       7575 
             1879.000       1895 
             1880.000       3198 
             1881.000       1594 
             1882.000       1783 
             1883.000       6164 
             1884.000       7446 
             1885.000       2070 
             1886.000       6280 
             1887.000       6263 
             1888.000       3347 
             1889.000       6130 
             1890.000       3283 
             1891.000       1642 
             1892.000       1416 
             1893.000       1916 
             1894.000       3032 
             1895.000       2383 
             1896.000       7087 
             1897.000       2987 
             1898.000       1594 
             1899.000        135 
             1900.000       3610 
             1901.000       9854 
             1902.000       5064 
             1903.000       5720 
             1904.000       2336 
             1905.000       3197 
             1906.000       3124 
             1907.000       4066 
             1908.000       2200 
             1909.000       1485 
             1910.000       4756 
             1911.000       4601 
             1912.000        239 
             1913.000       3028 
             1914.000       3421 
             1915.000       5854 
             1916.000        446 
             1917.000       6443 
             1918.000       4563 
             1919.000       1822 
             1920.000       4289 
             1921.000       2555 
             1922.000       3595 
             1923.000       2883 
             1924.000       3069 
             1925.000      11962 
             1926.000       3974 
             1927.000       4662 
             1928.000       4882 
             1929.000       3101 
             1930.000       1674 
             1931.000       1653 
             1932.000       7748 
             1933.000       3201 
             1934.000       3146 
             1935.000       4570 
             1936.000       1740 
             1937.000       6030 
             1938.000       3209 
             1939.000       1788 
             1940.000       6054 
             1941.000       3293 
             1942.000       5997 
             1943.000       3225 
             1944.000       2847 
             1945.000       3121 
             1946.000       9141 
             1947.000        545 
             1948.000       3154 
             1949.000       4562 
             1950.000       4397 
             1951.000       2738 
             1952.000       3784 
             1953.000       2982 
             1954.000       3021 
             1955.000       4912 
             1956.000        168 
             1957.000       4326 
             1958.000       5006 
             1959.000       9031 
             1960.000        139 
             1961.000        101 
             1962.000        202 
             1963.000       4693 
             1964.000       5076 
             1965.000       4047 
             1966.000       3862 
             1967.000        850 
             1968.000       4413 
             1969.000       4799 
             1970.000       3517 
             1971.000       6115 
             1972.000       2747 
             1973.000       6311 
             1974.000       5644 
             1975.000       9253 
             1976.000       2173 
             1977.000       1703 
             1978.000       4661 
             1979.000        172 
             1980.000       7293 
             1981.000       2002 
             1982.000       3086 
             1983.000       2458 
             1984.000       5864 
             1985.000       2187 
             1986.000       3340 
             1987.000       2140 
             1988.000       7546 
             1989.000       9010 
             1990.000       2418 
             1991.000       4755 
             1992.000       6477 
             1993.000        481 
             1994.000       1544 
             1995.000       4585 
             1996.000       6190 
             1997.000       5966 
             1998.000       5008 
             1999.000       3232 
             2000.000       4254 
             2001.000       1549 
             2002.000         77 
             2003.000       1700 
             2004.000       1900 
             2005.000       3358 
             2006.000       4589 
             2007.000       6414 
             2008.000       6627 
             2009.000        147 
             2010.000        166 
             2011.000       3099 
             2012.000       3484 
             2013.000      10182 
             2014.000       5993 
             2015.000       2754 
             2016.000       1833 
             2017.000       4754 
             2018.000       2466 
             2019.000       5169 
             2020.000       3060 
             2021.000       1584 
             2022.000       3321 
             2023.000       2834 
             2024.000       3164 
             2025.000       8863 
             2026.000       4714 
             2027.000       2321 
             2028.000       9293 
             2029.000       2253 
             2030.000       3111 
             2031.000       4386 
             2032.000       2858 
             2033.000        625 
             2034.000       6014 
             2035.000       3057 
             2036.000       8985 
             2037.000       1655 
             2038.000       1850 
             2039.000       8630 
             2040.000       3714 
             2041.000       2388 
             2042.000       4880 
             2043.000       5549 
             2044.000       4907 
             2045.000       8811 
             2046.000        255 
             2047.000       3030 
             2048.000        161 
             2049.000       4503 
             2050.000       2992 
             2051.000        154 
             2052.000       3191 
             2053.000       6652 
             2054.000       2342 
             2055.000        206 
             2056.000       7329 
             2057.000       4481 
             2058.000       4433 
             2059.000        483 
             2060.000       6718 
             2061.000       3087 
             2062.000       3705 
             2063.000       6122 
             2064.000       5195 
             2065.000       2052 
             2066.000       4622 
             2067.000       1557 
             2068.000       6035 
             2069.000       4435 
             2070.000       3540 
             2071.000       1122 
             2072.000       2947 
             2073.000       1561 
             2074.000       1241 
             2075.000      10481 
             2076.000       1910 
             2077.000       6010 
             2078.000       3213 
             2079.000       2404 
             2080.000       9054 
             2081.000       6181 
             2082.000       4067 
             2083.000       8808 
             2084.000       1063 
             2085.000       3054 
             2086.000       3089 
             2087.000       4544 
             2088.000       3237 
             2089.000       6633 
             2090.000        560 
             2091.000       4955 
             2092.000       3994 
             2093.000       1521 
             2094.000       1666 
             2095.000       8876 
             2096.000       5842 
             2097.000       1754 
             2098.000       2844 
             2099.000       6606 
             2100.000       4122 
             2101.000        195 
             2102.000       5846 
             2103.000       1569 
             2104.000       3013 
             2105.000       2336 
             2106.000       7285 
             2107.000       3611 
             2108.000       6086 
             2109.000       2772 
             2110.000       1746 
             2111.000       1612 
             2112.000       3366 
             2113.000       7011 
             2114.000       1588 
             2115.000       3666 
             2116.000       7476 
             2117.000       3647 
             2118.000       1593 
             2119.000       3072 
             2120.000       3221 
             2121.000       4211 
             2122.000       1678 
             2123.000       4400 
             2124.000       4279 
             2125.000       4636 
             2126.000      10370 
             2127.000       1662 
             2128.000       4488 
             2129.000       4160 
             2130.000       6272 
             2131.000       8105 
             2132.000       2214 
             2133.000       5994 
             2134.000        194 
             2135.000       2203 
             2136.000       3948 
             2137.000       5790 
             2138.000       6611 
             2139.000       5336 
             2140.000        154 
             2141.000       7235 
             2142.000        161 
             2143.000       3199 
             2144.000       2806 
             2145.000       4051 
             2146.000       4544 
             2147.000       4783 
             2148.000       4514 
             2149.000       6063 
             2150.000       4587 
             2151.000       1386 
             2152.000       7384 
             2153.000       2819 
             2154.000        566 
             2155.000      11113 
             2156.000       2154 
             2157.000       3503 
             2158.000        416 
             2159.000       1540 
             2160.000       2917 
             2161.000        103 
             2162.000       1635 
             2163.000       4082 
             2164.000       7698 
             2165.000       7858 
             2166.000       3684 
             2167.000       3987 
             2168.000       2348 
             2169.000       2872 
             2170.000       8737 
             2171.000       3200 
             2172.000       2741 
             2173.000       1593 
             2174.000       1569 
             2175.000      10304 
             2176.000       4465 
             2177.000       5852 
             2178.000       4603 
             2179.000       4215 
             2180.000       6017 
             2181.000       2999 
             2182.000       1560 
             2183.000       4605 
             2184.000       1533 
             2185.000       4187 
             2186.000       7537 
             2187.000       3175 
             2188.000       4266 
             2189.000       2993 
             2190.000       2954 
             2191.000       8471 
             2192.000       4632 
             2193.000       3066 
             2194.000       7308 
             2195.000       3020 
             2196.000       2847 
             2197.000       4354 
             2198.000       4538 
             2199.000       2964 
             2200.000        150 
             2201.000       7280 
             2202.000       3008 
             2203.000       4221 
             2204.000       3020 
             2205.000       7319 
             2206.000       1572 
             2207.000       1938 
             2208.000       3760 
             2209.000       3171 
             2210.000       1548 
             2211.000       5641 
             2212.000       1830 
             2213.000       2223 
             2214.000       9161 
             2215.000       1550 
             2216.000       5621 
             2217.000       1221 
             2218.000       2653 
             2219.000      13652 
             2220.000       2889 
             2221.000       2806 
             2222.000       1619 
             2223.000       4431 
             2224.000       4363 
             2225.000       5773 
             2226.000       3181 
             2227.000       4279 
             2228.000       5348 
             2229.000       5707 
             2230.000       1976 
             2231.000       3639 
             2232.000        898 
             2233.000       5980 
             2234.000       1712 
             2235.000       3808 
             2236.000       7872 
             2237.000       3166 
             2238.000      11546 
             2239.000       2189 
             2240.000       5906 
             2241.000       6002 
             2242.000       2627 
             2243.000       2116 
             2244.000       3860 
             2245.000       4959 
             2246.000       1144 
             2247.000       6652 
             2248.000       1541 
             2249.000       4335 
             2250.000       5260 
             2251.000       1896 
             2252.000        130 
             2253.000       5753 
             2254.000       5644 
             2255.000       3044 
             2256.000       1565 
             2257.000       5753 
             2258.000       2974 
             2259.000       3069 
             2260.000       6274 
             2261.000       2680 
             2262.000       5278 
             2263.000       6406 
             2264.000       3318 
             2265.000       2554 
             2266.000       5990 
             2267.000       4628 
             2268.000       3925 
             2269.000       3001 
             2270.000        130 
             2271.000       1464 
             2272.000       3123 
             2273.000       1529 
             2274.000       8486 
             2275.000      11000 
             2276.000       1767 
             2277.000       4176 
             2278.000       7319 
             2279.000       5723 
             2280.000        181 
             2281.000       7030 
             2282.000       1504 
             2283.000       4300 
             2284.000       4356 
             2285.000       1638 
             2286.000       5896 
             2287.000       7751 
             2288.000       2932 
             2289.000       8817 
             2290.000       3094 
             2291.000       4165 
             2292.000       3203 
             2293.000       6606 
             2294.000       3077 
             2295.000       2898 
             2296.000       1592 
             2297.000       2889 
             2298.000       5383 
             2299.000       4362 
             2300.000       2937 
             2301.000       1563 
             2302.000       2841 
             2303.000       4309 
             2304.000       6604 
             2305.000       3808 
             2306.000       5074 
             2307.000       1509 
             2308.000       7019 
             2309.000       2987 
             2310.000       4514 
             2311.000       2517 
             2312.000       4510 
             2313.000       6331 
             2314.000       2948 
             2315.000       3181 
             2316.000       4272 
             2317.000       2859 
             2318.000       4277 
             2319.000       2660 
             2320.000       1695 
             2321.000       2418 
             2322.000       3851 
             2323.000       7497 
             2324.000        480 
             2325.000       7214 
             2326.000       4612 
             2327.000       9824 
             2328.000       3755 
             2329.000       5685 
             2330.000       2837 
             2331.000       7209 
             2332.000       3754 
             2333.000       4980 
             2334.000       1273 
             2335.000       7144 
             2336.000       2826 
             2337.000       4481 
             2338.000       4051 
             2339.000       2785 
             2340.000       4279 
             2341.000       1514 
             2342.000       1169 
             2343.000       7954 
             2344.000       9118 
             2345.000       2947 
             2346.000       1606 
             2347.000       5319 
             2348.000       6974 
             2349.000       5621 
             2350.000       3092 
             2351.000       1438 
             2352.000       5501 
             2353.000       1684 
             2354.000       4994 
             2355.000       1420 
             2356.000       5926 
             2357.000       1777 
             2358.000       2590 
             2359.000       2978 
             2360.000       5539 
             2361.000       9390 
             2362.000        543 
             2363.000       4058 
             2364.000       2803 
             2365.000       4204 
             2366.000       4207 
             2367.000       1377 
             2368.000       3985 
             2369.000       5129 
             2370.000       4288 
             2371.000       7246 
             2372.000       1792 
             2373.000       4249 
             2374.000       1416 
             2375.000       4764 
             2376.000       9571 
             2377.000       5074 
             2378.000       8560 
             2379.000       5748 
             2380.000        585 
             2381.000       3886 
             2382.000       3759 
             2383.000       1959 
             2384.000       2248 
             2385.000       8809 
             2386.000       5465 
             2387.000       3246 
             2388.000       4197 
             2389.000       5153 
             2390.000        546 
             2391.000       3575 
             2392.000       6376 
             2393.000       5054 
             2394.000       1823 
             2395.000       6835 
             2396.000       6876 
             2397.000       1511 
             2398.000       5754 
             2399.000       8078 
             2400.000       3933 
             2401.000       1717 
             2402.000       2914 
             2403.000       5855 
             2404.000       2328 
             2405.000       2833 
             2406.000       1242 
             2407.000       4032 
             2408.000       1749 
             2409.000       3937 
             2410.000       6039 
             2411.000       2503 
             2412.000        130 
             2413.000       3990 
             2414.000       2663 
             2415.000       8097 
             2416.000       6031 
             2417.000       4749 
             2418.000       3537 
             2419.000       1742 
             2420.000       6353 
             2421.000       2890 
             2422.000       1494 
             2423.000        892 
             2424.000       4690 
             2425.000       9655 
             2426.000       3365 
             2427.000       3790 
             2428.000       2729 
             2429.000       2889 
             2430.000       3591 
             2431.000       3651 
             2432.000       7951 
             2433.000       4168 
             2434.000       6750 
             2435.000       4222 
             2436.000        389 
             2437.000       3796 
             2438.000       2668 
             2439.000       6953 
             2440.000        267 
             2441.000       5416 
             2442.000       5501 
             2443.000       2851 
             2444.000       3428 
             2445.000       3652 
             2446.000       4232 
             2447.000       5072 
             2448.000       4020 
             2449.000       3031 
             2450.000       1366 
             2451.000       2430 
             2452.000       3102 
             2453.000       2717 
             2454.000        863 
             2455.000       8747 
             2456.000       2826 
             2457.000       3272 
             2458.000       3505 
             2459.000       2919 
             2460.000       4239 
             2461.000       3845 
             2462.000        211 
             2463.000       2930 
             2464.000       5094 
             2465.000        284 
             2466.000       8968 
             2467.000       2429 
             2468.000       3351 
             2469.000       5354 
             2470.000       1470 
             2471.000       2767 
             2472.000       5207 
             2473.000       4737 
             2474.000        919 
             2475.000       4191 
             2476.000       2203 
             2477.000       2943 
             2478.000       3645 
             2479.000       6670 
             2480.000       5371 
             2481.000       1498 
             2482.000       5212 
             2483.000       2830 
             2484.000       7046 
             2485.000       3875 
             2486.000       6321 
             2487.000       3422 
             2488.000       2697 
             2489.000       6357 
             2490.000       3339 
             2491.000       2473 
             2492.000       1391 
             2493.000        184 
             2494.000       2548 
             2495.000       6854 
             2496.000       2707 
             2497.000       1540 
             2498.000       5364 
             2499.000       1479 
             2500.000       2420 
             2501.000       3964 
             2502.000       5473 
             2503.000       3065 
             2504.000       1212 
             2505.000       6761 
             2506.000       1472 
             2507.000       6331 
             2508.000        330 
             2509.000       1674 
             2510.000       8714 
             2511.000       4342 
             2512.000        225 
             2513.000       2540 
             2514.000       2817 
             2515.000       3880 
             2516.000       2600 
             2517.000        299 
             2518.000       3980 
             2519.000       2824 
             2520.000       3138 
             2521.000       2538 
             2522.000       3139 
             2523.000       2344 
             2524.000       3758 
             2525.000       4198 
             2526.000       4706 
             2527.000      10347 
             2528.000       5190 
             2529.000       4717 
             2530.000       2024 
             2531.000        109 
             2532.000       3789 
             2533.000       3021 
             2534.000       4117 
             2535.000       2626 
             2536.000       6864 
             2537.000       3966 
             2538.000       3259 
             2539.000       4762 
             2540.000       1527 
             2541.000       1802 
             2542.000       4031 
             2543.000       3203 
             2544.000       5907 
             2545.000       1384 
             2546.000       2703 
             2547.000        990 
             2548.000       3101 
             2549.000       2451 
             2550.000       5412 
             2551.000       2835 
             2552.000       2473 
             2553.000       4257 
             2554.000       1738 
             2555.000       5161 
             2556.000       7550 
             2557.000       2741 
             2558.000       4675 
             2559.000        752 
             2560.000       2357 
             2561.000       1610 
             2562.000       1702 
             2563.000       3768 
             2564.000         99 
             2565.000       2497 
             2566.000       4665 
             2567.000       4862 
             2568.000       1379 
             2569.000       2662 
             2570.000        186 
             2571.000       1627 
             2572.000       6217 
             2573.000       6334 
             2574.000       1524 
             2575.000       7599 
             2576.000       6241 
             2577.000       4194 
             2578.000       2285 
             2579.000       4031 
             2580.000       5280 
             2581.000        744 
             2582.000       6789 
             2583.000       3357 
             2584.000       2744 
             2585.000       1336 
             2586.000       1505 
             2587.000       2614 
             2588.000       2801 
             2589.000       1315 
             2590.000       5578 
             2591.000       4955 
             2592.000       2430 
             2593.000       2930 
             2594.000       6678 
             2595.000       2769 
             2596.000       2484 
             2597.000       5885 
             2598.000       4647 
             2599.000       2431 
             2600.000       3991 
             2601.000        364 
             2602.000       2666 
             2603.000         80 
             2604.000       4020 
             2605.000       3560 
             2606.000       1590 
             2607.000       1585 
             2608.000       4957 
             2609.000       3964 
             2610.000       2270 
             2611.000       3160 
             2612.000       2896 
             2613.000       3838 
             2614.000       2634 
             2615.000       1341 
             2616.000       2712 
             2617.000       3977 
             2618.000       4779 
             2619.000       1543 
             2620.000       1333 
             2621.000       4007 
             2622.000       3983 
             2623.000       2728 
             2624.000       1365 
             2625.000       5208 
             2626.000       8188 
             2627.000       3368 
             2628.000       4280 
             2629.000       2524 
             2630.000       3324 
             2631.000       2280 
             2632.000       3793 
             2633.000       1520 
             2634.000       2587 
             2635.000       3467 
             2636.000       4399 
             2637.000        626 
             2638.000       8837 
             2639.000       4870 
             2640.000        159 
             2641.000       3917 
             2642.000        114 
             2643.000       3717 
             2644.000       5235 
             2645.000       2433 
             2646.000       4477 
             2647.000       5549 
             2648.000       2033 
             2649.000       2604 
             2650.000       1547 
             2651.000       1150 
             2652.000       3931 
             2653.000       4745 
             2654.000        487 
             2655.000       2821 
             2656.000       1211 
             2657.000       2639 
             2658.000       2573 
             2659.000       3846 
             2660.000       1989 
             2661.000       5753 
             2662.000       1502 
             2663.000       2761 
             2664.000       2290 
             2665.000       8611 
             2666.000        713 
             2667.000       2752 
             2668.000       4776 
             2669.000       1327 
             2670.000       3813 
             2671.000         68 
             2672.000       1370 
             2673.000         73 
             2674.000       3130 
             2675.000       5888 
             2676.000       5421 
             2677.000       2417 
             2678.000       7018 
             2679.000       4264 
             2680.000       4464 
             2681.000       1530 
             2682.000       2467 
             2683.000       4340 
             2684.000       2683 
             2685.000       6809 
             2686.000       1739 
             2687.000       2483 
             2688.000       1427 
             2689.000       2591 
             2690.000       6645 
             2691.000       2261 
             2692.000        118 
             2693.000       6034 
             2694.000        637 
             2695.000       3688 
             2696.000       6427 
             2697.000        307 
             2698.000       3491 
             2699.000       1077 
             2700.000       3034 
             2701.000       4235 
             2702.000       3391 
             2703.000       2510 
             2704.000       1137 
             2705.000       2876 
             2706.000       1378 
             2707.000       4750 
             2708.000       5375 
             2709.000       1286 
             2710.000        495 
             2711.000       3493 
             2712.000       1276 
             2713.000       2218 
             2714.000       5508 
             2715.000       2881 
             2716.000       4622 
             2717.000       1354 
             2718.000       2426 
             2719.000       2607 
             2720.000       3214 
             2721.000       1905 
             2722.000       2727 
             2723.000       2517 
             2724.000       3784 
             2725.000       3949 
             2726.000       3732 
             2727.000       3992 
             2728.000       2526 
             2729.000       2807 
             2730.000       3045 
             2731.000       3199 
             2732.000       5326 
             2733.000       5198 
             2734.000       5910 
             2735.000       4169 
             2736.000       1391 
             2737.000        504 
             2738.000       4718 
             2739.000       3510 
             2740.000       4323 
             2741.000       1268 
             2742.000         90 
             2743.000       2545 
             2744.000       1345 
             2745.000       3902 
             2746.000       3710 
             2747.000       2526 
             2748.000       2518 
             2749.000       7540 
             2750.000       1866 
             2751.000       3192 
             2752.000       1143 
             2753.000       1580 
             2754.000       1266 
             2755.000       4770 
             2756.000       4038 
             2757.000       2249 
             2758.000       1596 
             2759.000       3715 
             2760.000       3879 
             2761.000       1318 
             2762.000       1467 
             2763.000       3573 
             2764.000       2558 
             2765.000       1218 
             2766.000       1343 
             2767.000       4998 
             2768.000       5021 
             2769.000       3467 
             2770.000       1574 
             2771.000       1361 
             2772.000       1208 
             2773.000       2582 
             2774.000       2481 
             2775.000       5138 
             2776.000       5035 
             2777.000       5386 
             2778.000       4342 
             2779.000       1983 
             2780.000       3629 
             2781.000       2271 
             2782.000       2864 
             2783.000       1818 
             2784.000       2522 
             2785.000       5125 
             2786.000       3534 
             2787.000       4529 
             2788.000       4140 
             2789.000       2722 
             2790.000       3859 
             2791.000       1418 
             2792.000       1846 
             2793.000       4286 
             2794.000       1306 
             2795.000       3456 
             2796.000       2900 
             2797.000         76 
             2798.000       2853 
             2799.000       2916 
             2800.000        622 
             2801.000       3221 
             2802.000       4440 
             2803.000       4813 
             2804.000       1417 
             2805.000       5066 
             2806.000       5599 
             2807.000        372 
             2808.000       1242 
             2809.000       2510 
             2810.000       1398 
             2811.000       2422 
             2812.000       2472 
             2813.000       3207 
             2814.000        665 
             2815.000       4900 
             2816.000       1505 
             2817.000       3014 
             2818.000       3213 
             2819.000       2433 
             2820.000       2380 
             2821.000       1244 
             2822.000       2720 
             2823.000       4780 
             2824.000        312 
             2825.000       7228 
             2826.000       6144 
             2827.000       2607 
             2828.000       1280 
             2829.000       2380 
             2830.000       3972 
             2831.000       3501 
             2832.000       3160 
             2833.000       3320 
             2834.000       1820 
             2835.000       3305 
             2836.000       2802 
             2837.000       5761 
             2838.000       1984 
             2839.000       3220 
             2840.000       2325 
             2841.000       1206 
             2842.000       3823 
             2843.000       4079 
             2844.000       2169 
             2845.000       3639 
             2846.000       2528 
             2847.000       4134 
             2848.000       2037 
             2849.000       1252 
             2850.000       1234 
             2851.000       4255 
             2852.000        762 
             2853.000       1326 
             2854.000       1266 
             2855.000       3573 
             2856.000       3573 
             2857.000       3629 
             2858.000       5013 
             2859.000       3715 
             2860.000       2460 
             2861.000       1294 
             2862.000       2689 
             2863.000       2858 
             2864.000        562 
             2865.000       2478 
             2866.000       1295 
             2867.000       2275 
             2868.000       2542 
             2869.000       2513 
             2870.000       1266 
             2871.000       5946 
             2872.000        281 
             2873.000       3481 
             2874.000       2487 
             2875.000       3922 
             2876.000       7291 
             2877.000       2362 
             2878.000       4959 
             2879.000       1515 
             2880.000       3172 
             2881.000       5356 
             2882.000       1300 
             2883.000       1314 
             2884.000        359 
             2885.000       6699 
             2886.000       1574 
             2887.000       2768 
             2888.000       4443 
             2889.000       1256 
             2890.000       3522 
             2891.000       3771 
             2892.000       3867 
             2893.000       3471 
             2894.000        100 
             2895.000       3516 
             2896.000       3640 
             2897.000       1308 
             2898.000       3480 
             2899.000       2735 
             2900.000       1428 
             2901.000       2442 
             2902.000       5080 
             2903.000        733 
             2904.000       1011 
             2905.000       1961 
             2906.000       2020 
             2907.000       4467 
             2908.000       3842 
             2909.000       1349 
             2910.000       2259 
             2911.000         90 
             2912.000       2452 
             2913.000       6072 
             2914.000       3545 
             2915.000       1220 
             2916.000       3308 
             2917.000       1929 
             2918.000       3247 
             2919.000       1216 
             2920.000       2379 
             2921.000       1302 
             2922.000         58 
             2923.000         96 
             2924.000       2340 
             2925.000       7530 
             2926.000       8151 
             2927.000       4934 
             2928.000       2553 
             2929.000       4086 
             2930.000       2399 
             2931.000       2266 
             2932.000        182 
             2933.000       4729 
             2934.000       3543 
             2935.000       3676 
             2936.000         96 
             2937.000       4861 
             2938.000        756 
             2939.000       2730 
             2940.000       4788 
             2941.000        237 
             2942.000       1280 
             2943.000       4496 
             2944.000       3271 
             2945.000       3277 
             2946.000       4740 
             2947.000       4218 
             2948.000       1540 
             2949.000       1236 
             2950.000       2555 
             2951.000       1238 
             2952.000       1077 
             2953.000       1281 
             2954.000       5772 
             2955.000       1320 
             2956.000       3565 
             2957.000       1293 
             2958.000       4698 
             2959.000         75 
             2960.000         88 
             2961.000       5609 
             2962.000       1963 
             2963.000       5117 
             2964.000        351 
             2965.000       1427 
             2966.000       2144 
             2967.000       1229 
             2968.000       2414 
             2969.000       5951 
             2970.000       1208 
             2971.000       1923 
             2972.000       2803 
             2973.000       1240 
             2974.000       3521 
             2975.000       3914 
             2976.000       3031 
             2977.000       3097 
             2978.000       1535 
             2979.000       5434 
             2980.000       3303 
             2981.000       5669 
             2982.000       1622 
             2983.000       6129 
             2984.000       2422 
             2985.000       2722 
             2986.000       1474 
             2987.000       1481 
             2988.000       4011 
             2989.000       1673 
             2990.000       2287 
             2991.000       2328 
             2992.000        323 
             2993.000       3417 
             2994.000       3105 
             2995.000       2009 
             2996.000       3319 
             2997.000       4344 
             2998.000       1412 
             2999.000       4677 
             3000.000       2422 
             3001.000       1392 
             3002.000       2255 
             3003.000       4118 
             3004.000       1097 
             3005.000       4135 
             3006.000         53 
             3007.000       1304 
             3008.000        136 
             3009.000       4632 
             3010.000       3107 
             3011.000       2779 
             3012.000       1364 
             3013.000       1960 
             3014.000       2696 
             3015.000       3465 
             3016.000       2672 
             3017.000       3159 
             3018.000       4333 
             3019.000       1516 
             3020.000         81 
             3021.000       1178 
             3022.000       1158 
             3023.000       3626 
             3024.000       2506 
             3025.000       5800 
             3026.000       3083 
             3027.000       3374 
             3028.000       5257 
             3029.000       2616 
             3030.000       1119 
             3031.000       1252 
             3032.000       5010 
             3033.000       2022 
             3034.000       3417 
             3035.000        448 
             3036.000       6363 
             3037.000       4536 
             3038.000       3281 
             3039.000       1722 
             3040.000       1266 
             3041.000       2325 
             3042.000       2597 
             3043.000       3230 
             3044.000       1213 
             3045.000        985 
             3046.000        391 
             3047.000       2909 
             3048.000       2925 
             3049.000       4533 
             3050.000       3546 
             3051.000       2806 
             3052.000       1756 
             3053.000       3379 
             3054.000       1345 
             3055.000       3340 
             3056.000       1481 
             3057.000       2151 
             3058.000       2298 
             3059.000       3513 
             3060.000       2302 
             3061.000       1178 
             3062.000         59 
             3063.000         53 
             3064.000       3243 
             3065.000       6015 
             3066.000         99 
             3067.000       2355 
             3068.000       5507 
             3069.000       1159 
             3070.000       2315 
             3071.000       2597 
             3072.000       2018 
             3073.000       2393 
             3074.000       3336 
             3075.000       3603 
             3076.000       2354 
             3077.000       3248 
             3078.000       1656 
             3079.000       5666 
             3080.000        722 
             3081.000       5621 
             3082.000       2344 
             3083.000       1960 
             3084.000       3522 
             3085.000       3163 
             3086.000       3519 
             3087.000       1509 
             3088.000       3793 
             3089.000        582 
             3090.000        148 
             3091.000       4822 
             3092.000       2828 
             3093.000       3389 
             3094.000       3766 
             3095.000       1195 
             3096.000       1267 
             3097.000       3264 
             3098.000       2992 
             3099.000       1787 
             3100.000         95 
             3101.000       1191 
             3102.000       2105 
             3103.000       3870 
             3104.000       4301 
             3105.000       3309 
             3106.000       2258 
             3107.000       2323 
             3108.000       3325 
             3109.000        224 
             3110.000       1407 
             3111.000       2050 
             3112.000       3490 
             3113.000       3141 
             3114.000       2355 
             3115.000       1125 
             3116.000        178 
             3117.000       1960 
             3118.000        293 
             3119.000       1414 
             3120.000       6075 
             3121.000       2808 
             3122.000       3225 
             3123.000       2010 
             3124.000        405 
             3125.000       4817 
             3126.000       6605 
             3127.000       2439 
             3128.000       2359 
             3129.000       4319 
             3130.000       1771 
             3131.000       3135 
             3132.000       2336 
             3133.000         77 
             3134.000       2606 
             3135.000       3955 
             3136.000       3425 
             3137.000       1697 
             3138.000       5076 
             3139.000       2564 
             3140.000       2509 
             3141.000       4140 
             3142.000        441 
             3143.000       3212 
             3144.000       1055 
             3145.000        876 
             3146.000       3803 
             3147.000       1436 
             3148.000       2357 
             3149.000       3425 
             3150.000       1875 
             3151.000       3298 
             3152.000       2194 
             3153.000       1324 
             3154.000       1139 
             3155.000       1280 
             3156.000       3478 
             3157.000       1999 
             3158.000       1937 
             3159.000       4831 
             3160.000       2826 
             3161.000        544 
             3162.000       3333 
             3163.000       4266 
             3164.000        200 
             3165.000         65 
             3166.000       2074 
             3167.000       4099 
             3168.000       2769 
             3169.000         67 
             3170.000       1088 
             3171.000       2312 
             3172.000        801 
             3173.000       2203 
             3174.000       3469 
             3175.000       6044 
             3176.000       6677 
             3177.000       1513 
             3178.000       3391 
             3179.000       3204 
             3180.000       2072 
             3181.000       2999 
             3182.000       3050 
             3183.000       1721 
             3184.000       2441 
             3185.000       2662 
             3186.000       2314 
             3187.000       1166 
             3188.000       1226 
             3189.000       1148 
             3190.000       5426 
             3191.000       2192 
             3192.000       3328 
             3193.000       4438 
             3194.000       3113 
             3195.000       1570 
             3196.000       3299 
             3197.000       1171 
             3198.000       2439 
             3199.000       1014 
             3200.000       2714 
             3201.000        633 
             3202.000       1181 
             3203.000       2982 
             3204.000       2280 
             3205.000       3626 
             3206.000       3268 
             3207.000        791 
             3208.000       2512 
             3209.000       3391 
             3210.000        992 
             3211.000       2235 
             3212.000       2390 
             3213.000       2015 
             3214.000       1450 
             3215.000       2001 
             3216.000       4373 
             3217.000       2260 
             3218.000        953 
             3219.000       1241 
             3220.000       1200 
             3221.000         68 
             3222.000       4956 
             3223.000       2685 
             3224.000        895 
             3225.000        518 
             3226.000       2022 
             3227.000       3174 
             3228.000       1080 
             3229.000       4495 
             3230.000       2167 
             3231.000       1096 
             3232.000       3436 
             3233.000       2289 
             3234.000        830 
             3235.000       2185 
             3236.000         76 
             3237.000       3024 
             3238.000       3390 
             3239.000        165 
             3240.000        559 
             3241.000       1709 
             3242.000       2175 
             3243.000       1074 
             3244.000       2563 
             3245.000       4803 
             3246.000       1191 
             3247.000         75 
             3248.000       3751 
             3249.000       3797 
             3250.000       1110 
             3251.000         94 
             3252.000       1098 
             3253.000       3066 
             3254.000       2287 
             3255.000        450 
             3256.000        704 
             3257.000         33 
             3258.000         59 
             3259.000       3966 
             3260.000       3520 
             3261.000       1334 
             3262.000       4414 
             3263.000       3015 
             3264.000        914 
             3265.000       2165 
             3266.000       1092 
             3267.000         41 
             3268.000       2033 
             3269.000        119 
             3270.000       4258 
             3271.000       1185 
             3272.000       2213 
             3273.000       1072 
             3274.000       2121 
             3275.000         37 
             3276.000       1071 
             3277.000       2632 
             3278.000       2792 
             3279.000       2070 
             3280.000       2068 
             3281.000        417 
             3282.000        840 
             3283.000       2284 
             3284.000       2930 
             3285.000       1115 
             3286.000        191 
             3287.000       3851 
             3288.000       2263 
             3289.000        111 
             3290.000       1205 
             3291.000        968 
             3292.000       1438 
             3293.000       3828 
             3294.000         74 
             3295.000         50 
             3296.000       2065 
             3297.000       3361 
             3298.000       1941 
             3299.000       1375 
             3300.000        775 
             3301.000       3140 
             3302.000         54 
             3303.000       2881 
             3304.000       3038 
             3305.000       1328 
             3306.000        226 
             3307.000        571 
             3308.000       2622 
             3309.000       2024 
             3310.000        487 
             3311.000        657 
             3312.000         30 
             3313.000         40 
             3314.000        701 
             3315.000       6545 
             3316.000       1543 
             3317.000       2751 
             3318.000       3167 
             3319.000         54 
             3320.000       1015 
             3321.000       1038 
             3322.000         31 
             3323.000       1007 
             3324.000       1734 
             3325.000       1640 
             3326.000       1974 
             3327.000         56 
             3328.000       3142 
             3329.000       1076 
             3330.000       1095 
             3331.000       1017 
             3332.000       2197 
             3333.000       2136 
             3334.000       4019 
             3335.000         38 
             3336.000        635 
             3337.000       1323 
             3338.000       1471 
             3339.000        713 
             3340.000       2106 
             3341.000       1058 
             3342.000       1066 
             3343.000       3144 
             3344.000       1059 
             3345.000         28 
             3346.000       1168 
             3347.000       1386 
             3348.000       1639 
             3349.000       2075 
             3350.000       1057 
             3351.000       1006 
             3352.000       2088 
             3353.000       2006 
             3354.000       1046 
             3355.000         38 
             3356.000       2791 
             3357.000       1302 
             3358.000       1060 
             3359.000       1051 
             3360.000       2025 
             3361.000       1125 
             3362.000        384 
             3363.000       2663 
             3364.000       1787 
             3365.000        402 
             3366.000         41 
             3367.000        102 
             3368.000       1947 
             3369.000        607 
             3370.000       4309 
             3371.000       1193 
             3372.000       2243 
             3373.000       2277 
             3374.000       1776 
             3375.000         31 
             3376.000         27 
             3377.000       1036 
             3378.000       1022 
             3379.000       1024 
             3380.000       1058 
             3381.000       1090 
             3382.000       1020 
             3383.000         71 
             3384.000       3652 
             3385.000       2498 
             3386.000        904 
             3387.000       1194 
             3388.000        837 
             3389.000       1564 
             3390.000       2438 
             3391.000        161 
             3392.000         38 
             3393.000       1963 
             3394.000        849 
             3395.000       1214 
             3396.000       1025 
             3397.000        348 
             3398.000        835 
             3399.000       3925 
             3400.000         56 
             3401.000       1011 
             3402.000       1414 
             3403.000       1619 
             3404.000       1010 
             3405.000       2034 
             3406.000         28 
             3407.000       1056 
             3408.000       2236 
             3409.000       1811 
             3410.000         48 
             3411.000       1413 
             3412.000       1555 
             3413.000       1004 
             3414.000         72 
             3415.000       1067 
             3416.000       2025 
             3417.000       2282 
             3418.000        757 
             3419.000       1064 
             3420.000        997 
             3421.000        230 
             3422.000        822 
             3423.000         41 
             3424.000       1974 
             3425.000        395 
             3426.000       2652 
             3427.000       1048 
             3428.000       3931 
             3429.000        849 
             3430.000        216 
             3431.000         31 
             3432.000         80 
             3433.000       2854 
             3434.000         21 
             3435.000        179 
             3436.000        881 
             3437.000         44 
             3438.000       1021 
             3439.000       2043 
             3440.000       3927 
             3441.000       1984 
             3442.000         49 
             3443.000        981 
             3444.000        969 
             3445.000       2066 
             3446.000         46 
             3447.000         36 
             3448.000        998 
             3449.000       1933 
             3450.000       1009 
             3451.000         53 
             3452.000        988 
             3453.000       1005 
             3454.000       1961 
             3455.000       1342 
             3456.000        738 
             3457.000        376 
             3458.000       2626 
             3459.000         36 
             3460.000        174 
             3461.000       2845 
             3462.000         35 
             3463.000        969 
             3464.000       1028 
             3465.000       1571 
             3466.000        432 
             3467.000       1071 
             3468.000       1201 
             3469.000        675 
             3470.000         50 
             3471.000       1817 
             3472.000       2639 
             3473.000        455 
             3474.000         37 
             3475.000       1986 
             3476.000        984 
             3477.000         44 
             3478.000        983 
             3479.000       1005 
             3480.000         31 
             3481.000       1985 
             3482.000        964 
             3483.000       1997 
             3484.000       1907 
             3485.000        997 
             3486.000         54 
             3487.000        928 
             3488.000       1614 
             3489.000        379 
             3490.000          9 
             3491.000         18 
             3492.000         17 
             3493.000         36 
             3494.000       1938 
             3495.000       3127 
             3496.000       1900 
             3497.000        999 
             3498.000       1848 
             3499.000         51 
             3500.000         29 
             3501.000        981 
             3502.000         19 
             3503.000       1389 
             3504.000        554 
             3505.000       1010 
             3506.000       1006 
             3507.000        147 
             3508.000       1360 
             3509.000       1337 
             3510.000       2028 
             3511.000        340 
             3512.000        878 
             3513.000        822 
             3514.000        945 
             3515.000        947 
             3516.000        441 
             3517.000       1541 
             3518.000        979 
             3519.000         77 
             3520.000       1868 
             3521.000         15 
             3522.000        947 
             3523.000       1044 
             3524.000        953 
             3525.000         34 
             3526.000       1667 
             3527.000        657 
             3528.000       2458 
             3529.000         30 
             3530.000         27 
             3531.000        155 
             3532.000       1777 
             3533.000        372 
             3534.000        616 
             3535.000         35 
             3536.000       1872 
             3537.000       1041 
             3538.000        998 
             3539.000       1862 
             3540.000       1041 
             3541.000         30 
             3542.000       1247 
             3543.000        637 
             3544.000        954 
             3545.000         34 
             3546.000         14 
             3547.000         19 
             3548.000        896 
             3549.000        989 
             3550.000       2609 
             3551.000        731 
             3552.000       2245 
             3553.000       1196 
             3554.000         21 
             3555.000         20 
             3556.000         27 
             3557.000       1017 
             3558.000       1809 
             3559.000         13 
             3560.000         22 
             3561.000        955 
             3562.000         25 
             3563.000        616 
             3564.000       1393 
             3565.000       1997 
             3566.000        802 
             3567.000         59 
             3568.000        929 
             3569.000       1691 
             3570.000        192 
             3571.000         19 
             3572.000        829 
             3573.000       1088 
             3574.000        941 
             3575.000        295 
             3576.000        700 
             3577.000         25 
             3578.000        993 
             3579.000       1883 
             3580.000        752 
             3581.000        199 
             3582.000       1377 
             3583.000        529 
             3584.000        960 
             3585.000        420 
             3586.000        570 
             3587.000         26 
             3588.000       1828 
             3589.000         32 
             3590.000        940 
             3591.000         40 
             3592.000       1859 
             3593.000        479 
             3594.000        509 
             3595.000       1103 
             3596.000       1707 
             3597.000        466 
             3598.000        535 
             3599.000         14 
             3600.000        969 
             3601.000         12 
             3602.000         13 
             3603.000         19 
             3604.000        877 
             3605.000         38 
             3606.000       2179 
             3607.000       1502 
             3608.000       1990 
             3609.000         25 
             3610.000         23 
             3611.000         25 
             3612.000       1261 
             3613.000       1531 
             3614.000         14 
             3615.000          9 
             3616.000         15 
             3617.000          9 
             3618.000         19 
             3619.000       2286 
             3620.000       1443 
             3621.000        967 
             3622.000         49 
             3623.000       1871 
             3624.000         20 
             3625.000        940 
             3626.000         15 
             3627.000         25 
             3628.000       1781 
             3629.000         31 
             3630.000         19 
             3631.000        837 
             3632.000        148 
             3633.000        900 
             3634.000       1443 
             3635.000       1350 
             3636.000         34 
             3637.000        183 
             3638.000       1709 
             3639.000         12 
             3640.000          9 
             3641.000         10 
             3642.000         16 
             3643.000       1033 
             3644.000       1497 
             3645.000        275 
             3646.000         26 
             3647.000        912 
             3648.000        969 
             3649.000        921 
             3650.000         34 
             3651.000       1815 
             3652.000        353 
             3653.000        620 
             3654.000          7 
             3655.000         14 
             3656.000        910 
             3657.000         18 
             3658.000        590 
             3659.000        333 
             3660.000         43 
             3661.000       2556 
             3662.000        202 
             3663.000        943 
             3664.000        947 
             3665.000         30 
             3666.000         43 
             3667.000       1171 
             3668.000       1388 
             3669.000        141 
             3670.000         13 
             3671.000         12 
             3672.000         10 
             3673.000         14 
             3674.000        907 
             3675.000       1708 
             3676.000         99 
             3677.000        944 
             3678.000        946 
             3679.000         15 
             3680.000         23 
             3681.000        931 
             3682.000         87 
             3683.000       1722 
             3684.000         11 
             3685.000         10 
             3686.000         10 
             3687.000         10 
             3688.000         21 
             3689.000       1089 
             3690.000       2545 
             3691.000         20 
             3692.000         70 
             3693.000        913 
             3694.000        906 
             3695.000         19 
             3696.000         19 
             3697.000         12 
             3698.000        905 
             3699.000        878 
             3700.000         16 
             3701.000         20 
             3702.000         89 
             3703.000       1329 
             3704.000       1355 
             3705.000        854 
             3706.000        456 
             3707.000        858 
             3708.000        569 
             3709.000         14 
             3710.000         10 
             3711.000          8 
             3712.000          6 
             3713.000        878 
             3714.000         15 
             3715.000         17 
             3716.000        102 
             3717.000       1705 
             3718.000        571 
             3719.000        846 
             3720.000        446 
             3721.000        907 
             3722.000        505 
             3723.000        405 
             3724.000         10 
             3725.000          5 
             3726.000          7 
             3727.000          9 
             3728.000         27 
             3729.000        885 
             3730.000        232 
             3731.000       1572 
             3732.000        227 
             3733.000       1612 
             3734.000         21 
             3735.000         16 
             3736.000         17 
             3737.000       1026 
             3738.000        752 
             3739.000         13 
             3740.000         10 
             3741.000         10 
             3742.000          8 
             3743.000         20 
             3744.000       1780 
             3745.000        929 
             3746.000        923 
             3747.000         32 
             3748.000        849 
             3749.000          9 
             3750.000          6 
             3751.000          6 
             3752.000         11 
             3753.000        871 
             3754.000         12 
             3755.000         12 
             3756.000          8 
             3757.000         12 
             3758.000        905 
             3759.000       1777 
             3760.000        914 
             3761.000         20 
             3762.000        190 
             3763.000        685 
             3764.000         10 
             3765.000          7 
             3766.000          2 
             3767.000          9 
             3768.000        873 
             3769.000         13 
             3770.000         14 
             3771.000         14 
             3772.000       1163 
             3773.000        645 
             3774.000        896 
             3775.000         39 
             3776.000        882 
             3777.000        381 
             3778.000        486 
             3779.000          9 
             3780.000          7 
             3781.000          1 
             3782.000         11 
             3783.000        640 
             3784.000        248 
             3785.000         20 
             3786.000       1779 
             3787.000         21 
             3788.000        856 
             3789.000         18 
             3790.000          6 
             3791.000         12 
             3792.000        294 
             3793.000        563 
             3794.000          5 
             3795.000          8 
             3796.000          3 
             3797.000          6 
             3798.000         16 
             3799.000        889 
             3800.000       1770 
             3801.000         33 
             3802.000         22 
             3803.000        867 
             3804.000          5 
             3805.000          5 
             3806.000          9 
             3807.000         47 
             3808.000        808 
             3809.000          7 
             3810.000          6 
             3811.000          6 
             3812.000          4 
             3813.000        191 
             3814.000       1164 
             3815.000       1330 
             3816.000         21 
             3817.000         51 
             3818.000        829 
             3819.000          2 
             3820.000          6 
             3821.000          6 
             3822.000         10 
             3823.000        851 
             3824.000          5 
             3825.000          7 
             3826.000          6 
             3827.000        532 
             3828.000        369 
             3829.000        849 
             3830.000          8 
             3831.000          8 
             3832.000        398 
             3833.000        469 
             3834.000          1 
             3835.000          5 
             3836.000          7 
             3837.000         12 
             3838.000        852 
             3839.000          7 
             3840.000         12 
             3841.000        450 
             3842.000        449 
             3843.000        641 
             3844.000        228 
             3845.000          6 
             3846.000         10 
             3847.000        352 
             3848.000        509 
             3849.000          1 
             3850.000          2 
             3851.000         10 
             3852.000          7 
             3853.000         37 
             3854.000        829 
             3855.000         70 
             3856.000        824 
             3857.000         18 
             3858.000        858 
             3859.000          8 
             3860.000          4 
             3861.000          8 
             3862.000        159 
             3863.000        706 
             3864.000          1 
             3865.000          1 
             3866.000          5 
             3868.000          3 
             3869.000          8 
             3870.000        834 
             3871.000         14 
             3872.000         20 
             3873.000        842 
             3874.000          5 
             3875.000          3 
             3876.000          4 
             3877.000         15 
             3878.000        854 
             3879.000          1 
             3880.000          4 
             3881.000          3 
             3882.000          2 
             3883.000          6 
             3884.000        841 
             3885.000          8 
             3886.000         16 
             3887.000        187 
             3888.000        669 
             3889.000          5 
             3890.000          3 
             3891.000          5 
             3892.000          8 
             3893.000        859 
             3894.000          2 
             3895.000          3 
             3896.000          3 
             3897.000          3 
             3898.000         61 
             3899.000        784 
             3900.000          9 
             3901.000         12 
             3902.000        424 
             3903.000        433 
             3904.000          3 
             3905.000          3 
             3906.000          3 
             3907.000          1 
             3909.000          3 
             3911.000          1 
             3912.000          5 
             3913.000        839 
             3914.000         10 
             3915.000         10 
             3916.000          9 
             3917.000        360 
             3918.000        499 
             3919.000          3 
             3920.000          3 
             3921.000          4 
             3922.000          1 
             3924.000          3 
             3926.000          3 
             3927.000         10 
             3928.000        830 
             3929.000          8 
             3930.000          7 
             3931.000         10 
             3932.000         66 
             3933.000        792 
             3934.000          2 
             3935.000          4 
             3936.000          2 
             3937.000          2 
             3938.000          1 
             3939.000          3 
             3940.000          1 
             3941.000          3 
             3942.000         46 
             3943.000        796 
             3944.000          7 
             3945.000          5 
             3946.000          2 
             3948.000          2 
             3953.000          1 
             3954.000          2 
             3955.000          1 
             3956.000          3 
             3957.000        351 
             3958.000        496 
             3959.000          9 
             3960.000          3 
             3961.000          3 
             3962.000          1 
             3963.000          1 
             3968.000          2 
             3969.000          1 
             3971.000          3 
             3972.000        439 
             3973.000        405 
             3974.000         10 
             3975.000          4 
             3976.000          3 
             3977.000          1 
