 SOURCE_DETECT_DIST.G STACK_WORD 
                   -1.000          2 
                   -2.000          3 
                    2.000          2 
                   -3.000          5 
                    3.000          3 
                   -4.000          5 
                    4.000          6 
                   -5.000          5 
                    5.000          8 
                   -6.000          5 
                    6.000          9 
                   -7.000          8 
                    7.000          9 
                   -8.000          9 
                    8.000         11 
                   -9.000         13 
                    9.000         10 
                  -10.000          9 
                   10.000         16 
                  -11.000         11 
                   11.000         15 
                  -12.000         20 
                   12.000          9 
                  -13.000         11 
                   13.000         18 
                  -14.000         15 
                   14.000         24 
                  -15.000         15 
                   15.000         23 
                  -16.000         24 
                   16.000         19 
                  -17.000         22 
                   17.000         23 
                  -18.000         23 
                   18.000         23 
                  -19.000         17 
                   19.000         30 
                  -20.000         24 
                   20.000         28 
                  -21.000         25 
                   21.000         28 
                  -22.000         22 
                   22.000         33 
                  -23.000         30 
                   23.000         29 
                  -24.000         30 
                   24.000         35 
                  -25.000         30 
                   25.000         37 
                  -26.000         29 
                   26.000         37 
                  -27.000         32 
                   27.000         39 
                  -28.000         40 
                   28.000         32 
                  -29.000         33 
                   29.000         34 
                  -30.000         25 
                   30.000         51 
                  -31.000         32 
                   31.000         38 
                  -32.000         41 
                   32.000         49 
                  -33.000         41 
                   33.000         50 
                  -34.000         53 
                   34.000         43 
                  -35.000         44 
                   35.000         41 
                  -36.000         41 
                   36.000         54 
                  -37.000         49 
                   37.000         51 
                  -38.000         36 
                   38.000         52 
                  -39.000         49 
                   39.000         50 
                  -40.000         51 
                   40.000         55 
                  -41.000         58 
                   41.000         46 
                  -42.000         49 
                   42.000         57 
                  -43.000         46 
                   43.000         64 
                  -44.000         54 
                   44.000         53 
                  -45.000         58 
                   45.000         49 
                  -46.000         50 
                   46.000         70 
                  -47.000         58 
                   47.000         64 
                  -48.000         56 
                   48.000         58 
                  -49.000         57 
                   49.000         63 
                  -50.000         60 
                   50.000         66 
                  -51.000         61 
                   51.000         58 
                  -52.000         76 
                   52.000         70 
                  -53.000         69 
                   53.000         73 
                  -54.000         73 
                   54.000         74 
                  -55.000         63 
                   55.000         71 
                  -56.000         69 
                   56.000         86 
                  -57.000         69 
                   57.000         74 
                  -58.000         66 
                   58.000         71 
                  -59.000         71 
                   59.000         91 
                  -60.000         76 
                   60.000         66 
                  -61.000         73 
                   61.000         81 
                  -62.000         81 
                   62.000         83 
                  -63.000         89 
                   63.000         79 
                  -64.000         87 
                   64.000         97 
                  -65.000         99 
                   65.000         80 
                  -66.000         73 
                   66.000         79 
                  -67.000         77 
                   67.000         87 
                  -68.000         91 
                   68.000         78 
                  -69.000         88 
                   69.000         92 
                  -70.000         85 
                   70.000         91 
                  -71.000         71 
                   71.000        112 
                  -72.000         85 
                   72.000         78 
                  -73.000        101 
                   73.000        102 
                  -74.000         93 
                   74.000         93 
                  -75.000         96 
                   75.000         85 
                  -76.000         89 
                   76.000        103 
                  -77.000         99 
                   77.000        102 
                  -78.000         85 
                   78.000        114 
                  -79.000         98 
                   79.000         88 
                  -80.000        101 
                   80.000        121 
                  -81.000        105 
                   81.000        100 
                  -82.000         90 
                   82.000        113 
                  -83.000         99 
                   83.000        116 
                  -84.000        111 
                   84.000        107 
                  -85.000        101 
                   85.000        125 
                  -86.000        131 
                   86.000        116 
                  -87.000        103 
                   87.000         95 
                  -88.000        102 
                   88.000        124 
                  -89.000        111 
                   89.000        110 
                  -90.000        104 
                   90.000        127 
                  -91.000        119 
                   91.000        123 
                  -92.000        124 
                   92.000        123 
                  -93.000        111 
                   93.000        115 
                  -94.000        115 
                   94.000        112 
                  -95.000        127 
                   95.000        127 
                  -96.000        119 
                   96.000        136 
                  -97.000        131 
                   97.000        115 
                  -98.000        119 
                   98.000        146 
                  -99.000        115 
                   99.000        129 
                 -100.000        137 
                  100.000        107 
                 -101.000        119 
                  101.000        136 
                 -102.000        115 
                  102.000        129 
                 -103.000        121 
                  103.000        125 
                 -104.000        124 
                  104.000        148 
                 -105.000        168 
                  105.000        137 
                 -106.000        132 
                  106.000        149 
                 -107.000        144 
                  107.000        161 
                 -108.000        121 
                  108.000        161 
                 -109.000        125 
                  109.000        159 
                 -110.000        121 
                  110.000        139 
                 -111.000        149 
                  111.000        162 
                 -112.000        151 
                  112.000        152 
                 -113.000        161 
                  113.000        161 
                 -114.000        156 
                  114.000        168 
                 -115.000        149 
                  115.000        155 
                 -116.000        143 
                  116.000        173 
                 -117.000        142 
                  117.000        145 
                 -118.000        146 
                  118.000        166 
                 -119.000        133 
                  119.000        160 
                 -120.000        146 
                  120.000        154 
                 -121.000        150 
                  121.000        178 
                 -122.000        157 
                  122.000        156 
                 -123.000        169 
                  123.000        170 
                 -124.000        137 
                  124.000        153 
                 -125.000        151 
                  125.000        157 
                 -126.000        151 
                  126.000        174 
                 -127.000        168 
                  127.000        200 
                 -128.000        178 
                  128.000        172 
                 -129.000        160 
                  129.000        183 
                 -130.000        136 
                  130.000        190 
                 -131.000        159 
                  131.000        161 
                 -132.000        162 
                  132.000        191 
                 -133.000        172 
                  133.000        176 
                 -134.000        180 
                  134.000        176 
                 -135.000        155 
                  135.000        161 
                 -136.000        165 
                  136.000        174 
                 -137.000        186 
                  137.000        196 
                 -138.000        158 
                  138.000        189 
                 -139.000        171 
                  139.000        189 
                 -140.000        173 
                  140.000        209 
                 -141.000        177 
                  141.000        203 
                 -142.000        196 
                  142.000        199 
                 -143.000        155 
                  143.000        197 
                 -144.000        192 
                  144.000        210 
                 -145.000        167 
                  145.000        183 
                 -146.000        197 
                  146.000        214 
                 -147.000        176 
                  147.000        197 
                 -148.000        211 
                  148.000        184 
                 -149.000        199 
                  149.000        204 
                 -150.000        194 
                  150.000        195 
                 -151.000        165 
                  151.000        230 
                 -152.000        179 
                  152.000        200 
                 -153.000        180 
                  153.000        190 
                 -154.000        188 
                  154.000        177 
                 -155.000        163 
                  155.000        169 
                 -156.000        226 
                  156.000        207 
                 -157.000        179 
                  157.000        225 
                 -158.000        181 
                  158.000        207 
                 -159.000        164 
                  159.000        250 
                 -160.000        226 
                  160.000        234 
                 -161.000        171 
                  161.000        212 
                 -162.000        232 
                  162.000        232 
                 -163.000        226 
                  163.000        211 
                 -164.000        206 
                  164.000        261 
                 -165.000        231 
                  165.000        240 
                 -166.000        203 
                  166.000        208 
                 -167.000        172 
                  167.000        203 
                 -168.000        225 
                  168.000        221 
                 -169.000        210 
                  169.000        229 
                 -170.000        219 
                  170.000        241 
                 -171.000        199 
                  171.000        214 
                 -172.000        187 
                  172.000        226 
                 -173.000        221 
                  173.000        221 
                 -174.000        214 
                  174.000        250 
                 -175.000        229 
                  175.000        228 
                 -176.000        214 
                  176.000        219 
                 -177.000        200 
                  177.000        218 
                 -178.000        218 
                  178.000        252 
                 -179.000        219 
                  179.000        255 
                 -180.000        232 
                  180.000        235 
                 -181.000        226 
                  181.000        252 
                 -182.000        227 
                  182.000        243 
                 -183.000        208 
                  183.000        254 
                 -184.000        209 
                  184.000        223 
                 -185.000        206 
                  185.000        266 
                 -186.000        208 
                  186.000        255 
                 -187.000        250 
                  187.000        257 
                 -188.000        237 
                  188.000        240 
                 -189.000        211 
                  189.000        257 
                 -190.000        252 
                  190.000        248 
                 -191.000        229 
                  191.000        262 
                 -192.000        262 
                  192.000        256 
                 -193.000        207 
                  193.000        244 
                 -194.000        212 
                  194.000        248 
                 -195.000        227 
                  195.000        245 
                 -196.000        243 
                  196.000        274 
                 -197.000        222 
                  197.000        326 
                 -198.000        227 
                  198.000        265 
                 -199.000        250 
                  199.000        269 
                 -200.000        239 
                  200.000        283 
                 -201.000        265 
                  201.000        275 
                 -202.000        240 
                  202.000        227 
                 -203.000        216 
                  203.000        279 
                 -204.000        270 
                  204.000        295 
                 -205.000        257 
                  205.000        295 
                 -206.000        284 
                  206.000        295 
                 -207.000        281 
                  207.000        281 
                 -208.000        256 
                  208.000        297 
                 -209.000        257 
                  209.000        275 
                 -210.000        223 
                  210.000        260 
                 -211.000        253 
                  211.000        255 
                 -212.000        239 
                  212.000        257 
                 -213.000        282 
                  213.000        301 
                 -214.000        274 
                  214.000        263 
                 -215.000        231 
                  215.000        267 
                 -216.000        250 
                  216.000        295 
                 -217.000        269 
                  217.000        260 
                 -218.000        257 
                  218.000        286 
                 -219.000        255 
                  219.000        273 
                 -220.000        228 
                  220.000        294 
                 -221.000        275 
                  221.000        264 
                 -222.000        277 
                  222.000        312 
                 -223.000        263 
                  223.000        274 
                 -224.000        287 
                  224.000        280 
                 -225.000        285 
                  225.000        302 
                 -226.000        274 
                  226.000        333 
                 -227.000        283 
                  227.000        273 
                 -228.000        255 
                  228.000        293 
                 -229.000        293 
                  229.000        289 
                 -230.000        312 
                  230.000        326 
                 -231.000        299 
                  231.000        293 
                 -232.000        276 
                  232.000        267 
                 -233.000        290 
                  233.000        341 
                 -234.000        301 
                  234.000        322 
                 -235.000        288 
                  235.000        315 
                 -236.000        294 
                  236.000        329 
                 -237.000        313 
                  237.000        365 
                 -238.000        305 
                  238.000        324 
                 -239.000        321 
                  239.000        344 
                 -240.000        318 
                  240.000        316 
                 -241.000        292 
                  241.000        332 
                 -242.000        294 
                  242.000        339 
                 -243.000        290 
                  243.000        307 
                 -244.000        284 
                  244.000        316 
                 -245.000        350 
                  245.000        348 
                 -246.000        295 
                  246.000        342 
                 -247.000        304 
                  247.000        348 
                 -248.000        319 
                  248.000        340 
                 -249.000        283 
                  249.000        364 
                 -250.000        286 
                  250.000        301 
                 -251.000        363 
                  251.000        384 
                 -252.000        346 
                  252.000        311 
                 -253.000        295 
                  253.000        293 
                 -254.000        336 
                  254.000        359 
                 -255.000        314 
                  255.000        340 
                 -256.000        304 
                  256.000        318 
                 -257.000        369 
                  257.000        354 
                 -258.000        338 
                  258.000        381 
                 -259.000        318 
                  259.000        365 
                 -260.000        352 
                  260.000        335 
                 -261.000        324 
                  261.000        344 
                 -262.000        325 
                  262.000        380 
                 -263.000        344 
                  263.000        400 
                 -264.000        278 
                  264.000        324 
                 -265.000        339 
                  265.000        357 
                 -266.000        330 
                  266.000        367 
                 -267.000        319 
                  267.000        380 
                 -268.000        304 
                  268.000        352 
                 -269.000        349 
                  269.000        392 
                 -270.000        366 
                  270.000        354 
                 -271.000        289 
                  271.000        365 
                 -272.000        356 
                  272.000        392 
                 -273.000        363 
                  273.000        363 
                 -274.000        360 
                  274.000        363 
                 -275.000        342 
                  275.000        335 
                 -276.000        336 
                  276.000        381 
                 -277.000        403 
                  277.000        419 
                 -278.000        314 
                  278.000        375 
                 -279.000        347 
                  279.000        363 
                 -280.000        360 
                  280.000        372 
                 -281.000        403 
                  281.000        417 
                 -282.000        367 
                  282.000        403 
                 -283.000        358 
                  283.000        396 
                 -284.000        348 
                  284.000        370 
                 -285.000        341 
                  285.000        406 
                 -286.000        346 
                  286.000        383 
                 -287.000        391 
                  287.000        400 
                 -288.000        369 
                  288.000        387 
                 -289.000        348 
                  289.000        389 
                 -290.000        364 
                  290.000        364 
                 -291.000        324 
                  291.000        369 
                 -292.000        367 
                  292.000        409 
                 -293.000        315 
                  293.000        361 
                 -294.000        363 
                  294.000        385 
                 -295.000        326 
                  295.000        358 
                 -296.000        370 
                  296.000        365 
                 -297.000        380 
                  297.000        410 
                 -298.000        370 
                  298.000        417 
                 -299.000        356 
                  299.000        389 
                 -300.000        376 
                  300.000        403 
                 -301.000        353 
                  301.000        418 
                 -302.000        370 
                  302.000        405 
                 -303.000        415 
                  303.000        443 
                 -304.000        342 
                  304.000        428 
                 -305.000        344 
                  305.000        407 
                 -306.000        425 
                  306.000        442 
                 -307.000        341 
                  307.000        373 
                 -308.000        415 
                  308.000        434 
                 -309.000        375 
                  309.000        417 
                 -310.000        376 
                  310.000        404 
                 -311.000        461 
                  311.000        429 
                 -312.000        368 
                  312.000        471 
                 -313.000        385 
                  313.000        401 
                 -314.000        415 
                  314.000        434 
                 -315.000        407 
                  315.000        458 
                 -316.000        430 
                  316.000        464 
                 -317.000        373 
                  317.000        409 
                 -318.000        391 
                  318.000        392 
                 -319.000        390 
                  319.000        414 
                 -320.000        385 
                  320.000        421 
                 -321.000        386 
                  321.000        434 
                 -322.000        366 
                  322.000        431 
                 -323.000        379 
                  323.000        444 
                 -324.000        415 
                  324.000        411 
                 -325.000        416 
                  325.000        469 
                 -326.000        467 
                  326.000        464 
                 -327.000        474 
                  327.000        475 
                 -328.000        469 
                  328.000        471 
                 -329.000        398 
                  329.000        419 
                 -330.000        355 
                  330.000        383 
                 -331.000        401 
                  331.000        413 
                 -332.000        429 
                  332.000        442 
                 -333.000        447 
                  333.000        435 
                 -334.000        435 
                  334.000        487 
                 -335.000        421 
                  335.000        451 
                 -336.000        384 
                  336.000        480 
                 -337.000        436 
                  337.000        469 
                 -338.000        399 
                  338.000        402 
                 -339.000        401 
                  339.000        424 
                 -340.000        389 
                  340.000        447 
                 -341.000        396 
                  341.000        480 
                 -342.000        443 
                  342.000        493 
                 -343.000        383 
                  343.000        415 
                 -344.000        438 
                  344.000        478 
                 -345.000        451 
                  345.000        475 
                 -346.000        453 
                  346.000        489 
                 -347.000        385 
                  347.000        427 
                 -348.000        478 
                  348.000        473 
                 -349.000        440 
                  349.000        453 
                 -350.000        456 
                  350.000        503 
                 -351.000        450 
                  351.000        483 
                 -352.000        440 
                  352.000        494 
                 -353.000        404 
                  353.000        471 
                 -354.000        464 
                  354.000        482 
                 -355.000        412 
                  355.000        500 
                 -356.000        408 
                  356.000        421 
                 -357.000        469 
                  357.000        478 
                 -358.000        501 
                  358.000        507 
                 -359.000        434 
                  359.000        458 
                 -360.000        501 
                  360.000        471 
                 -361.000        439 
                  361.000        519 
                 -362.000        482 
                  362.000        485 
                 -363.000        425 
                  363.000        422 
                 -364.000        483 
                  364.000        517 
                 -365.000        482 
                  365.000        491 
                 -366.000        494 
                  366.000        514 
                 -367.000        419 
                  367.000        449 
                 -368.000        429 
                  368.000        478 
                 -369.000        439 
                  369.000        550 
                 -370.000        428 
                  370.000        511 
                 -371.000        511 
                  371.000        520 
                 -372.000        437 
                  372.000        465 
                 -373.000        442 
                  373.000        521 
                 -374.000        437 
                  374.000        466 
                 -375.000        469 
                  375.000        542 
                 -376.000        446 
                  376.000        487 
                 -377.000        506 
                  377.000        534 
                 -378.000        488 
                  378.000        532 
                 -379.000        441 
                  379.000        491 
                 -380.000        505 
                  380.000        532 
                 -381.000        436 
                  381.000        448 
                 -382.000        472 
                  382.000        515 
                 -383.000        460 
                  383.000        463 
                 -384.000        434 
                  384.000        475 
                 -385.000        458 
                  385.000        545 
                 -386.000        517 
                  386.000        535 
                 -387.000        503 
                  387.000        563 
                 -388.000        463 
                  388.000        563 
                 -389.000        461 
                  389.000        510 
                 -390.000        466 
                  390.000        488 
                 -391.000        485 
                  391.000        535 
                 -392.000        517 
                  392.000        576 
                 -393.000        468 
                  393.000        516 
                 -394.000        493 
                  394.000        546 
                 -395.000        497 
                  395.000        564 
                 -396.000        489 
                  396.000        502 
                 -397.000        463 
                  397.000        477 
                 -398.000        561 
                  398.000        596 
                 -399.000        460 
                  399.000        513 
                 -400.000        511 
                  400.000        542 
                 -401.000        448 
                  401.000        486 
                 -402.000        448 
                  402.000        500 
                 -403.000        494 
                  403.000        504 
                 -404.000        486 
                  404.000        561 
                 -405.000        506 
                  405.000        552 
                 -406.000        446 
                  406.000        559 
                 -407.000        517 
                  407.000        526 
                 -408.000        508 
                  408.000        511 
                 -409.000        552 
                  409.000        653 
                 -410.000        521 
                  410.000        544 
                 -411.000        496 
                  411.000        593 
                 -412.000        494 
                  412.000        567 
                 -413.000        510 
                  413.000        527 
                 -414.000        498 
                  414.000        549 
                 -415.000        455 
                  415.000        490 
                 -416.000        529 
                  416.000        567 
                 -417.000        562 
                  417.000        610 
                 -418.000        537 
                  418.000        608 
                 -419.000        532 
                  419.000        592 
                 -420.000        494 
                  420.000        575 
                 -421.000        502 
                  421.000        536 
                 -422.000        557 
                  422.000        597 
                 -423.000        531 
                  423.000        605 
                 -424.000        514 
                  424.000        572 
                 -425.000        493 
                  425.000        541 
                 -426.000        573 
                  426.000        581 
                 -427.000        521 
                  427.000        641 
                 -428.000        518 
                  428.000        551 
                 -429.000        579 
                  429.000        593 
                 -430.000        520 
                  430.000        649 
                 -431.000        502 
                  431.000        547 
                 -432.000        512 
                  432.000        588 
                 -433.000        530 
                  433.000        588 
                 -434.000        482 
                  434.000        530 
                 -435.000        488 
                  435.000        561 
                 -436.000        506 
                  436.000        623 
                 -437.000        466 
                  437.000        517 
                 -438.000        587 
                  438.000        591 
                 -439.000        546 
                  439.000        590 
                 -440.000        520 
                  440.000        520 
                 -441.000        530 
                  441.000        652 
                 -442.000        568 
                  442.000        611 
                 -443.000        500 
                  443.000        506 
                 -444.000        570 
                  444.000        546 
                 -445.000        512 
                  445.000        567 
                 -446.000        536 
                  446.000        555 
                 -447.000        561 
                  447.000        598 
                 -448.000        523 
                  448.000        588 
                 -449.000        545 
                  449.000        607 
                 -450.000        571 
                  450.000        621 
                 -451.000        567 
                  451.000        605 
                 -452.000        580 
                  452.000        646 
                 -453.000        577 
                  453.000        616 
                 -454.000        529 
                  454.000        633 
                 -455.000        582 
                  455.000        578 
                 -456.000        492 
                  456.000        514 
                 -457.000        560 
                  457.000        576 
                 -458.000        525 
                  458.000        613 
                 -459.000        561 
                  459.000        624 
                 -460.000        539 
                  460.000        596 
                 -461.000        564 
                  461.000        642 
                 -462.000        591 
                  462.000        610 
                 -463.000        580 
                  463.000        623 
                 -464.000        623 
                  464.000        608 
                 -465.000        563 
                  465.000        630 
                 -466.000        594 
                  466.000        605 
                 -467.000        581 
                  467.000        553 
                 -468.000        594 
                  468.000        623 
                 -469.000        610 
                  469.000        645 
                 -470.000        525 
                  470.000        579 
                 -471.000        578 
                  471.000        673 
                 -472.000        582 
                  472.000        606 
                 -473.000        560 
                  473.000        584 
                 -474.000        589 
                  474.000        670 
                 -475.000        568 
                  475.000        576 
                 -476.000        621 
                  476.000        691 
                 -477.000        576 
                  477.000        643 
                 -478.000        512 
                  478.000        587 
                 -479.000        523 
                  479.000        612 
                 -480.000        619 
                  480.000        661 
                 -481.000        556 
                  481.000        637 
                 -482.000        614 
                  482.000        677 
                 -483.000        602 
                  483.000        656 
                 -484.000        543 
                  484.000        611 
                 -485.000        635 
                  485.000        687 
                 -486.000        599 
                  486.000        638 
                 -487.000        671 
                  487.000        720 
                 -488.000        595 
                  488.000        633 
                 -489.000        656 
                  489.000        698 
                 -490.000        626 
                  490.000        686 
                 -491.000        746 
                  491.000        793 
                 -492.000        633 
                  492.000        666 
                 -493.000        658 
                  493.000        660 
                 -494.000        579 
                  494.000        620 
                 -495.000        585 
                  495.000        645 
                 -496.000        626 
                  496.000        669 
                 -497.000        629 
                  497.000        684 
                 -498.000        615 
                  498.000        667 
                 -499.000        640 
                  499.000        703 
                 -500.000        597 
                  500.000        694 
                 -501.000        639 
                  501.000        723 
                 -502.000        708 
                  502.000        745 
                 -503.000        638 
                  503.000        682 
                 -504.000        561 
                  504.000        655 
                 -505.000        657 
                  505.000        667 
                 -506.000        585 
                  506.000        647 
                 -507.000        578 
                  507.000        633 
                 -508.000        614 
                  508.000        668 
                 -509.000        659 
                  509.000        724 
                 -510.000        590 
                  510.000        690 
                 -511.000        601 
                  511.000        695 
                 -512.000        704 
                  512.000        768 
                 -513.000        617 
                  513.000        726 
                 -514.000        682 
                  514.000        661 
                 -515.000        700 
                  515.000        730 
                 -516.000        700 
                  516.000        770 
                 -517.000        590 
                  517.000        634 
                 -518.000        742 
                  518.000        752 
                 -519.000        684 
                  519.000        714 
                 -520.000        708 
                  520.000        771 
                 -521.000        622 
                  521.000        714 
                 -522.000        666 
                  522.000        760 
                 -523.000        665 
                  523.000        701 
                 -524.000        693 
                  524.000        756 
                 -525.000        667 
                  525.000        686 
                 -526.000        554 
                  526.000        656 
                 -527.000        728 
                  527.000        751 
                 -528.000        647 
                  528.000        708 
                 -529.000        695 
                  529.000        734 
                 -530.000        683 
                  530.000        660 
                 -531.000        646 
                  531.000        667 
                 -532.000        589 
                  532.000        682 
                 -533.000        691 
                  533.000        761 
                 -534.000        735 
                  534.000        656 
                 -535.000        662 
                  535.000        671 
                 -536.000        737 
                  536.000        827 
                 -537.000        659 
                  537.000        763 
                 -538.000        723 
                  538.000        767 
                 -539.000        675 
                  539.000        783 
                 -540.000        664 
                  540.000        753 
                 -541.000        625 
                  541.000        684 
                 -542.000        651 
                  542.000        659 
                 -543.000        726 
                  543.000        753 
                 -544.000        669 
                  544.000        698 
                 -545.000        631 
                  545.000        661 
                 -546.000        606 
                  546.000        703 
                 -547.000        745 
                  547.000        764 
                 -548.000        728 
                  548.000        724 
                 -549.000        690 
                  549.000        718 
                 -550.000        717 
                  550.000        728 
                 -551.000        718 
                  551.000        757 
                 -552.000        608 
                  552.000        702 
                 -553.000        682 
                  553.000        808 
                 -554.000        755 
                  554.000        797 
                 -555.000        631 
                  555.000        696 
                 -556.000        731 
                  556.000        820 
                 -557.000        611 
                  557.000        679 
                 -558.000        734 
                  558.000        715 
                 -559.000        628 
                  559.000        660 
                 -560.000        677 
                  560.000        688 
                 -561.000        695 
                  561.000        771 
                 -562.000        720 
                  562.000        732 
                 -563.000        834 
                  563.000        833 
                 -564.000        579 
                  564.000        732 
                 -565.000        637 
                  565.000        700 
                 -566.000        749 
                  566.000        839 
                 -567.000        715 
                  567.000        753 
                 -568.000        827 
                  568.000        852 
                 -569.000        693 
                  569.000        774 
                 -570.000        622 
                  570.000        688 
                 -571.000        736 
                  571.000        789 
                 -572.000        730 
                  572.000        793 
                 -573.000        679 
                  573.000        711 
                 -574.000        740 
                  574.000        746 
                 -575.000        706 
                  575.000        813 
                 -576.000        650 
                  576.000        764 
                 -577.000        771 
                  577.000        800 
                 -578.000        699 
                  578.000        802 
                 -579.000        815 
                  579.000        833 
                 -580.000        662 
                  580.000        804 
                 -581.000        744 
                  581.000        770 
                 -582.000        820 
                  582.000        802 
                 -583.000        787 
                  583.000        811 
                 -584.000        694 
                  584.000        827 
                 -585.000        792 
                  585.000        803 
                 -586.000        703 
                  586.000        786 
                 -587.000        737 
                  587.000        805 
                 -588.000        764 
                  588.000        806 
                 -589.000        677 
                  589.000        786 
                 -590.000        798 
                  590.000        835 
                 -591.000        807 
                  591.000        793 
                 -592.000        701 
                  592.000        717 
                 -593.000        691 
                  593.000        729 
                 -594.000        713 
                  594.000        787 
                 -595.000        764 
                  595.000        823 
                 -596.000        680 
                  596.000        760 
                 -597.000        718 
                  597.000        748 
                 -598.000        657 
                  598.000        749 
                 -599.000        752 
                  599.000        763 
                 -600.000        821 
                  600.000        913 
                 -601.000        897 
                  601.000        877 
                 -602.000        746 
                  602.000        833 
                 -603.000        680 
                  603.000        819 
                 -604.000        785 
                  604.000        833 
                 -605.000        708 
                  605.000        728 
                 -606.000        782 
                  606.000        818 
                 -607.000        819 
                  607.000        939 
                 -608.000        835 
                  608.000        879 
                 -609.000        698 
                  609.000        767 
                 -610.000        803 
                  610.000        864 
                 -611.000        841 
                  611.000        822 
                 -612.000        770 
                  612.000        832 
                 -613.000        771 
                  613.000        819 
                 -614.000        640 
                  614.000        769 
                 -615.000        804 
                  615.000        862 
                 -616.000        757 
                  616.000        850 
                 -617.000        825 
                  617.000        908 
                 -618.000        716 
                  618.000        792 
                 -619.000        783 
                  619.000        836 
                 -620.000        793 
                  620.000        893 
                 -621.000        697 
                  621.000        769 
                 -622.000        835 
                  622.000        844 
                 -623.000        710 
                  623.000        744 
                 -624.000        745 
                  624.000        841 
                 -625.000        794 
                  625.000        873 
                 -626.000        730 
                  626.000        780 
                 -627.000        850 
                  627.000        927 
                 -628.000        821 
                  628.000        919 
                 -629.000        769 
                  629.000        865 
                 -630.000        846 
                  630.000        927 
                 -631.000        760 
                  631.000        802 
                 -632.000        838 
                  632.000        907 
                 -633.000        824 
                  633.000        904 
                 -634.000        783 
                  634.000        840 
                 -635.000        784 
                  635.000        876 
                 -636.000        827 
                  636.000        932 
                 -637.000        789 
                  637.000        811 
                 -638.000        741 
                  638.000        796 
                 -639.000        881 
                  639.000        890 
                 -640.000        810 
                  640.000        862 
                 -641.000        853 
                  641.000        964 
                 -642.000        874 
                  642.000        892 
                 -643.000        846 
                  643.000        924 
                 -644.000        847 
                  644.000        955 
                 -645.000        912 
                  645.000        918 
                 -646.000        861 
                  646.000        933 
                 -647.000        846 
                  647.000        961 
                 -648.000        739 
                  648.000        906 
                 -649.000        804 
                  649.000        882 
                 -650.000        898 
                  650.000        981 
                 -651.000        762 
                  651.000        860 
                 -652.000        786 
                  652.000        845 
                 -653.000        802 
                  653.000        807 
                 -654.000        815 
                  654.000        957 
                 -655.000        890 
                  655.000        868 
                 -656.000        786 
                  656.000        836 
                 -657.000        780 
                  657.000        927 
                 -658.000        842 
                  658.000        860 
                 -659.000        851 
                  659.000        854 
                 -660.000        845 
                  660.000        891 
                 -661.000        818 
                  661.000        890 
                 -662.000        763 
                  662.000        949 
                 -663.000        795 
                  663.000        896 
                 -664.000        632 
                  664.000        764 
                 -665.000        803 
                  665.000        904 
                 -666.000        783 
                  666.000        869 
                 -667.000        791 
                  667.000        848 
                 -668.000        892 
                  668.000        984 
                 -669.000        821 
                  669.000        837 
                 -670.000        922 
                  670.000        972 
                 -671.000        928 
                  671.000        945 
                 -672.000        797 
                  672.000        927 
                 -673.000        884 
                  673.000        900 
                 -674.000        809 
                  674.000        978 
                 -675.000        872 
                  675.000        975 
                 -676.000        815 
                  676.000        889 
                 -677.000        827 
                  677.000        906 
                 -678.000        964 
                  678.000       1058 
                 -679.000        800 
                  679.000        887 
                 -680.000        832 
                  680.000        885 
                 -681.000        923 
                  681.000       1005 
                 -682.000        842 
                  682.000        894 
                 -683.000        923 
                  683.000        920 
                 -684.000        975 
                  684.000       1022 
                 -685.000        825 
                  685.000        930 
                 -686.000        924 
                  686.000        950 
                 -687.000        869 
                  687.000        982 
                 -688.000        744 
                  688.000        821 
                 -689.000        820 
                  689.000        789 
                 -690.000        950 
                  690.000        948 
                 -691.000        914 
                  691.000       1019 
                 -692.000        830 
                  692.000        912 
                 -693.000        812 
                  693.000        889 
                 -694.000        878 
                  694.000        924 
                 -695.000        833 
                  695.000        924 
                 -696.000        843 
                  696.000        889 
                 -697.000        916 
                  697.000        926 
                 -698.000        903 
                  698.000       1020 
                 -699.000        851 
                  699.000        956 
                 -700.000        898 
                  700.000        985 
                 -701.000        950 
                  701.000       1019 
                 -702.000        803 
                  702.000        954 
                 -703.000        921 
                  703.000        994 
                 -704.000        857 
                  704.000        943 
                 -705.000       1001 
                  705.000       1069 
                 -706.000        846 
                  706.000        935 
                 -707.000        835 
                  707.000        909 
                 -708.000        843 
                  708.000        996 
                 -709.000        874 
                  709.000        889 
                 -710.000        864 
                  710.000        931 
                 -711.000        761 
                  711.000        817 
                 -712.000        852 
                  712.000       1004 
                 -713.000       1067 
                  713.000       1026 
                 -714.000        941 
                  714.000       1019 
                 -715.000        889 
                  715.000       1035 
                 -716.000       1011 
                  716.000       1083 
                 -717.000        913 
                  717.000        921 
                 -718.000        911 
                  718.000        962 
                 -719.000        995 
                  719.000       1072 
                 -720.000        810 
                  720.000        943 
                 -721.000        851 
                  721.000        900 
                 -722.000        878 
                  722.000        897 
                 -723.000        964 
                  723.000       1011 
                 -724.000        763 
                  724.000        825 
                 -725.000        947 
                  725.000        961 
                 -726.000       1038 
                  726.000       1055 
                 -727.000        845 
                  727.000        931 
                 -728.000        962 
                  728.000       1012 
                 -729.000        858 
                  729.000        942 
                 -730.000        909 
                  730.000        996 
                 -731.000        988 
                  731.000       1043 
                 -732.000        936 
                  732.000        966 
                 -733.000        906 
                  733.000        975 
                 -734.000        754 
                  734.000        867 
                 -735.000        953 
                  735.000        969 
                 -736.000        856 
                  736.000        886 
                 -737.000        942 
                  737.000       1035 
                 -738.000        887 
                  738.000        994 
                 -739.000        966 
                  739.000       1042 
                 -740.000       1007 
                  740.000       1121 
                 -741.000        986 
                  741.000        993 
                 -742.000        922 
                  742.000        967 
                 -743.000        835 
                  743.000        879 
                 -744.000        865 
                  744.000        947 
                 -745.000        869 
                  745.000        948 
                 -746.000        944 
                  746.000        960 
                 -747.000        875 
                  747.000        979 
                 -748.000        927 
                  748.000       1009 
                 -749.000        854 
                  749.000        987 
                 -750.000        960 
                  750.000        995 
                 -751.000        914 
                  751.000       1032 
                 -752.000        902 
                  752.000       1010 
                 -753.000        959 
                  753.000       1066 
                 -754.000        919 
                  754.000       1005 
                 -755.000       1119 
                  755.000       1173 
                 -756.000        871 
                  756.000        988 
                 -757.000        773 
                  757.000        895 
                 -758.000       1007 
                  758.000       1068 
                 -759.000        947 
                  759.000       1029 
                 -760.000        957 
                  760.000       1085 
                 -761.000       1000 
                  761.000       1021 
                 -762.000        841 
                  762.000        900 
                 -763.000        911 
                  763.000       1023 
                 -764.000        998 
                  764.000       1105 
                 -765.000       1053 
                  765.000       1093 
                 -766.000        851 
                  766.000        926 
                 -767.000        936 
                  767.000        962 
                 -768.000        940 
                  768.000        942 
                 -769.000        914 
                  769.000        980 
                 -770.000       1053 
                  770.000       1096 
                 -771.000        948 
                  771.000       1007 
                 -772.000       1035 
                  772.000       1052 
                 -773.000        794 
                  773.000        895 
                 -774.000        961 
                  774.000       1017 
                 -775.000       1025 
                  775.000       1076 
                 -776.000       1034 
                  776.000       1051 
                 -777.000        903 
                  777.000        992 
                 -778.000        915 
                  778.000       1011 
                 -779.000        898 
                  779.000        929 
                 -780.000        970 
                  780.000       1041 
                 -781.000        961 
                  781.000       1079 
                 -782.000       1079 
                  782.000       1165 
                 -783.000       1020 
                  783.000       1045 
                 -784.000       1083 
                  784.000       1110 
                 -785.000       1026 
                  785.000       1112 
                 -786.000        881 
                  786.000        944 
                 -787.000       1007 
                  787.000       1128 
                 -788.000        966 
                  788.000       1078 
                 -789.000        965 
                  789.000       1063 
                 -790.000        951 
                  790.000       1105 
                 -791.000       1041 
                  791.000       1149 
                 -792.000       1099 
                  792.000       1167 
                 -793.000        929 
                  793.000       1007 
                 -794.000       1038 
                  794.000       1124 
                 -795.000        982 
                  795.000       1146 
                 -796.000        916 
                  796.000       1089 
                 -797.000       1029 
                  797.000       1065 
                 -798.000        974 
                  798.000       1055 
                 -799.000       1123 
                  799.000       1175 
                 -800.000       1018 
                  800.000       1019 
                 -801.000       1107 
                  801.000       1239 
                 -802.000        944 
                  802.000       1039 
                 -803.000       1007 
                  803.000       1124 
                 -804.000       1086 
                  804.000       1125 
                 -805.000        953 
                  805.000       1005 
                 -806.000       1006 
                  806.000       1143 
                 -807.000       1067 
                  807.000       1087 
                 -808.000        947 
                  808.000       1053 
                 -809.000       1068 
                  809.000       1174 
                 -810.000       1085 
                  810.000       1043 
                 -811.000        917 
                  811.000       1004 
                 -812.000       1099 
                  812.000       1208 
                 -813.000       1097 
                  813.000       1139 
                 -814.000       1053 
                  814.000       1170 
                 -815.000       1025 
                  815.000       1072 
                 -816.000        951 
                  816.000       1051 
                 -817.000       1092 
                  817.000       1156 
                 -818.000       1088 
                  818.000       1129 
                 -819.000       1048 
                  819.000       1102 
                 -820.000        920 
                  820.000       1077 
                 -821.000        902 
                  821.000       1010 
                 -822.000       1011 
                  822.000       1085 
                 -823.000       1027 
                  823.000       1076 
                 -824.000       1004 
                  824.000       1086 
                 -825.000        982 
                  825.000       1005 
                 -826.000        982 
                  826.000       1107 
                 -827.000       1073 
                  827.000       1180 
                 -828.000       1051 
                  828.000       1059 
                 -829.000        986 
                  829.000       1061 
                 -830.000       1119 
                  830.000       1212 
                 -831.000       1109 
                  831.000       1115 
                 -832.000       1017 
                  832.000       1208 
                 -833.000        934 
                  833.000       1069 
                 -834.000       1015 
                  834.000       1073 
                 -835.000       1021 
                  835.000       1106 
                 -836.000       1146 
                  836.000       1223 
                 -837.000        943 
                  837.000       1040 
                 -838.000       1112 
                  838.000       1130 
                 -839.000       1118 
                  839.000       1238 
                 -840.000       1136 
                  840.000       1230 
                 -841.000       1192 
                  841.000       1203 
                 -842.000        962 
                  842.000       1034 
                 -843.000       1114 
                  843.000       1242 
                 -844.000       1119 
                  844.000       1239 
                 -845.000       1006 
                  845.000       1101 
                 -846.000       1121 
                  846.000       1269 
                 -847.000       1075 
                  847.000       1147 
                 -848.000       1133 
                  848.000       1222 
                 -849.000       1150 
                  849.000       1269 
                 -850.000       1129 
                  850.000       1265 
                 -851.000       1106 
                  851.000       1148 
                 -852.000       1057 
                  852.000       1103 
                 -853.000       1090 
                  853.000       1241 
                 -854.000       1054 
                  854.000       1171 
                 -855.000       1075 
                  855.000       1103 
                 -856.000       1141 
                  856.000       1203 
                 -857.000       1052 
                  857.000       1105 
                 -858.000        994 
                  858.000       1039 
                 -859.000       1121 
                  859.000       1171 
                 -860.000        984 
                  860.000       1093 
                 -861.000        941 
                  861.000       1086 
                 -862.000       1042 
                  862.000       1129 
                 -863.000        978 
                  863.000       1062 
                 -864.000       1065 
                  864.000       1121 
                 -865.000        916 
                  865.000       1024 
                 -866.000       1174 
                  866.000       1232 
                 -867.000       1110 
                  867.000       1244 
                 -868.000       1190 
                  868.000       1204 
                 -869.000       1027 
                  869.000       1085 
                 -870.000        986 
                  870.000       1040 
                 -871.000       1105 
                  871.000       1162 
                 -872.000       1129 
                  872.000       1193 
                 -873.000       1053 
                  873.000       1169 
                 -874.000       1061 
                  874.000       1181 
                 -875.000       1162 
                  875.000       1228 
                 -876.000       1130 
                  876.000       1166 
                 -877.000       1079 
                  877.000       1215 
                 -878.000       1143 
                  878.000       1242 
                 -879.000       1031 
                  879.000       1150 
                 -880.000       1125 
                  880.000       1261 
                 -881.000       1236 
                  881.000       1263 
                 -882.000       1002 
                  882.000       1094 
                 -883.000       1041 
                  883.000       1156 
                 -884.000       1186 
                  884.000       1305 
                 -885.000       1148 
                  885.000       1336 
                 -886.000        905 
                  886.000       1043 
                 -887.000       1105 
                  887.000       1191 
                 -888.000       1207 
                  888.000       1302 
                 -889.000       1222 
                  889.000       1299 
                 -890.000       1076 
                  890.000       1136 
                 -891.000       1192 
                  891.000       1290 
                 -892.000       1092 
                  892.000       1147 
                 -893.000       1093 
                  893.000       1100 
                 -894.000       1119 
                  894.000       1319 
                 -895.000       1173 
                  895.000       1236 
                 -896.000       1109 
                  896.000       1188 
                 -897.000       1325 
                  897.000       1405 
                 -898.000       1119 
                  898.000       1184 
                 -899.000       1073 
                  899.000       1102 
                 -900.000       1219 
                  900.000       1254 
                 -901.000       1085 
                  901.000       1222 
                 -902.000       1234 
                  902.000       1290 
                 -903.000       1097 
                  903.000       1070 
                 -904.000       1276 
                  904.000       1273 
                 -905.000       1113 
                  905.000       1201 
                 -906.000       1085 
                  906.000       1246 
                 -907.000       1047 
                  907.000       1084 
                 -908.000       1165 
                  908.000       1268 
                 -909.000       1119 
                  909.000       1202 
                 -910.000       1161 
                  910.000       1187 
                 -911.000       1119 
                  911.000       1231 
                 -912.000       1181 
                  912.000       1241 
                 -913.000       1253 
                  913.000       1294 
                 -914.000       1136 
                  914.000       1230 
                 -915.000       1110 
                  915.000       1145 
                 -916.000       1027 
                  916.000       1153 
                 -917.000       1254 
                  917.000       1380 
                 -918.000       1083 
                  918.000       1133 
                 -919.000       1201 
                  919.000       1238 
                 -920.000       1090 
                  920.000       1290 
                 -921.000       1115 
                  921.000       1186 
                 -922.000       1178 
                  922.000       1264 
                 -923.000       1210 
                  923.000       1230 
                 -924.000       1244 
                  924.000       1355 
                 -925.000       1189 
                  925.000       1329 
                 -926.000       1120 
                  926.000       1173 
                 -927.000       1197 
                  927.000       1210 
                 -928.000       1108 
                  928.000       1290 
                 -929.000       1255 
                  929.000       1328 
                 -930.000       1083 
                  930.000       1176 
                 -931.000       1302 
                  931.000       1399 
                 -932.000       1222 
                  932.000       1345 
                 -933.000       1249 
                  933.000       1394 
                 -934.000       1178 
                  934.000       1322 
                 -935.000       1227 
                  935.000       1297 
                 -936.000       1095 
                  936.000       1132 
                 -937.000       1145 
                  937.000       1248 
                 -938.000       1122 
                  938.000       1226 
                 -939.000       1163 
                  939.000       1315 
                 -940.000       1033 
                  940.000       1185 
                 -941.000       1272 
                  941.000       1417 
                 -942.000       1277 
                  942.000       1409 
                 -943.000       1186 
                  943.000       1326 
                 -944.000       1209 
                  944.000       1355 
                 -945.000       1253 
                  945.000       1397 
                 -946.000       1062 
                  946.000       1132 
                 -947.000       1081 
                  947.000       1165 
                 -948.000       1221 
                  948.000       1283 
                 -949.000       1226 
                  949.000       1313 
                 -950.000       1234 
                  950.000       1345 
                 -951.000       1308 
                  951.000       1437 
                 -952.000       1125 
                  952.000       1334 
                 -953.000       1177 
                  953.000       1295 
                 -954.000       1226 
                  954.000       1379 
                 -955.000       1239 
                  955.000       1399 
                 -956.000       1194 
                  956.000       1286 
                 -957.000       1218 
                  957.000       1342 
                 -958.000        981 
                  958.000       1099 
                 -959.000       1350 
                  959.000       1448 
                 -960.000       1259 
                  960.000       1383 
                 -961.000       1231 
                  961.000       1273 
                 -962.000       1132 
                  962.000       1282 
                 -963.000       1207 
                  963.000       1306 
                 -964.000       1213 
                  964.000       1345 
                 -965.000       1161 
                  965.000       1244 
                 -966.000       1227 
                  966.000       1316 
                 -967.000       1031 
                  967.000       1055 
                 -968.000       1329 
                  968.000       1405 
                 -969.000       1161 
                  969.000       1307 
                 -970.000       1121 
                  970.000       1219 
                 -971.000       1206 
                  971.000       1277 
                 -972.000       1314 
                  972.000       1508 
                 -973.000       1191 
                  973.000       1299 
                 -974.000       1088 
                  974.000       1178 
                 -975.000       1219 
                  975.000       1301 
                 -976.000       1216 
                  976.000       1263 
                 -977.000       1171 
                  977.000       1282 
                 -978.000       1268 
                  978.000       1300 
                 -979.000       1076 
                  979.000       1157 
                 -980.000       1135 
                  980.000       1243 
                 -981.000       1200 
                  981.000       1274 
                 -982.000       1192 
                  982.000       1310 
                 -983.000       1217 
                  983.000       1329 
                 -984.000       1192 
                  984.000       1376 
                 -985.000       1230 
                  985.000       1369 
                 -986.000       1342 
                  986.000       1419 
                 -987.000       1264 
                  987.000       1380 
                 -988.000       1208 
                  988.000       1268 
                 -989.000       1102 
                  989.000       1123 
                 -990.000       1387 
                  990.000       1433 
                 -991.000       1245 
                  991.000       1298 
                 -992.000       1275 
                  992.000       1397 
                 -993.000       1355 
                  993.000       1521 
                 -994.000       1199 
                  994.000       1303 
                 -995.000       1277 
                  995.000       1332 
                 -996.000       1154 
                  996.000       1170 
                 -997.000       1230 
                  997.000       1353 
                 -998.000       1284 
                  998.000       1455 
                 -999.000       1142 
                  999.000       1242 
                -1000.000       1180 
                 1000.000       1298 
                -1001.000       1235 
                 1001.000       1263 
                -1002.000       1194 
                 1002.000       1431 
                -1003.000       1126 
                 1003.000       1310 
                -1004.000       1369 
                 1004.000       1466 
                -1005.000       1215 
                 1005.000       1321 
                -1006.000       1253 
                 1006.000       1336 
                -1007.000       1294 
                 1007.000       1368 
                -1008.000       1339 
                 1008.000       1437 
                -1009.000       1216 
                 1009.000       1280 
                -1010.000       1380 
                 1010.000       1425 
                -1011.000       1215 
                 1011.000       1341 
                -1012.000       1213 
                 1012.000       1409 
                -1013.000       1369 
                 1013.000       1422 
                -1014.000       1212 
                 1014.000       1308 
                -1015.000       1241 
                 1015.000       1393 
                -1016.000       1269 
                 1016.000       1417 
                -1017.000       1315 
                 1017.000       1317 
                -1018.000       1219 
                 1018.000       1320 
                -1019.000       1377 
                 1019.000       1531 
                -1020.000       1426 
                 1020.000       1555 
                -1021.000       1232 
                 1021.000       1341 
                -1022.000       1258 
                 1022.000       1347 
                -1023.000       1276 
                 1023.000       1421 
                -1024.000       1320 
                 1024.000       1440 
                -1025.000       1227 
                 1025.000       1324 
                -1026.000       1405 
                 1026.000       1461 
                -1027.000       1328 
                 1027.000       1429 
                -1028.000       1275 
                 1028.000       1361 
                -1029.000       1294 
                 1029.000       1486 
                -1030.000       1155 
                 1030.000       1254 
                -1031.000       1148 
                 1031.000       1313 
                -1032.000       1138 
                 1032.000       1246 
                -1033.000       1391 
                 1033.000       1496 
                -1034.000       1296 
                 1034.000       1460 
                -1035.000       1339 
                 1035.000       1482 
                -1036.000       1206 
                 1036.000       1368 
                -1037.000       1217 
                 1037.000       1325 
                -1038.000       1403 
                 1038.000       1434 
                -1039.000       1345 
                 1039.000       1503 
                -1040.000       1415 
                 1040.000       1592 
                -1041.000       1397 
                 1041.000       1504 
                -1042.000       1222 
                 1042.000       1433 
                -1043.000       1341 
                 1043.000       1408 
                -1044.000       1338 
                 1044.000       1405 
                -1045.000       1389 
                 1045.000       1551 
                -1046.000       1191 
                 1046.000       1310 
                -1047.000       1359 
                 1047.000       1449 
                -1048.000       1264 
                 1048.000       1428 
                -1049.000       1276 
                 1049.000       1460 
                -1050.000       1292 
                 1050.000       1372 
                -1051.000       1249 
                 1051.000       1311 
                -1052.000       1295 
                 1052.000       1383 
                -1053.000       1210 
                 1053.000       1273 
                -1054.000       1167 
                 1054.000       1284 
                -1055.000       1310 
                 1055.000       1472 
                -1056.000       1363 
                 1056.000       1516 
                -1057.000       1441 
                 1057.000       1496 
                -1058.000       1361 
                 1058.000       1536 
                -1059.000       1365 
                 1059.000       1473 
                -1060.000       1303 
                 1060.000       1442 
                -1061.000       1357 
                 1061.000       1423 
                -1062.000       1300 
                 1062.000       1463 
                -1063.000       1285 
                 1063.000       1421 
                -1064.000       1300 
                 1064.000       1422 
                -1065.000       1244 
                 1065.000       1323 
                -1066.000       1231 
                 1066.000       1461 
                -1067.000       1373 
                 1067.000       1359 
                -1068.000       1285 
                 1068.000       1403 
                -1069.000       1240 
                 1069.000       1366 
                -1070.000       1371 
                 1070.000       1450 
                -1071.000       1304 
                 1071.000       1439 
                -1072.000       1140 
                 1072.000       1345 
                -1073.000       1378 
                 1073.000       1423 
                -1074.000       1446 
                 1074.000       1509 
                -1075.000       1377 
                 1075.000       1512 
                -1076.000       1347 
                 1076.000       1400 
                -1077.000       1303 
                 1077.000       1340 
                -1078.000       1256 
                 1078.000       1327 
                -1079.000       1283 
                 1079.000       1385 
                -1080.000       1414 
                 1080.000       1579 
                -1081.000       1237 
                 1081.000       1322 
                -1082.000       1293 
                 1082.000       1390 
                -1083.000       1447 
                 1083.000       1606 
                -1084.000       1312 
                 1084.000       1338 
                -1085.000       1238 
                 1085.000       1268 
                -1086.000       1276 
                 1086.000       1289 
                -1087.000       1244 
                 1087.000       1398 
                -1088.000       1404 
                 1088.000       1532 
                -1089.000       1625 
                 1089.000       1693 
                -1090.000       1431 
                 1090.000       1617 
                -1091.000       1290 
                 1091.000       1401 
                -1092.000       1421 
                 1092.000       1571 
                -1093.000       1379 
                 1093.000       1514 
                -1094.000       1444 
                 1094.000       1607 
                -1095.000       1276 
                 1095.000       1409 
                -1096.000       1285 
                 1096.000       1433 
                -1097.000       1272 
                 1097.000       1411 
                -1098.000       1461 
                 1098.000       1550 
                -1099.000       1457 
                 1099.000       1516 
                -1100.000       1381 
                 1100.000       1526 
                -1101.000       1413 
                 1101.000       1474 
                -1102.000       1400 
                 1102.000       1486 
                -1103.000       1468 
                 1103.000       1556 
                -1104.000       1432 
                 1104.000       1578 
                -1105.000       1335 
                 1105.000       1448 
                -1106.000       1306 
                 1106.000       1418 
                -1107.000       1414 
                 1107.000       1506 
                -1108.000       1401 
                 1108.000       1511 
                -1109.000       1512 
                 1109.000       1523 
                -1110.000       1369 
                 1110.000       1522 
                -1111.000       1414 
                 1111.000       1588 
                -1112.000       1365 
                 1112.000       1454 
                -1113.000       1280 
                 1113.000       1483 
                -1114.000       1409 
                 1114.000       1582 
                -1115.000       1350 
                 1115.000       1369 
                -1116.000       1350 
                 1116.000       1501 
                -1117.000       1584 
                 1117.000       1656 
                -1118.000       1259 
                 1118.000       1456 
                -1119.000       1454 
                 1119.000       1569 
                -1120.000       1410 
                 1120.000       1537 
                -1121.000       1309 
                 1121.000       1420 
                -1122.000       1148 
                 1122.000       1369 
                -1123.000       1440 
                 1123.000       1509 
                -1124.000       1153 
                 1124.000       1329 
                -1125.000       1432 
                 1125.000       1588 
                -1126.000       1391 
                 1126.000       1488 
                -1127.000       1355 
                 1127.000       1469 
                -1128.000       1378 
                 1128.000       1469 
                -1129.000       1469 
                 1129.000       1539 
                -1130.000       1526 
                 1130.000       1513 
                -1131.000       1306 
                 1131.000       1480 
                -1132.000       1312 
                 1132.000       1396 
                -1133.000       1452 
                 1133.000       1534 
                -1134.000       1240 
                 1134.000       1411 
                -1135.000       1411 
                 1135.000       1546 
                -1136.000       1363 
                 1136.000       1430 
                -1137.000       1447 
                 1137.000       1520 
                -1138.000       1352 
                 1138.000       1412 
                -1139.000       1427 
                 1139.000       1595 
                -1140.000       1412 
                 1140.000       1510 
                -1141.000       1404 
                 1141.000       1529 
                -1142.000       1582 
                 1142.000       1688 
                -1143.000       1376 
                 1143.000       1470 
                -1144.000       1370 
                 1144.000       1498 
                -1145.000       1377 
                 1145.000       1417 
                -1146.000       1408 
                 1146.000       1530 
                -1147.000       1534 
                 1147.000       1594 
                -1148.000       1510 
                 1148.000       1668 
                -1149.000       1378 
                 1149.000       1507 
                -1150.000       1515 
                 1150.000       1661 
                -1151.000       1372 
                 1151.000       1465 
                -1152.000       1344 
                 1152.000       1381 
                -1153.000       1391 
                 1153.000       1425 
                -1154.000       1345 
                 1154.000       1464 
                -1155.000       1486 
                 1155.000       1571 
                -1156.000       1459 
                 1156.000       1564 
                -1157.000       1590 
                 1157.000       1662 
                -1158.000       1399 
                 1158.000       1495 
                -1159.000       1373 
                 1159.000       1472 
                -1160.000       1484 
                 1160.000       1678 
                -1161.000       1279 
                 1161.000       1416 
                -1162.000       1378 
                 1162.000       1507 
                -1163.000       1575 
                 1163.000       1671 
                -1164.000       1426 
                 1164.000       1637 
                -1165.000       1355 
                 1165.000       1424 
                -1166.000       1399 
                 1166.000       1562 
                -1167.000       1648 
                 1167.000       1639 
                -1168.000       1412 
                 1168.000       1578 
                -1169.000       1401 
                 1169.000       1445 
                -1170.000       1396 
                 1170.000       1569 
                -1171.000       1538 
                 1171.000       1680 
                -1172.000       1508 
                 1172.000       1698 
                -1173.000       1502 
                 1173.000       1606 
                -1174.000       1515 
                 1174.000       1640 
                -1175.000       1563 
                 1175.000       1679 
                -1176.000       1591 
                 1176.000       1588 
                -1177.000       1479 
                 1177.000       1636 
                -1178.000       1405 
                 1178.000       1487 
                -1179.000       1406 
                 1179.000       1575 
                -1180.000       1367 
                 1180.000       1565 
                -1181.000       1414 
                 1181.000       1555 
                -1182.000       1520 
                 1182.000       1642 
                -1183.000       1306 
                 1183.000       1322 
                -1184.000       1457 
                 1184.000       1501 
                -1185.000       1627 
                 1185.000       1709 
                -1186.000       1543 
                 1186.000       1710 
                -1187.000       1479 
                 1187.000       1556 
                -1188.000       1591 
                 1188.000       1654 
                -1189.000       1411 
                 1189.000       1476 
                -1190.000       1531 
                 1190.000       1635 
                -1191.000       1486 
                 1191.000       1571 
                -1192.000       1487 
                 1192.000       1660 
                -1193.000       1493 
                 1193.000       1607 
                -1194.000       1653 
                 1194.000       1735 
                -1195.000       1468 
                 1195.000       1579 
                -1196.000       1357 
                 1196.000       1447 
                -1197.000       1520 
                 1197.000       1684 
                -1198.000       1535 
                 1198.000       1644 
                -1199.000       1520 
                 1199.000       1660 
                -1200.000       1540 
                 1200.000       1630 
                -1201.000       1498 
                 1201.000       1563 
                -1202.000       1356 
                 1202.000       1512 
                -1203.000       1510 
                 1203.000       1613 
                -1204.000       1633 
                 1204.000       1799 
                -1205.000       1476 
                 1205.000       1656 
                -1206.000       1336 
                 1206.000       1464 
                -1207.000       1436 
                 1207.000       1619 
                -1208.000       1588 
                 1208.000       1623 
                -1209.000       1511 
                 1209.000       1498 
                -1210.000       1651 
                 1210.000       1672 
                -1211.000       1612 
                 1211.000       1696 
                -1212.000       1592 
                 1212.000       1649 
                -1213.000       1507 
                 1213.000       1685 
                -1214.000       1694 
                 1214.000       1836 
                -1215.000       1632 
                 1215.000       1701 
                -1216.000       1587 
                 1216.000       1809 
                -1217.000       1562 
                 1217.000       1585 
                -1218.000       1644 
                 1218.000       1767 
                -1219.000       1610 
                 1219.000       1815 
                -1220.000       1630 
                 1220.000       1713 
                -1221.000       1624 
                 1221.000       1738 
                -1222.000       1598 
                 1222.000       1655 
                -1223.000       1691 
                 1223.000       1769 
                -1224.000       1463 
                 1224.000       1626 
                -1225.000       1646 
                 1225.000       1705 
                -1226.000       1465 
                 1226.000       1551 
                -1227.000       1572 
                 1227.000       1668 
                -1228.000       1428 
                 1228.000       1602 
                -1229.000       1567 
                 1229.000       1787 
                -1230.000       1440 
                 1230.000       1558 
                -1231.000       1486 
                 1231.000       1585 
                -1232.000       1562 
                 1232.000       1662 
                -1233.000       1512 
                 1233.000       1577 
                -1234.000       1653 
                 1234.000       1709 
                -1235.000       1512 
                 1235.000       1682 
                -1236.000       1593 
                 1236.000       1697 
                -1237.000       1584 
                 1237.000       1653 
                -1238.000       1728 
                 1238.000       1802 
                -1239.000       1613 
                 1239.000       1772 
                -1240.000       1753 
                 1240.000       1838 
                -1241.000       1614 
                 1241.000       1710 
                -1242.000       1491 
                 1242.000       1609 
                -1243.000       1575 
                 1243.000       1689 
                -1244.000       1725 
                 1244.000       1872 
                -1245.000       1698 
                 1245.000       1778 
                -1246.000       1636 
                 1246.000       1801 
                -1247.000       1596 
                 1247.000       1629 
                -1248.000       1517 
                 1248.000       1560 
                -1249.000       1537 
                 1249.000       1676 
                -1250.000       1771 
                 1250.000       1852 
                -1251.000       1679 
                 1251.000       1904 
                -1252.000       1600 
                 1252.000       1813 
                -1253.000       1630 
                 1253.000       1738 
                -1254.000       1542 
                 1254.000       1609 
                -1255.000       1505 
                 1255.000       1738 
                -1256.000       1588 
                 1256.000       1724 
                -1257.000       1448 
                 1257.000       1582 
                -1258.000       1718 
                 1258.000       1862 
                -1259.000       1608 
                 1259.000       1721 
                -1260.000       1741 
                 1260.000       1907 
                -1261.000       1470 
                 1261.000       1700 
                -1262.000       1561 
                 1262.000       1673 
                -1263.000       1502 
                 1263.000       1595 
                -1264.000       1619 
                 1264.000       1672 
                -1265.000       1517 
                 1265.000       1611 
                -1266.000       1512 
                 1266.000       1634 
                -1267.000       1436 
                 1267.000       1705 
                -1268.000       1569 
                 1268.000       1766 
                -1269.000       1567 
                 1269.000       1693 
                -1270.000       1386 
                 1270.000       1455 
                -1271.000       1601 
                 1271.000       1777 
                -1272.000       1516 
                 1272.000       1672 
                -1273.000       1597 
                 1273.000       1836 
                -1274.000       1547 
                 1274.000       1727 
                -1275.000       1594 
                 1275.000       1715 
                -1276.000       1570 
                 1276.000       1662 
                -1277.000       1771 
                 1277.000       1865 
                -1278.000       1470 
                 1278.000       1648 
                -1279.000       1700 
                 1279.000       1912 
                -1280.000       1514 
                 1280.000       1569 
                -1281.000       1661 
                 1281.000       1639 
                -1282.000       1717 
                 1282.000       1830 
                -1283.000       1619 
                 1283.000       1719 
                -1284.000       1618 
                 1284.000       1801 
                -1285.000       1683 
                 1285.000       1830 
                -1286.000       1688 
                 1286.000       1857 
                -1287.000       1651 
                 1287.000       1715 
                -1288.000       1455 
                 1288.000       1577 
                -1289.000       1738 
                 1289.000       1910 
                -1290.000       1497 
                 1290.000       1708 
                -1291.000       1420 
                 1291.000       1583 
                -1292.000       1747 
                 1292.000       1925 
                -1293.000       1584 
                 1293.000       1708 
                -1294.000       1599 
                 1294.000       1682 
                -1295.000       1585 
                 1295.000       1822 
                -1296.000       1706 
                 1296.000       1811 
                -1297.000       1648 
                 1297.000       1867 
                -1298.000       1640 
                 1298.000       1693 
                -1299.000       1674 
                 1299.000       1661 
                -1300.000       1646 
                 1300.000       1824 
                -1301.000       1574 
                 1301.000       1694 
                -1302.000       1629 
                 1302.000       1668 
                -1303.000       1545 
                 1303.000       1701 
                -1304.000       1652 
                 1304.000       1767 
                -1305.000       1473 
                 1305.000       1727 
                -1306.000       1588 
                 1306.000       1711 
                -1307.000       1592 
                 1307.000       1766 
                -1308.000       1673 
                 1308.000       1800 
                -1309.000       1636 
                 1309.000       1719 
                -1310.000       1458 
                 1310.000       1721 
                -1311.000       1697 
                 1311.000       1874 
                -1312.000       1681 
                 1312.000       1842 
                -1313.000       1680 
                 1313.000       1828 
                -1314.000       1600 
                 1314.000       1744 
                -1315.000       1486 
                 1315.000       1661 
                -1316.000       1619 
                 1316.000       1781 
                -1317.000       1706 
                 1317.000       1881 
                -1318.000       1714 
                 1318.000       1857 
                -1319.000       1611 
                 1319.000       1741 
                -1320.000       1690 
                 1320.000       1800 
                -1321.000       1680 
                 1321.000       1748 
                -1322.000       1571 
                 1322.000       1696 
                -1323.000       1723 
                 1323.000       1829 
                -1324.000       1655 
                 1324.000       1768 
                -1325.000       1460 
                 1325.000       1527 
                -1326.000       1599 
                 1326.000       1831 
                -1327.000       1522 
                 1327.000       1852 
                -1328.000       1631 
                 1328.000       1759 
                -1329.000       1592 
                 1329.000       1739 
                -1330.000       1537 
                 1330.000       1692 
                -1331.000       1632 
                 1331.000       1692 
                -1332.000       1746 
                 1332.000       2029 
                -1333.000       1646 
                 1333.000       1775 
                -1334.000       1691 
                 1334.000       1834 
                -1335.000       1859 
                 1335.000       1985 
                -1336.000       1594 
                 1336.000       1734 
                -1337.000       1642 
                 1337.000       1703 
                -1338.000       1630 
                 1338.000       1751 
                -1339.000       1527 
                 1339.000       1745 
                -1340.000       1826 
                 1340.000       1984 
                -1341.000       1816 
                 1341.000       2092 
                -1342.000       1598 
                 1342.000       1693 
                -1343.000       1709 
                 1343.000       1773 
                -1344.000       1751 
                 1344.000       1970 
                -1345.000       1754 
                 1345.000       1932 
                -1346.000       1902 
                 1346.000       1993 
                -1347.000       1616 
                 1347.000       1809 
                -1348.000       1445 
                 1348.000       1600 
                -1349.000       1596 
                 1349.000       1683 
                -1350.000       1761 
                 1350.000       1812 
                -1351.000       1593 
                 1351.000       1860 
                -1352.000       1758 
                 1352.000       1876 
                -1353.000       1760 
                 1353.000       1917 
                -1354.000       1753 
                 1354.000       1910 
                -1355.000       1558 
                 1355.000       1705 
                -1356.000       1785 
                 1356.000       1888 
                -1357.000       1653 
                 1357.000       1824 
                -1358.000       1759 
                 1358.000       2053 
                -1359.000       1620 
                 1359.000       1832 
                -1360.000       1825 
                 1360.000       1847 
                -1361.000       1642 
                 1361.000       1767 
                -1362.000       1614 
                 1362.000       1835 
                -1363.000       1742 
                 1363.000       1960 
                -1364.000       1884 
                 1364.000       1988 
                -1365.000       1693 
                 1365.000       1884 
                -1366.000       1589 
                 1366.000       1755 
                -1367.000       1813 
                 1367.000       1883 
                -1368.000       1749 
                 1368.000       1937 
                -1369.000       1578 
                 1369.000       1765 
                -1370.000       1817 
                 1370.000       1796 
                -1371.000       1680 
                 1371.000       1768 
                -1372.000       1703 
                 1372.000       1893 
                -1373.000       1796 
                 1373.000       1889 
                -1374.000       1670 
                 1374.000       1767 
                -1375.000       1592 
                 1375.000       1770 
                -1376.000       1682 
                 1376.000       1822 
                -1377.000       1774 
                 1377.000       1821 
                -1378.000       1731 
                 1378.000       1890 
                -1379.000       1678 
                 1379.000       1738 
                -1380.000       1640 
                 1380.000       1862 
                -1381.000       1730 
                 1381.000       1845 
                -1382.000       1799 
                 1382.000       1898 
                -1383.000       1599 
                 1383.000       1673 
                -1384.000       1725 
                 1384.000       1842 
                -1385.000       1833 
                 1385.000       1932 
                -1386.000       1605 
                 1386.000       1723 
                -1387.000       1710 
                 1387.000       1794 
                -1388.000       1854 
                 1388.000       1976 
                -1389.000       1671 
                 1389.000       1874 
                -1390.000       1685 
                 1390.000       1802 
                -1391.000       1660 
                 1391.000       1856 
                -1392.000       1808 
                 1392.000       1907 
                -1393.000       1702 
                 1393.000       1686 
                -1394.000       1682 
                 1394.000       1796 
                -1395.000       1766 
                 1395.000       1838 
                -1396.000       1700 
                 1396.000       1964 
                -1397.000       1800 
                 1397.000       2021 
                -1398.000       1770 
                 1398.000       1889 
                -1399.000       1725 
                 1399.000       1914 
                -1400.000       1927 
                 1400.000       2094 
                -1401.000       1921 
                 1401.000       1990 
                -1402.000       1896 
                 1402.000       1982 
                -1403.000       1873 
                 1403.000       2121 
                -1404.000       1751 
                 1404.000       1848 
                -1405.000       1616 
                 1405.000       1615 
                -1406.000       1886 
                 1406.000       2024 
                -1407.000       1714 
                 1407.000       1918 
                -1408.000       1718 
                 1408.000       1848 
                -1409.000       1677 
                 1409.000       1854 
                -1410.000       1912 
                 1410.000       1959 
                -1411.000       1792 
                 1411.000       1874 
                -1412.000       1589 
                 1412.000       1704 
                -1413.000       1860 
                 1413.000       1921 
                -1414.000       1903 
                 1414.000       2106 
                -1415.000       1767 
                 1415.000       2070 
                -1416.000       1808 
                 1416.000       1867 
                -1417.000       1760 
                 1417.000       1861 
                -1418.000       1920 
                 1418.000       2013 
                -1419.000       1693 
                 1419.000       1933 
                -1420.000       1717 
                 1420.000       1885 
                -1421.000       1610 
                 1421.000       1679 
                -1422.000       1913 
                 1422.000       2109 
                -1423.000       1796 
                 1423.000       1889 
                -1424.000       1899 
                 1424.000       2093 
                -1425.000       1919 
                 1425.000       2156 
                -1426.000       1824 
                 1426.000       1848 
                -1427.000       1937 
                 1427.000       2110 
                -1428.000       1686 
                 1428.000       1899 
                -1429.000       1904 
                 1429.000       2128 
                -1430.000       1818 
                 1430.000       1950 
                -1431.000       1904 
                 1431.000       2039 
                -1432.000       1610 
                 1432.000       1676 
                -1433.000       1804 
                 1433.000       1910 
                -1434.000       1779 
                 1434.000       1868 
                -1435.000       1685 
                 1435.000       1863 
                -1436.000       1683 
                 1436.000       1887 
                -1437.000       1732 
                 1437.000       1921 
                -1438.000       1770 
                 1438.000       1869 
                -1439.000       1882 
                 1439.000       2031 
                -1440.000       1828 
                 1440.000       2044 
                -1441.000       1795 
                 1441.000       1955 
                -1442.000       1793 
                 1442.000       1968 
                -1443.000       1895 
                 1443.000       2136 
                -1444.000       1697 
                 1444.000       1763 
                -1445.000       1836 
                 1445.000       1956 
                -1446.000       1920 
                 1446.000       2128 
                -1447.000       1878 
                 1447.000       2019 
                -1448.000       1823 
                 1448.000       1952 
                -1449.000       1810 
                 1449.000       1990 
                -1450.000       1793 
                 1450.000       2008 
                -1451.000       1856 
                 1451.000       1923 
                -1452.000       1733 
                 1452.000       1976 
                -1453.000       1837 
                 1453.000       2074 
                -1454.000       1731 
                 1454.000       1958 
                -1455.000       1957 
                 1455.000       2055 
                -1456.000       1826 
                 1456.000       1915 
                -1457.000       1680 
                 1457.000       1762 
                -1458.000       1878 
                 1458.000       2058 
                -1459.000       1681 
                 1459.000       1806 
                -1460.000       1787 
                 1460.000       2010 
                -1461.000       1756 
                 1461.000       1846 
                -1462.000       1826 
                 1462.000       1936 
                -1463.000       1781 
                 1463.000       1896 
                -1464.000       1840 
                 1464.000       2051 
                -1465.000       1722 
                 1465.000       1871 
                -1466.000       1952 
                 1466.000       2151 
                -1467.000       1912 
                 1467.000       2057 
                -1468.000       1685 
                 1468.000       1977 
                -1469.000       1904 
                 1469.000       2024 
                -1470.000       1698 
                 1470.000       1824 
                -1471.000       1916 
                 1471.000       2068 
                -1472.000       1885 
                 1472.000       2101 
                -1473.000       1727 
                 1473.000       1853 
                -1474.000       1968 
                 1474.000       2124 
                -1475.000       2023 
                 1475.000       2139 
                -1476.000       1732 
                 1476.000       1911 
                -1477.000       1845 
                 1477.000       2028 
                -1478.000       1772 
                 1478.000       1957 
                -1479.000       1859 
                 1479.000       1944 
                -1480.000       1851 
                 1480.000       1983 
                -1481.000       1558 
                 1481.000       1840 
                -1482.000       1820 
                 1482.000       2031 
                -1483.000       1819 
                 1483.000       1983 
                -1484.000       1830 
                 1484.000       1942 
                -1485.000       1708 
                 1485.000       1891 
                -1486.000       1688 
                 1486.000       1869 
                -1487.000       1910 
                 1487.000       2084 
                -1488.000       1811 
                 1488.000       1996 
                -1489.000       1939 
                 1489.000       2093 
                -1490.000       1803 
                 1490.000       1998 
                -1491.000       1803 
                 1491.000       2082 
                -1492.000       1774 
                 1492.000       1976 
                -1493.000       1703 
                 1493.000       1909 
                -1494.000       1772 
                 1494.000       2018 
                -1495.000       1796 
                 1495.000       1943 
                -1496.000       1780 
                 1496.000       1923 
                -1497.000       1714 
                 1497.000       1844 
                -1498.000       2023 
                 1498.000       2029 
                -1499.000       2065 
                 1499.000       2205 
                -1500.000       1684 
                 1500.000       1777 
                -1501.000       1648 
                 1501.000       1805 
                -1502.000       1567 
                 1502.000       1813 
                -1503.000       1424 
                 1503.000       1665 
                -1504.000       1645 
                 1504.000       1816 
                -1505.000       1766 
                 1505.000       1794 
                -1506.000       1673 
                 1506.000       1843 
                -1507.000       1623 
                 1507.000       1846 
                -1508.000       1628 
                 1508.000       1812 
                -1509.000       1696 
                 1509.000       1787 
                -1510.000       1644 
                 1510.000       1818 
                -1511.000       1574 
                 1511.000       1681 
                -1512.000       1475 
                 1512.000       1625 
                -1513.000       1644 
                 1513.000       1769 
                -1514.000       1514 
                 1514.000       1605 
                -1515.000       1498 
                 1515.000       1605 
                -1516.000       1634 
                 1516.000       1677 
                -1517.000       1535 
                 1517.000       1618 
                -1518.000       1608 
                 1518.000       1706 
                -1519.000       1549 
                 1519.000       1635 
                -1520.000       1684 
                 1520.000       1796 
                -1521.000       1579 
                 1521.000       1701 
                -1522.000       1576 
                 1522.000       1773 
                -1523.000       1691 
                 1523.000       1896 
                -1524.000       1577 
                 1524.000       1755 
                -1525.000       1658 
                 1525.000       1777 
                -1526.000       1564 
                 1526.000       1665 
                -1527.000       1517 
                 1527.000       1632 
                -1528.000       1756 
                 1528.000       1962 
                -1529.000       1651 
                 1529.000       1747 
                -1530.000       1717 
                 1530.000       1803 
                -1531.000       1713 
                 1531.000       1946 
                -1532.000       1740 
                 1532.000       1869 
                -1533.000       1725 
                 1533.000       1781 
                -1534.000       1599 
                 1534.000       1859 
                -1535.000       1566 
                 1535.000       1679 
                -1536.000       1641 
                 1536.000       1745 
                -1537.000       1500 
                 1537.000       1580 
                -1538.000       1485 
                 1538.000       1613 
                -1539.000       1745 
                 1539.000       1939 
                -1540.000       1699 
                 1540.000       1793 
                -1541.000       1620 
                 1541.000       1873 
                -1542.000       1679 
                 1542.000       1833 
                -1543.000       1753 
                 1543.000       1897 
                -1544.000       1710 
                 1544.000       1788 
                -1545.000       1606 
                 1545.000       1694 
                -1546.000       1684 
                 1546.000       1882 
                -1547.000       1529 
                 1547.000       1631 
                -1548.000       1636 
                 1548.000       1781 
                -1549.000       1539 
                 1549.000       1577 
                -1550.000       1725 
                 1550.000       1864 
                -1551.000       1668 
                 1551.000       1773 
                -1552.000       1843 
                 1552.000       2146 
                -1553.000       1603 
                 1553.000       1682 
                -1554.000       1669 
                 1554.000       1781 
                -1555.000       1778 
                 1555.000       2001 
                -1556.000       1689 
                 1556.000       1720 
                -1557.000       1597 
                 1557.000       1744 
                -1558.000       1610 
                 1558.000       1782 
                -1559.000       1635 
                 1559.000       1745 
                -1560.000       1758 
                 1560.000       1944 
                -1561.000       1599 
                 1561.000       1752 
                -1562.000       1740 
                 1562.000       1970 
                -1563.000       1692 
                 1563.000       1793 
                -1564.000       1620 
                 1564.000       1745 
                -1565.000       1728 
                 1565.000       1799 
                -1566.000       1721 
                 1566.000       1857 
                -1567.000       1580 
                 1567.000       1703 
                -1568.000       1750 
                 1568.000       1920 
                -1569.000       1685 
                 1569.000       1797 
                -1570.000       1473 
                 1570.000       1573 
                -1571.000       1572 
                 1571.000       1643 
                -1572.000       1796 
                 1572.000       1964 
                -1573.000       1648 
                 1573.000       1752 
                -1574.000       1626 
                 1574.000       1780 
                -1575.000       1785 
                 1575.000       1996 
                -1576.000       1726 
                 1576.000       1750 
                -1577.000       1683 
                 1577.000       1831 
                -1578.000       1697 
                 1578.000       1852 
                -1579.000       1676 
                 1579.000       1779 
                -1580.000       1745 
                 1580.000       1802 
                -1581.000       1753 
                 1581.000       1869 
                -1582.000       1661 
                 1582.000       1816 
                -1583.000       1810 
                 1583.000       1945 
                -1584.000       1650 
                 1584.000       1830 
                -1585.000       1393 
                 1585.000       1578 
                -1586.000       1686 
                 1586.000       1814 
                -1587.000       1619 
                 1587.000       1778 
                -1588.000       1614 
                 1588.000       1744 
                -1589.000       1771 
                 1589.000       1877 
                -1590.000       1630 
                 1590.000       1809 
                -1591.000       1440 
                 1591.000       1635 
                -1592.000       1647 
                 1592.000       1717 
                -1593.000       1655 
                 1593.000       1785 
                -1594.000       1676 
                 1594.000       1702 
                -1595.000       1610 
                 1595.000       1704 
                -1596.000       1682 
                 1596.000       1798 
                -1597.000       1873 
                 1597.000       2071 
                -1598.000       1833 
                 1598.000       2014 
                -1599.000       1635 
                 1599.000       1795 
                -1600.000       1569 
                 1600.000       1656 
                -1601.000       1582 
                 1601.000       1765 
                -1602.000       1651 
                 1602.000       1649 
                -1603.000       1660 
                 1603.000       1901 
                -1604.000       1584 
                 1604.000       1758 
                -1605.000       1616 
                 1605.000       1784 
                -1606.000       1597 
                 1606.000       1728 
                -1607.000       1894 
                 1607.000       1956 
                -1608.000       1833 
                 1608.000       1899 
                -1609.000       1597 
                 1609.000       1715 
                -1610.000       1713 
                 1610.000       1770 
                -1611.000       1519 
                 1611.000       1689 
                -1612.000       1675 
                 1612.000       1797 
                -1613.000       1728 
                 1613.000       1785 
                -1614.000       1730 
                 1614.000       1862 
                -1615.000       1467 
                 1615.000       1606 
                -1616.000       1481 
                 1616.000       1591 
                -1617.000       1440 
                 1617.000       1525 
                -1618.000       1467 
                 1618.000       1660 
                -1619.000       1606 
                 1619.000       1718 
                -1620.000       1730 
                 1620.000       1894 
                -1621.000       1689 
                 1621.000       1815 
                -1622.000       1613 
                 1622.000       1742 
                -1623.000       1591 
                 1623.000       1755 
                -1624.000       1623 
                 1624.000       1726 
                -1625.000       1581 
                 1625.000       1755 
                -1626.000       1502 
                 1626.000       1562 
                -1627.000       1551 
                 1627.000       1708 
                -1628.000       1403 
                 1628.000       1559 
                -1629.000       1755 
                 1629.000       1867 
                -1630.000       1651 
                 1630.000       1825 
                -1631.000       1648 
                 1631.000       1784 
                -1632.000       1779 
                 1632.000       2042 
                -1633.000       1493 
                 1633.000       1768 
                -1634.000       1522 
                 1634.000       1613 
                -1635.000       1639 
                 1635.000       1789 
                -1636.000       1471 
                 1636.000       1692 
                -1637.000       1848 
                 1637.000       2020 
                -1638.000       1656 
                 1638.000       1822 
                -1639.000       1588 
                 1639.000       1741 
                -1640.000       1651 
                 1640.000       1706 
                -1641.000       1679 
                 1641.000       1916 
                -1642.000       1630 
                 1642.000       1831 
                -1643.000       1589 
                 1643.000       1700 
                -1644.000       1683 
                 1644.000       1871 
                -1645.000       1560 
                 1645.000       1658 
                -1646.000       1615 
                 1646.000       1739 
                -1647.000       1576 
                 1647.000       1816 
                -1648.000       1679 
                 1648.000       1778 
                -1649.000       1618 
                 1649.000       1645 
                -1650.000       1579 
                 1650.000       1645 
                -1651.000       1740 
                 1651.000       1824 
                -1652.000       1576 
                 1652.000       1723 
                -1653.000       1721 
                 1653.000       1826 
                -1654.000       1710 
                 1654.000       1831 
                -1655.000       1608 
                 1655.000       1713 
                -1656.000       1778 
                 1656.000       1980 
                -1657.000       1778 
                 1657.000       1850 
                -1658.000       1506 
                 1658.000       1632 
                -1659.000       1781 
                 1659.000       1841 
                -1660.000       1620 
                 1660.000       1854 
                -1661.000       1470 
                 1661.000       1593 
                -1662.000       1722 
                 1662.000       1821 
                -1663.000       1443 
                 1663.000       1459 
                -1664.000       1581 
                 1664.000       1751 
                -1665.000       1554 
                 1665.000       1740 
                -1666.000       1445 
                 1666.000       1687 
                -1667.000       1437 
                 1667.000       1623 
                -1668.000       1532 
                 1668.000       1597 
                -1669.000       1630 
                 1669.000       1727 
                -1670.000       1769 
                 1670.000       1871 
                -1671.000       1590 
                 1671.000       1701 
                -1672.000       1511 
                 1672.000       1568 
                -1673.000       1577 
                 1673.000       1770 
                -1674.000       1831 
                 1674.000       2101 
                -1675.000       1454 
                 1675.000       1604 
                -1676.000       1831 
                 1676.000       1907 
                -1677.000       1661 
                 1677.000       1848 
                -1678.000       1860 
                 1678.000       1982 
                -1679.000       1573 
                 1679.000       1661 
                -1680.000       1770 
                 1680.000       1875 
                -1681.000       1703 
                 1681.000       1938 
                -1682.000       1597 
                 1682.000       1731 
                -1683.000       1654 
                 1683.000       1836 
                -1684.000       1808 
                 1684.000       1893 
                -1685.000       1568 
                 1685.000       1772 
                -1686.000       1790 
                 1686.000       1847 
                -1687.000       1529 
                 1687.000       1736 
                -1688.000       1613 
                 1688.000       1742 
                -1689.000       1673 
                 1689.000       1831 
                -1690.000       1672 
                 1690.000       1846 
                -1691.000       1591 
                 1691.000       1755 
                -1692.000       1484 
                 1692.000       1593 
                -1693.000       1581 
                 1693.000       1705 
                -1694.000       1449 
                 1694.000       1566 
                -1695.000       1610 
                 1695.000       1797 
                -1696.000       1713 
                 1696.000       1950 
                -1697.000       1692 
                 1697.000       1867 
                -1698.000       1628 
                 1698.000       1823 
                -1699.000       1598 
                 1699.000       1751 
                -1700.000       1590 
                 1700.000       1624 
                -1701.000       1634 
                 1701.000       1847 
                -1702.000       1604 
                 1702.000       1757 
                -1703.000       1619 
                 1703.000       1883 
                -1704.000       1483 
                 1704.000       1710 
                -1705.000       1616 
                 1705.000       1706 
                -1706.000       1695 
                 1706.000       1911 
                -1707.000       1727 
                 1707.000       1876 
                -1708.000       1594 
                 1708.000       1774 
                -1709.000       1412 
                 1709.000       1627 
                -1710.000       1928 
                 1710.000       2116 
                -1711.000       1569 
                 1711.000       1737 
                -1712.000       1671 
                 1712.000       1809 
                -1713.000       1568 
                 1713.000       1751 
                -1714.000       1603 
                 1714.000       1832 
                -1715.000       1425 
                 1715.000       1497 
                -1716.000       1832 
                 1716.000       1931 
                -1717.000       1533 
                 1717.000       1679 
                -1718.000       1869 
                 1718.000       2016 
                -1719.000       1687 
                 1719.000       1908 
                -1720.000       1711 
                 1720.000       1824 
                -1721.000       1733 
                 1721.000       1855 
                -1722.000       1738 
                 1722.000       1813 
                -1723.000       1467 
                 1723.000       1557 
                -1724.000       1638 
                 1724.000       1821 
                -1725.000       1534 
                 1725.000       1684 
                -1726.000       1668 
                 1726.000       1921 
                -1727.000       1621 
                 1727.000       1730 
                -1728.000       1600 
                 1728.000       1684 
                -1729.000       1722 
                 1729.000       1920 
                -1730.000       1681 
                 1730.000       1874 
                -1731.000       1663 
                 1731.000       1817 
                -1732.000       1677 
                 1732.000       1855 
                -1733.000       1690 
                 1733.000       1691 
                -1734.000       1575 
                 1734.000       1605 
                -1735.000       1465 
                 1735.000       1651 
                -1736.000       1659 
                 1736.000       1808 
                -1737.000       1515 
                 1737.000       1641 
                -1738.000       1779 
                 1738.000       1868 
                -1739.000       1446 
                 1739.000       1540 
                -1740.000       1597 
                 1740.000       1670 
                -1741.000       1652 
                 1741.000       1855 
                -1742.000       1657 
                 1742.000       1786 
                -1743.000       1645 
                 1743.000       1804 
                -1744.000       1572 
                 1744.000       1649 
                -1745.000       1653 
                 1745.000       1745 
                -1746.000       1411 
                 1746.000       1523 
                -1747.000       1713 
                 1747.000       1904 
                -1748.000       1700 
                 1748.000       1880 
                -1749.000       1542 
                 1749.000       1687 
                -1750.000       1543 
                 1750.000       1731 
                -1751.000       1489 
                 1751.000       1712 
                -1752.000       1587 
                 1752.000       1742 
                -1753.000       1592 
                 1753.000       1804 
                -1754.000       1633 
                 1754.000       1660 
                -1755.000       1539 
                 1755.000       1749 
                -1756.000       1638 
                 1756.000       1739 
                -1757.000       1686 
                 1757.000       1789 
                -1758.000       1743 
                 1758.000       1889 
                -1759.000       1772 
                 1759.000       1879 
                -1760.000       1603 
                 1760.000       1833 
                -1761.000       1747 
                 1761.000       1848 
                -1762.000       1615 
                 1762.000       1736 
                -1763.000       1481 
                 1763.000       1633 
                -1764.000       1788 
                 1764.000       1840 
                -1765.000       1587 
                 1765.000       1652 
                -1766.000       1610 
                 1766.000       1714 
                -1767.000       1589 
                 1767.000       1735 
                -1768.000       1563 
                 1768.000       1742 
                -1769.000       1566 
                 1769.000       1674 
                -1770.000       1620 
                 1770.000       1742 
                -1771.000       1689 
                 1771.000       1795 
                -1772.000       1706 
                 1772.000       1744 
                -1773.000       1599 
                 1773.000       1770 
                -1774.000       1607 
                 1774.000       1725 
                -1775.000       1656 
                 1775.000       1741 
                -1776.000       1693 
                 1776.000       1754 
                -1777.000       1690 
                 1777.000       1824 
                -1778.000       1612 
                 1778.000       1767 
                -1779.000       1704 
                 1779.000       1815 
                -1780.000       1707 
                 1780.000       1900 
                -1781.000       1545 
                 1781.000       1671 
                -1782.000       1610 
                 1782.000       1878 
                -1783.000       1743 
                 1783.000       1912 
                -1784.000       1503 
                 1784.000       1684 
                -1785.000       1556 
                 1785.000       1602 
                -1786.000       1620 
                 1786.000       1750 
                -1787.000       1615 
                 1787.000       1737 
                -1788.000       1682 
                 1788.000       1874 
                -1789.000       1667 
                 1789.000       1850 
                -1790.000       1634 
                 1790.000       1861 
                -1791.000       1625 
                 1791.000       1703 
                -1792.000       1612 
                 1792.000       1730 
                -1793.000       1476 
                 1793.000       1595 
                -1794.000       1582 
                 1794.000       1855 
                -1795.000       1763 
                 1795.000       1882 
                -1796.000       1576 
                 1796.000       1647 
                -1797.000       1577 
                 1797.000       1668 
                -1798.000       1692 
                 1798.000       1928 
                -1799.000       1697 
                 1799.000       1880 
                -1800.000       1611 
                 1800.000       1677 
                -1801.000       1771 
                 1801.000       1875 
                -1802.000       1678 
                 1802.000       1817 
                -1803.000       1705 
                 1803.000       1769 
                -1804.000       1941 
                 1804.000       2112 
                -1805.000       1528 
                 1805.000       1629 
                -1806.000       1557 
                 1806.000       1690 
                -1807.000       1677 
                 1807.000       1880 
                -1808.000       1820 
                 1808.000       1828 
                -1809.000       1765 
                 1809.000       1771 
                -1810.000       1694 
                 1810.000       1819 
                -1811.000       1748 
                 1811.000       1742 
                -1812.000       1815 
                 1812.000       1980 
                -1813.000       1696 
                 1813.000       1823 
                -1814.000       1519 
                 1814.000       1637 
                -1815.000       1683 
                 1815.000       1808 
                -1816.000       1653 
                 1816.000       1710 
                -1817.000       1713 
                 1817.000       1791 
                -1818.000       1717 
                 1818.000       1800 
                -1819.000       1595 
                 1819.000       1743 
                -1820.000       1824 
                 1820.000       1919 
                -1821.000       1678 
                 1821.000       1889 
                -1822.000       1855 
                 1822.000       1960 
                -1823.000       1700 
                 1823.000       1849 
                -1824.000       1654 
                 1824.000       1726 
                -1825.000       1585 
                 1825.000       1775 
                -1826.000       1743 
                 1826.000       1865 
                -1827.000       1634 
                 1827.000       1761 
                -1828.000       1711 
                 1828.000       1842 
                -1829.000       1813 
                 1829.000       1862 
                -1830.000       1705 
                 1830.000       1799 
                -1831.000       1507 
                 1831.000       1709 
                -1832.000       1656 
                 1832.000       1752 
                -1833.000       1616 
                 1833.000       1677 
                -1834.000       1765 
                 1834.000       1881 
                -1835.000       1677 
                 1835.000       1805 
                -1836.000       1786 
                 1836.000       1876 
                -1837.000       1641 
                 1837.000       1950 
                -1838.000       1729 
                 1838.000       1860 
                -1839.000       1732 
                 1839.000       1858 
                -1840.000       1432 
                 1840.000       1683 
                -1841.000       1537 
                 1841.000       1707 
                -1842.000       1609 
                 1842.000       1839 
                -1843.000       1584 
                 1843.000       1680 
                -1844.000       1535 
                 1844.000       1662 
                -1845.000       1619 
                 1845.000       1821 
                -1846.000       1701 
                 1846.000       1708 
                -1847.000       1867 
                 1847.000       1958 
                -1848.000       1479 
                 1848.000       1624 
                -1849.000       1569 
                 1849.000       1728 
                -1850.000       1549 
                 1850.000       1669 
                -1851.000       1675 
                 1851.000       1828 
                -1852.000       1573 
                 1852.000       1768 
                -1853.000       1806 
                 1853.000       1985 
                -1854.000       1592 
                 1854.000       1680 
                -1855.000       1681 
                 1855.000       1814 
                -1856.000       1660 
                 1856.000       1805 
                -1857.000       1878 
                 1857.000       1926 
                -1858.000       1662 
                 1858.000       1788 
                -1859.000       1656 
                 1859.000       1805 
                -1860.000       1853 
                 1860.000       1944 
                -1861.000       1667 
                 1861.000       1721 
                -1862.000       1652 
                 1862.000       1826 
                -1863.000       1652 
                 1863.000       1806 
                -1864.000       1785 
                 1864.000       1899 
                -1865.000       1701 
                 1865.000       1885 
                -1866.000       1486 
                 1866.000       1696 
                -1867.000       1571 
                 1867.000       1758 
                -1868.000       1734 
                 1868.000       1791 
                -1869.000       1695 
                 1869.000       1855 
                -1870.000       1634 
                 1870.000       1845 
                -1871.000       1708 
                 1871.000       1894 
                -1872.000       1759 
                 1872.000       1904 
                -1873.000       1742 
                 1873.000       1839 
                -1874.000       1683 
                 1874.000       1815 
                -1875.000       1573 
                 1875.000       1685 
                -1876.000       1761 
                 1876.000       1967 
                -1877.000       1390 
                 1877.000       1535 
                -1878.000       1706 
                 1878.000       1813 
                -1879.000       1680 
                 1879.000       1817 
                -1880.000       1732 
                 1880.000       1872 
                -1881.000       1719 
                 1881.000       1799 
                -1882.000       1693 
                 1882.000       1861 
                -1883.000       1715 
                 1883.000       1846 
                -1884.000       1524 
                 1884.000       1739 
                -1885.000       1723 
                 1885.000       1818 
                -1886.000       1715 
                 1886.000       1810 
                -1887.000       1630 
                 1887.000       1796 
                -1888.000       1426 
                 1888.000       1593 
                -1889.000       1737 
                 1889.000       1947 
                -1890.000       1675 
                 1890.000       1818 
                -1891.000       1731 
                 1891.000       1816 
                -1892.000       1893 
                 1892.000       2018 
                -1893.000       1704 
                 1893.000       1899 
                -1894.000       1675 
                 1894.000       1856 
                -1895.000       1630 
                 1895.000       1738 
                -1896.000       1656 
                 1896.000       1828 
                -1897.000       1600 
                 1897.000       1781 
                -1898.000       1655 
                 1898.000       1843 
                -1899.000       1702 
                 1899.000       1780 
                -1900.000       1614 
                 1900.000       1658 
                -1901.000       1671 
                 1901.000       1847 
                -1902.000       1549 
                 1902.000       1674 
                -1903.000       1653 
                 1903.000       1792 
                -1904.000       1652 
                 1904.000       1806 
                -1905.000       1712 
                 1905.000       1828 
                -1906.000       1491 
                 1906.000       1617 
                -1907.000       1755 
                 1907.000       1782 
                -1908.000       1787 
                 1908.000       1937 
                -1909.000       1646 
                 1909.000       1860 
                -1910.000       1625 
                 1910.000       1773 
                -1911.000       1705 
                 1911.000       1791 
                -1912.000       1711 
                 1912.000       1977 
                -1913.000       1686 
                 1913.000       1839 
                -1914.000       1712 
                 1914.000       1962 
                -1915.000       1700 
                 1915.000       1920 
                -1916.000       1683 
                 1916.000       1817 
                -1917.000       1609 
                 1917.000       1721 
                -1918.000       1571 
                 1918.000       1765 
                -1919.000       1837 
                 1919.000       1911 
                -1920.000       1674 
                 1920.000       1778 
                -1921.000       1564 
                 1921.000       1712 
                -1922.000       1587 
                 1922.000       1750 
                -1923.000       1567 
                 1923.000       1746 
                -1924.000       1675 
                 1924.000       1798 
                -1925.000       1831 
                 1925.000       1929 
                -1926.000       1587 
                 1926.000       1664 
                -1927.000       1491 
                 1927.000       1662 
                -1928.000       1643 
                 1928.000       1854 
                -1929.000       1767 
                 1929.000       1901 
                -1930.000       1606 
                 1930.000       1755 
                -1931.000       1721 
                 1931.000       1920 
                -1932.000       1721 
                 1932.000       1802 
                -1933.000       1731 
                 1933.000       1932 
                -1934.000       1680 
                 1934.000       1755 
                -1935.000       1686 
                 1935.000       1925 
                -1936.000       1565 
                 1936.000       1715 
                -1937.000       1528 
                 1937.000       1698 
                -1938.000       1480 
                 1938.000       1541 
                -1939.000       1462 
                 1939.000       1612 
                -1940.000       1645 
                 1940.000       1740 
                -1941.000       1729 
                 1941.000       1890 
                -1942.000       1557 
                 1942.000       1575 
                -1943.000       1718 
                 1943.000       1903 
                -1944.000       1662 
                 1944.000       1870 
                -1945.000       1639 
                 1945.000       1595 
                -1946.000       1830 
                 1946.000       2022 
                -1947.000       1592 
                 1947.000       1747 
                -1948.000       1668 
                 1948.000       1827 
                -1949.000       1597 
                 1949.000       1722 
                -1950.000       1886 
                 1950.000       2033 
                -1951.000       1844 
                 1951.000       1959 
                -1952.000       1521 
                 1952.000       1646 
                -1953.000       1597 
                 1953.000       1772 
                -1954.000       1525 
                 1954.000       1712 
                -1955.000       1724 
                 1955.000       1856 
                -1956.000       1574 
                 1956.000       1718 
                -1957.000       1548 
                 1957.000       1743 
                -1958.000       1656 
                 1958.000       1779 
                -1959.000       1699 
                 1959.000       1797 
                -1960.000       1757 
                 1960.000       1875 
                -1961.000       1662 
                 1961.000       1861 
                -1962.000       1495 
                 1962.000       1611 
                -1963.000       1676 
                 1963.000       1855 
                -1964.000       1752 
                 1964.000       1977 
                -1965.000       1568 
                 1965.000       1647 
                -1966.000       1564 
                 1966.000       1781 
                -1967.000       1591 
                 1967.000       1770 
                -1968.000       1751 
                 1968.000       1828 
                -1969.000       1676 
                 1969.000       1758 
                -1970.000       1879 
                 1970.000       1992 
                -1971.000       1832 
                 1971.000       2064 
                -1972.000       1559 
                 1972.000       1670 
                -1973.000       1703 
                 1973.000       1781 
                -1974.000       1657 
                 1974.000       1842 
                -1975.000       1566 
                 1975.000       1617 
                -1976.000       1734 
                 1976.000       1719 
                -1977.000       1756 
                 1977.000       1974 
                -1978.000       1559 
                 1978.000       1638 
                -1979.000       1660 
                 1979.000       1804 
                -1980.000       1684 
                 1980.000       1773 
                -1981.000       1653 
                 1981.000       1736 
                -1982.000       1732 
                 1982.000       1879 
                -1983.000       1555 
                 1983.000       1747 
                -1984.000       1294 
                 1984.000       1461 
                -1985.000       1652 
                 1985.000       1776 
                -1986.000       1674 
                 1986.000       1899 
                -1987.000       1733 
                 1987.000       1863 
                -1988.000       1575 
                 1988.000       1721 
                -1989.000       1590 
                 1989.000       1701 
                -1990.000       1702 
                 1990.000       1823 
                -1991.000       1650 
                 1991.000       1899 
                -1992.000       1623 
                 1992.000       1754 
                -1993.000       1751 
                 1993.000       1912 
                -1994.000       1808 
                 1994.000       1905 
                -1995.000       1735 
                 1995.000       1832 
                -1996.000       1692 
                 1996.000       1865 
                -1997.000       1776 
                 1997.000       1926 
                -1998.000       1666 
                 1998.000       1787 
                -1999.000       1421 
                 1999.000       1504 
                -2000.000       1718 
                 2000.000       1877 
                -2001.000       1664 
                 2001.000       1803 
                -2002.000       1649 
                 2002.000       1729 
                -2003.000       1616 
                 2003.000       1683 
                -2004.000       1785 
                 2004.000       1920 
                -2005.000       1500 
                 2005.000       1604 
                -2006.000       1732 
                 2006.000       1804 
                -2007.000       1547 
                 2007.000       1684 
                -2008.000       1763 
                 2008.000       1801 
                -2009.000       1743 
                 2009.000       1950 
                -2010.000       1650 
                 2010.000       1751 
                -2011.000       1799 
                 2011.000       1958 
                -2012.000       1725 
                 2012.000       1922 
                -2013.000       1699 
                 2013.000       1789 
                -2014.000       1780 
                 2014.000       1980 
                -2015.000       1591 
                 2015.000       1796 
                -2016.000       1708 
                 2016.000       1777 
                -2017.000       1598 
                 2017.000       1638 
                -2018.000       1543 
                 2018.000       1757 
                -2019.000       1822 
                 2019.000       1856 
                -2020.000       1566 
                 2020.000       1835 
                -2021.000       1512 
                 2021.000       1711 
                -2022.000       1892 
                 2022.000       2098 
                -2023.000       1800 
                 2023.000       1838 
                -2024.000       1748 
                 2024.000       1886 
                -2025.000       1672 
                 2025.000       1787 
                -2026.000       1612 
                 2026.000       1698 
                -2027.000       1533 
                 2027.000       1580 
                -2028.000       1851 
                 2028.000       1888 
                -2029.000       1547 
                 2029.000       1636 
                -2030.000       1751 
                 2030.000       1884 
                -2031.000       1730 
                 2031.000       1861 
                -2032.000       1512 
                 2032.000       1596 
                -2033.000       1762 
                 2033.000       1900 
                -2034.000       1670 
                 2034.000       1722 
                -2035.000       1583 
                 2035.000       1741 
                -2036.000       1493 
                 2036.000       1576 
                -2037.000       1772 
                 2037.000       1973 
                -2038.000       1714 
                 2038.000       1837 
                -2039.000       1652 
                 2039.000       1791 
                -2040.000       1618 
                 2040.000       1600 
                -2041.000       1648 
                 2041.000       1733 
                -2042.000       1672 
                 2042.000       1775 
                -2043.000       1785 
                 2043.000       1958 
                -2044.000       1791 
                 2044.000       1886 
                -2045.000       1563 
                 2045.000       1685 
                -2046.000       1576 
                 2046.000       1694 
                -2047.000       1660 
                 2047.000       1735 
                -2048.000       1765 
                 2048.000       1908 
                -2049.000       1717 
                 2049.000       1983 
                -2050.000       1683 
                 2050.000       1803 
                -2051.000       1466 
                 2051.000       1616 
                -2052.000       1571 
                 2052.000       1733 
                -2053.000       1621 
                 2053.000       1849 
                -2054.000       1584 
                 2054.000       1778 
                -2055.000       1786 
                 2055.000       1928 
                -2056.000       1572 
                 2056.000       1700 
                -2057.000       1578 
                 2057.000       1751 
                -2058.000       1586 
                 2058.000       1729 
                -2059.000       1819 
                 2059.000       2076 
                -2060.000       1545 
                 2060.000       1712 
                -2061.000       1591 
                 2061.000       1782 
                -2062.000       1639 
                 2062.000       1765 
                -2063.000       1579 
                 2063.000       1691 
                -2064.000       1541 
                 2064.000       1698 
                -2065.000       1558 
                 2065.000       1630 
                -2066.000       1793 
                 2066.000       2024 
                -2067.000       1813 
                 2067.000       2009 
                -2068.000       1669 
                 2068.000       1838 
                -2069.000       1644 
                 2069.000       1813 
                -2070.000       1801 
                 2070.000       1937 
                -2071.000       1600 
                 2071.000       1720 
                -2072.000       1689 
                 2072.000       1878 
                -2073.000       1703 
                 2073.000       1791 
                -2074.000       1592 
                 2074.000       1880 
                -2075.000       1656 
                 2075.000       1820 
                -2076.000       1648 
                 2076.000       1782 
                -2077.000       1744 
                 2077.000       1899 
                -2078.000       1599 
                 2078.000       1697 
                -2079.000       1463 
                 2079.000       1538 
                -2080.000       1671 
                 2080.000       1887 
                -2081.000       1522 
                 2081.000       1601 
                -2082.000       1689 
                 2082.000       1812 
                -2083.000       1695 
                 2083.000       1909 
                -2084.000       1643 
                 2084.000       1708 
                -2085.000       1601 
                 2085.000       1768 
                -2086.000       1560 
                 2086.000       1687 
                -2087.000       1584 
                 2087.000       1754 
                -2088.000       1738 
                 2088.000       1829 
                -2089.000       1617 
                 2089.000       1767 
                -2090.000       1609 
                 2090.000       1732 
                -2091.000       1718 
                 2091.000       1888 
                -2092.000       1528 
                 2092.000       1796 
                -2093.000       1703 
                 2093.000       1940 
                -2094.000       1597 
                 2094.000       1778 
                -2095.000       1715 
                 2095.000       1802 
                -2096.000       1781 
                 2096.000       1866 
                -2097.000       1597 
                 2097.000       1748 
                -2098.000       1808 
                 2098.000       2017 
                -2099.000       1703 
                 2099.000       1829 
                -2100.000       1650 
                 2100.000       1752 
                -2101.000       1569 
                 2101.000       1669 
                -2102.000       1496 
                 2102.000       1617 
                -2103.000       1861 
                 2103.000       1998 
                -2104.000       1734 
                 2104.000       1884 
                -2105.000       1755 
                 2105.000       1852 
                -2106.000       1575 
                 2106.000       1659 
                -2107.000       1669 
                 2107.000       1881 
                -2108.000       1680 
                 2108.000       1719 
                -2109.000       1424 
                 2109.000       1658 
                -2110.000       1865 
                 2110.000       1974 
                -2111.000       1535 
                 2111.000       1549 
                -2112.000       2011 
                 2112.000       2216 
                -2113.000       1578 
                 2113.000       1769 
                -2114.000       1740 
                 2114.000       1975 
                -2115.000       1445 
                 2115.000       1660 
                -2116.000       1756 
                 2116.000       1818 
                -2117.000       1424 
                 2117.000       1492 
                -2118.000       1458 
                 2118.000       1645 
                -2119.000       1730 
                 2119.000       1825 
                -2120.000       1901 
                 2120.000       2088 
                -2121.000       1682 
                 2121.000       1828 
                -2122.000       1681 
                 2122.000       1830 
                -2123.000       1708 
                 2123.000       1866 
                -2124.000       1721 
                 2124.000       1864 
                -2125.000       1650 
                 2125.000       1826 
                -2126.000       1500 
                 2126.000       1698 
                -2127.000       1697 
                 2127.000       1933 
                -2128.000       1635 
                 2128.000       1833 
                -2129.000       1735 
                 2129.000       1939 
                -2130.000       1638 
                 2130.000       1791 
                -2131.000       1573 
                 2131.000       1724 
                -2132.000       1511 
                 2132.000       1764 
                -2133.000       1705 
                 2133.000       1903 
                -2134.000       1653 
                 2134.000       1742 
                -2135.000       1706 
                 2135.000       1861 
                -2136.000       1579 
                 2136.000       1783 
                -2137.000       1640 
                 2137.000       1624 
                -2138.000       1773 
                 2138.000       1936 
                -2139.000       1519 
                 2139.000       1774 
                -2140.000       1624 
                 2140.000       1768 
                -2141.000       1634 
                 2141.000       1710 
                -2142.000       1744 
                 2142.000       1850 
                -2143.000       1648 
                 2143.000       1685 
                -2144.000       1759 
                 2144.000       1969 
                -2145.000       1822 
                 2145.000       1889 
                -2146.000       1711 
                 2146.000       1769 
                -2147.000       1518 
                 2147.000       1611 
                -2148.000       1653 
                 2148.000       1794 
                -2149.000       1760 
                 2149.000       1839 
                -2150.000       1834 
                 2150.000       1899 
                -2151.000       1502 
                 2151.000       1742 
                -2152.000       1614 
                 2152.000       1913 
                -2153.000       1739 
                 2153.000       1805 
                -2154.000       1718 
                 2154.000       1872 
                -2155.000       1644 
                 2155.000       1833 
                -2156.000       1806 
                 2156.000       2032 
                -2157.000       1783 
                 2157.000       1986 
                -2158.000       1829 
                 2158.000       1964 
                -2159.000       1879 
                 2159.000       1920 
                -2160.000       1724 
                 2160.000       1942 
                -2161.000       1629 
                 2161.000       1705 
                -2162.000       1425 
                 2162.000       1538 
                -2163.000       1667 
                 2163.000       1824 
                -2164.000       1623 
                 2164.000       1861 
                -2165.000       1531 
                 2165.000       1648 
                -2166.000       1637 
                 2166.000       1713 
                -2167.000       1637 
                 2167.000       1782 
                -2168.000       1747 
                 2168.000       1996 
                -2169.000       1707 
                 2169.000       1909 
                -2170.000       1711 
                 2170.000       1786 
                -2171.000       1666 
                 2171.000       1784 
                -2172.000       1626 
                 2172.000       1839 
                -2173.000       1554 
                 2173.000       1673 
                -2174.000       1586 
                 2174.000       1715 
                -2175.000       1494 
                 2175.000       1615 
                -2176.000       1828 
                 2176.000       2038 
                -2177.000       1460 
                 2177.000       1644 
                -2178.000       1678 
                 2178.000       1776 
                -2179.000       1622 
                 2179.000       1840 
                -2180.000       1500 
                 2180.000       1648 
                -2181.000       1560 
                 2181.000       1689 
                -2182.000       1813 
                 2182.000       1992 
                -2183.000       1699 
                 2183.000       1841 
                -2184.000       1722 
                 2184.000       1930 
                -2185.000       1620 
                 2185.000       1739 
                -2186.000       1667 
                 2186.000       1869 
                -2187.000       1768 
                 2187.000       1859 
                -2188.000       1498 
                 2188.000       1641 
                -2189.000       1601 
                 2189.000       1707 
                -2190.000       1800 
                 2190.000       1892 
                -2191.000       1824 
                 2191.000       2003 
                -2192.000       1578 
                 2192.000       1648 
                -2193.000       1655 
                 2193.000       1726 
                -2194.000       1737 
                 2194.000       1860 
                -2195.000       1921 
                 2195.000       2056 
                -2196.000       1574 
                 2196.000       1840 
                -2197.000       1675 
                 2197.000       1807 
                -2198.000       1823 
                 2198.000       1876 
                -2199.000       1670 
                 2199.000       1734 
                -2200.000       1617 
                 2200.000       1735 
                -2201.000       1891 
                 2201.000       2158 
                -2202.000       1726 
                 2202.000       1868 
                -2203.000       1802 
                 2203.000       1961 
                -2204.000       1524 
                 2204.000       1638 
                -2205.000       1661 
                 2205.000       1787 
                -2206.000       1474 
                 2206.000       1600 
                -2207.000       1669 
                 2207.000       1800 
                -2208.000       1835 
                 2208.000       1932 
                -2209.000       1544 
                 2209.000       1687 
                -2210.000       1728 
                 2210.000       1945 
                -2211.000       1597 
                 2211.000       1735 
                -2212.000       1627 
                 2212.000       1777 
                -2213.000       1625 
                 2213.000       1701 
                -2214.000       1739 
                 2214.000       1962 
                -2215.000       1881 
                 2215.000       1997 
                -2216.000       1673 
                 2216.000       1785 
                -2217.000       1664 
                 2217.000       1747 
                -2218.000       1800 
                 2218.000       1885 
                -2219.000       1610 
                 2219.000       1701 
                -2220.000       1577 
                 2220.000       1680 
                -2221.000       1660 
                 2221.000       1803 
                -2222.000       1901 
                 2222.000       1957 
                -2223.000       1775 
                 2223.000       1907 
                -2224.000       1585 
                 2224.000       1734 
                -2225.000       1820 
                 2225.000       1926 
                -2226.000       1715 
                 2226.000       1855 
                -2227.000       1552 
                 2227.000       1569 
                -2228.000       1575 
                 2228.000       1648 
                -2229.000       1693 
                 2229.000       1847 
                -2230.000       1763 
                 2230.000       1869 
                -2231.000       1744 
                 2231.000       1950 
                -2232.000       1701 
                 2232.000       1866 
                -2233.000       1573 
                 2233.000       1722 
                -2234.000       1698 
                 2234.000       1852 
                -2235.000       1668 
                 2235.000       1797 
                -2236.000       1548 
                 2236.000       1694 
                -2237.000       1709 
                 2237.000       1828 
                -2238.000       1442 
                 2238.000       1726 
                -2239.000       1730 
                 2239.000       1923 
                -2240.000       1638 
                 2240.000       1839 
                -2241.000       1457 
                 2241.000       1659 
                -2242.000       1791 
                 2242.000       1955 
                -2243.000       1603 
                 2243.000       1743 
                -2244.000       1788 
                 2244.000       1887 
                -2245.000       1908 
                 2245.000       2080 
                -2246.000       1463 
                 2246.000       1581 
                -2247.000       1699 
                 2247.000       1925 
                -2248.000       1522 
                 2248.000       1732 
                -2249.000       1542 
                 2249.000       1712 
                -2250.000       1731 
                 2250.000       1995 
                -2251.000       1680 
                 2251.000       1785 
                -2252.000       1542 
                 2252.000       1578 
                -2253.000       1522 
                 2253.000       1633 
                -2254.000       1628 
                 2254.000       1779 
                -2255.000       1734 
                 2255.000       1726 
                -2256.000       1494 
                 2256.000       1671 
                -2257.000       1753 
                 2257.000       1881 
                -2258.000       1629 
                 2258.000       1785 
                -2259.000       1664 
                 2259.000       1778 
                -2260.000       1732 
                 2260.000       1834 
                -2261.000       1760 
                 2261.000       1791 
                -2262.000       1517 
                 2262.000       1842 
                -2263.000       1641 
                 2263.000       1726 
                -2264.000       1656 
                 2264.000       1854 
                -2265.000       1654 
                 2265.000       1780 
                -2266.000       1751 
                 2266.000       1931 
                -2267.000       1525 
                 2267.000       1679 
                -2268.000       1578 
                 2268.000       1814 
                -2269.000       1851 
                 2269.000       1942 
                -2270.000       1614 
                 2270.000       1650 
                -2271.000       1775 
                 2271.000       1925 
                -2272.000       1630 
                 2272.000       1822 
                -2273.000       1696 
                 2273.000       1829 
                -2274.000       1597 
                 2274.000       1768 
                -2275.000       1619 
                 2275.000       1748 
                -2276.000       1642 
                 2276.000       1796 
                -2277.000       1712 
                 2277.000       1912 
                -2278.000       1659 
                 2278.000       1721 
                -2279.000       1749 
                 2279.000       1905 
                -2280.000       1667 
                 2280.000       1807 
                -2281.000       1709 
                 2281.000       1872 
                -2282.000       1629 
                 2282.000       1811 
                -2283.000       1805 
                 2283.000       1899 
                -2284.000       1697 
                 2284.000       1735 
                -2285.000       1596 
                 2285.000       1663 
                -2286.000       1695 
                 2286.000       1782 
                -2287.000       1763 
                 2287.000       1830 
                -2288.000       1810 
                 2288.000       1853 
                -2289.000       1713 
                 2289.000       1786 
                -2290.000       1389 
                 2290.000       1539 
                -2291.000       1713 
                 2291.000       1886 
                -2292.000       1577 
                 2292.000       1694 
                -2293.000       1818 
                 2293.000       1874 
                -2294.000       1796 
                 2294.000       1992 
                -2295.000       1662 
                 2295.000       1781 
                -2296.000       1656 
                 2296.000       1817 
                -2297.000       1734 
                 2297.000       1910 
                -2298.000       1502 
                 2298.000       1655 
                -2299.000       1725 
                 2299.000       1957 
                -2300.000       1615 
                 2300.000       1858 
                -2301.000       1743 
                 2301.000       1800 
                -2302.000       1737 
                 2302.000       1893 
                -2303.000       1906 
                 2303.000       2069 
                -2304.000       1672 
                 2304.000       1762 
                -2305.000       1718 
                 2305.000       1893 
                -2306.000       1861 
                 2306.000       1920 
                -2307.000       1675 
                 2307.000       1798 
                -2308.000       1633 
                 2308.000       1868 
                -2309.000       1570 
                 2309.000       1621 
                -2310.000       1608 
                 2310.000       1794 
                -2311.000       1733 
                 2311.000       1877 
                -2312.000       1777 
                 2312.000       1846 
                -2313.000       1546 
                 2313.000       1711 
                -2314.000       1718 
                 2314.000       1804 
                -2315.000       1670 
                 2315.000       1840 
                -2316.000       1651 
                 2316.000       1855 
                -2317.000       1764 
                 2317.000       1998 
                -2318.000       1738 
                 2318.000       1849 
                -2319.000       1668 
                 2319.000       1763 
                -2320.000       1581 
                 2320.000       1653 
                -2321.000       1691 
                 2321.000       1865 
                -2322.000       1636 
                 2322.000       1843 
                -2323.000       1645 
                 2323.000       1800 
                -2324.000       1904 
                 2324.000       2054 
                -2325.000       1583 
                 2325.000       1792 
                -2326.000       1722 
                 2326.000       1913 
                -2327.000       1720 
                 2327.000       1827 
                -2328.000       1696 
                 2328.000       1735 
                -2329.000       1624 
                 2329.000       1797 
                -2330.000       1667 
                 2330.000       1746 
                -2331.000       1446 
                 2331.000       1535 
                -2332.000       1582 
                 2332.000       1717 
                -2333.000       1671 
                 2333.000       1815 
                -2334.000       1651 
                 2334.000       1872 
                -2335.000       1604 
                 2335.000       1765 
                -2336.000       1687 
                 2336.000       1821 
                -2337.000       1685 
                 2337.000       1871 
                -2338.000       1665 
                 2338.000       1851 
                -2339.000       1738 
                 2339.000       1985 
                -2340.000       1610 
                 2340.000       1683 
                -2341.000       1700 
                 2341.000       1857 
                -2342.000       1541 
                 2342.000       1652 
                -2343.000       1584 
                 2343.000       1750 
                -2344.000       1722 
                 2344.000       1871 
                -2345.000       1672 
                 2345.000       1719 
                -2346.000       1675 
                 2346.000       1826 
                -2347.000       1676 
                 2347.000       1801 
                -2348.000       1718 
                 2348.000       1902 
                -2349.000       1624 
                 2349.000       1794 
                -2350.000       1571 
                 2350.000       1676 
                -2351.000       1866 
                 2351.000       2032 
                -2352.000       1847 
                 2352.000       1974 
                -2353.000       1665 
                 2353.000       1741 
                -2354.000       1629 
                 2354.000       1830 
                -2355.000       1944 
                 2355.000       2027 
                -2356.000       1521 
                 2356.000       1694 
                -2357.000       1821 
                 2357.000       1923 
                -2358.000       1687 
                 2358.000       1748 
                -2359.000       1709 
                 2359.000       1841 
                -2360.000       1565 
                 2360.000       1630 
                -2361.000       1582 
                 2361.000       1646 
                -2362.000       1768 
                 2362.000       1901 
                -2363.000       1622 
                 2363.000       1785 
                -2364.000       1636 
                 2364.000       1769 
                -2365.000       1754 
                 2365.000       1872 
                -2366.000       1680 
                 2366.000       1846 
                -2367.000       1717 
                 2367.000       1927 
                -2368.000       1686 
                 2368.000       1831 
                -2369.000       1841 
                 2369.000       1924 
                -2370.000       1751 
                 2370.000       1889 
                -2371.000       1657 
                 2371.000       1787 
                -2372.000       1569 
                 2372.000       1727 
                -2373.000       1668 
                 2373.000       1792 
                -2374.000       1733 
                 2374.000       1858 
                -2375.000       1599 
                 2375.000       1591 
                -2376.000       1817 
                 2376.000       1927 
                -2377.000       1680 
                 2377.000       1839 
                -2378.000       1550 
                 2378.000       1693 
                -2379.000       1878 
                 2379.000       1982 
                -2380.000       1702 
                 2380.000       1859 
                -2381.000       1668 
                 2381.000       1903 
                -2382.000       1639 
                 2382.000       1731 
                -2383.000       1712 
                 2383.000       1812 
                -2384.000       1586 
                 2384.000       1794 
                -2385.000       1558 
                 2385.000       1662 
                -2386.000       1639 
                 2386.000       1711 
                -2387.000       1618 
                 2387.000       1672 
                -2388.000       1634 
                 2388.000       1843 
                -2389.000       1671 
                 2389.000       1850 
                -2390.000       1564 
                 2390.000       1726 
                -2391.000       1553 
                 2391.000       1658 
                -2392.000       1625 
                 2392.000       1738 
                -2393.000       1627 
                 2393.000       1763 
                -2394.000       1515 
                 2394.000       1674 
                -2395.000       1717 
                 2395.000       2008 
                -2396.000       1785 
                 2396.000       1985 
                -2397.000       1636 
                 2397.000       1766 
                -2398.000       1753 
                 2398.000       1885 
                -2399.000       1736 
                 2399.000       1824 
                -2400.000       1691 
                 2400.000       1873 
                -2401.000       1728 
                 2401.000       1814 
                -2402.000       1708 
                 2402.000       1787 
                -2403.000       1644 
                 2403.000       1752 
                -2404.000       1723 
                 2404.000       1879 
                -2405.000       1731 
                 2405.000       1843 
                -2406.000       1511 
                 2406.000       1582 
                -2407.000       1734 
                 2407.000       1855 
                -2408.000       1637 
                 2408.000       1754 
                -2409.000       1690 
                 2409.000       1962 
                -2410.000       1685 
                 2410.000       1879 
                -2411.000       1685 
                 2411.000       1839 
                -2412.000       1723 
                 2412.000       1821 
                -2413.000       1658 
                 2413.000       1741 
                -2414.000       1706 
                 2414.000       1810 
                -2415.000       1717 
                 2415.000       1901 
                -2416.000       1469 
                 2416.000       1674 
                -2417.000       1523 
                 2417.000       1733 
                -2418.000       1599 
                 2418.000       1854 
                -2419.000       1528 
                 2419.000       1712 
                -2420.000       1769 
                 2420.000       1913 
                -2421.000       1700 
                 2421.000       1829 
                -2422.000       1583 
                 2422.000       1678 
                -2423.000       1963 
                 2423.000       2032 
                -2424.000       1558 
                 2424.000       1748 
                -2425.000       1741 
                 2425.000       1913 
                -2426.000       1755 
                 2426.000       1915 
                -2427.000       1511 
                 2427.000       1753 
                -2428.000       1534 
                 2428.000       1683 
                -2429.000       1483 
                 2429.000       1590 
                -2430.000       1779 
                 2430.000       1893 
                -2431.000       1767 
                 2431.000       1833 
                -2432.000       1624 
                 2432.000       1713 
                -2433.000       1822 
                 2433.000       1960 
                -2434.000       1629 
                 2434.000       1762 
                -2435.000       1730 
                 2435.000       1875 
                -2436.000       1714 
                 2436.000       1819 
                -2437.000       1551 
                 2437.000       1587 
                -2438.000       1770 
                 2438.000       1876 
                -2439.000       1363 
                 2439.000       1578 
                -2440.000       1546 
                 2440.000       1757 
                -2441.000       1851 
                 2441.000       1929 
                -2442.000       1785 
                 2442.000       1915 
                -2443.000       1697 
                 2443.000       1809 
                -2444.000       1689 
                 2444.000       1795 
                -2445.000       1539 
                 2445.000       1668 
                -2446.000       1720 
                 2446.000       1912 
                -2447.000       1688 
                 2447.000       1831 
                -2448.000       1687 
                 2448.000       1824 
                -2449.000       1676 
                 2449.000       1866 
                -2450.000       1549 
                 2450.000       1740 
                -2451.000       1674 
                 2451.000       1867 
                -2452.000       1660 
                 2452.000       1749 
                -2453.000       1681 
                 2453.000       1771 
                -2454.000       1648 
                 2454.000       1862 
                -2455.000       1680 
                 2455.000       1783 
                -2456.000       1506 
                 2456.000       1580 
                -2457.000       1587 
                 2457.000       1744 
                -2458.000       1728 
                 2458.000       1880 
                -2459.000       1761 
                 2459.000       1848 
                -2460.000       1769 
                 2460.000       1876 
                -2461.000       1554 
                 2461.000       1623 
                -2462.000       1666 
                 2462.000       1863 
                -2463.000       1596 
                 2463.000       1792 
                -2464.000       1499 
                 2464.000       1671 
                -2465.000       1703 
                 2465.000       1821 
                -2466.000       1685 
                 2466.000       1868 
                -2467.000       1847 
                 2467.000       1835 
                -2468.000       1568 
                 2468.000       1679 
                -2469.000       1556 
                 2469.000       1709 
                -2470.000       1597 
                 2470.000       1755 
                -2471.000       1717 
                 2471.000       1762 
                -2472.000       1644 
                 2472.000       1768 
                -2473.000       1543 
                 2473.000       1789 
                -2474.000       1495 
                 2474.000       1680 
                -2475.000       1600 
                 2475.000       1710 
                -2476.000       1835 
                 2476.000       1986 
                -2477.000       1790 
                 2477.000       1978 
                -2478.000       1463 
                 2478.000       1658 
                -2479.000       1565 
                 2479.000       1685 
                -2480.000       1788 
                 2480.000       1914 
                -2481.000       1769 
                 2481.000       1934 
                -2482.000       1731 
                 2482.000       1851 
                -2483.000       1496 
                 2483.000       1706 
                -2484.000       1454 
                 2484.000       1657 
                -2485.000       1698 
                 2485.000       1843 
                -2486.000       1888 
                 2486.000       2031 
                -2487.000       1578 
                 2487.000       1737 
                -2488.000       1765 
                 2488.000       1817 
                -2489.000       1598 
                 2489.000       1753 
                -2490.000       1727 
                 2490.000       1936 
                -2491.000       1831 
                 2491.000       1935 
                -2492.000       1707 
                 2492.000       1968 
                -2493.000       1776 
                 2493.000       1956 
                -2494.000       1667 
                 2494.000       1798 
                -2495.000       1656 
                 2495.000       1834 
                -2496.000       1574 
                 2496.000       1837 
                -2497.000       1712 
                 2497.000       1875 
                -2498.000       1525 
                 2498.000       1723 
                -2499.000       1722 
                 2499.000       1937 
                -2500.000       1786 
                 2500.000       1928 
                -2501.000       1776 
                 2501.000       1880 
                -2502.000       1691 
                 2502.000       1946 
                -2503.000       1636 
                 2503.000       1706 
                -2504.000       1625 
                 2504.000       1786 
                -2505.000       1536 
                 2505.000       1589 
                -2506.000       1495 
                 2506.000       1670 
                -2507.000       1630 
                 2507.000       1775 
                -2508.000       1741 
                 2508.000       1841 
                -2509.000       1668 
                 2509.000       1880 
                -2510.000       1621 
                 2510.000       1793 
                -2511.000       1944 
                 2511.000       1887 
                -2512.000       1910 
                 2512.000       2060 
                -2513.000       1568 
                 2513.000       1644 
                -2514.000       1714 
                 2514.000       1825 
                -2515.000       1562 
                 2515.000       1800 
                -2516.000       1727 
                 2516.000       1763 
                -2517.000       1926 
                 2517.000       1980 
                -2518.000       1624 
                 2518.000       1773 
                -2519.000       1580 
                 2519.000       1713 
                -2520.000       1876 
                 2520.000       1975 
                -2521.000       1607 
                 2521.000       1754 
                -2522.000       1590 
                 2522.000       1689 
                -2523.000       1701 
                 2523.000       1847 
                -2524.000       1681 
                 2524.000       1837 
                -2525.000       1531 
                 2525.000       1692 
                -2526.000       1616 
                 2526.000       1837 
                -2527.000       1644 
                 2527.000       1764 
                -2528.000       1661 
                 2528.000       1902 
                -2529.000       1643 
                 2529.000       1673 
                -2530.000       1790 
                 2530.000       1833 
                -2531.000       1839 
                 2531.000       2121 
                -2532.000       1749 
                 2532.000       1919 
                -2533.000       1744 
                 2533.000       1961 
                -2534.000       1578 
                 2534.000       1676 
                -2535.000       1762 
                 2535.000       1927 
                -2536.000       1897 
                 2536.000       2004 
                -2537.000       1857 
                 2537.000       2071 
                -2538.000       1780 
                 2538.000       1988 
                -2539.000       1563 
                 2539.000       1804 
                -2540.000       1784 
                 2540.000       1909 
                -2541.000       1839 
                 2541.000       2028 
                -2542.000       1609 
                 2542.000       1818 
                -2543.000       1771 
                 2543.000       1956 
                -2544.000       1597 
                 2544.000       1695 
                -2545.000       1595 
                 2545.000       1772 
                -2546.000       1545 
                 2546.000       1663 
                -2547.000       1744 
                 2547.000       1866 
                -2548.000       1634 
                 2548.000       1753 
                -2549.000       1666 
                 2549.000       1850 
                -2550.000       1619 
                 2550.000       1826 
                -2551.000       1723 
                 2551.000       1869 
                -2552.000       1615 
                 2552.000       1773 
                -2553.000       1597 
                 2553.000       1789 
                -2554.000       1693 
                 2554.000       1916 
                -2555.000       1794 
                 2555.000       1849 
                -2556.000       1831 
                 2556.000       1920 
                -2557.000       1683 
                 2557.000       1776 
                -2558.000       1636 
                 2558.000       1762 
                -2559.000       1561 
                 2559.000       1719 
                -2560.000       1726 
                 2560.000       1849 
                -2561.000       1549 
                 2561.000       1676 
                -2562.000       1660 
                 2562.000       1804 
                -2563.000       1500 
                 2563.000       1714 
                -2564.000       1689 
                 2564.000       1798 
                -2565.000       1492 
                 2565.000       1616 
                -2566.000       1784 
                 2566.000       2045 
                -2567.000       1752 
                 2567.000       1941 
                -2568.000       1726 
                 2568.000       1813 
                -2569.000       1728 
                 2569.000       1842 
                -2570.000       1750 
                 2570.000       1896 
                -2571.000       1662 
                 2571.000       1756 
                -2572.000       1608 
                 2572.000       1829 
                -2573.000       1686 
                 2573.000       1755 
                -2574.000       1577 
                 2574.000       1619 
                -2575.000       1894 
                 2575.000       1950 
                -2576.000       1712 
                 2576.000       1971 
                -2577.000       1578 
                 2577.000       1744 
                -2578.000       1677 
                 2578.000       1798 
                -2579.000       1651 
                 2579.000       1856 
                -2580.000       1484 
                 2580.000       1616 
                -2581.000       1711 
                 2581.000       1949 
                -2582.000       1740 
                 2582.000       1790 
                -2583.000       1759 
                 2583.000       1914 
                -2584.000       1717 
                 2584.000       1788 
                -2585.000       1554 
                 2585.000       1724 
                -2586.000       1622 
                 2586.000       1765 
                -2587.000       1916 
                 2587.000       2070 
                -2588.000       1738 
                 2588.000       1867 
                -2589.000       1640 
                 2589.000       1722 
                -2590.000       1753 
                 2590.000       1878 
                -2591.000       1605 
                 2591.000       1729 
                -2592.000       1641 
                 2592.000       1728 
                -2593.000       1649 
                 2593.000       1770 
                -2594.000       1920 
                 2594.000       1997 
                -2595.000       1728 
                 2595.000       1844 
                -2596.000       1722 
                 2596.000       1930 
                -2597.000       1753 
                 2597.000       1948 
                -2598.000       1664 
                 2598.000       1746 
                -2599.000       1744 
                 2599.000       1835 
                -2600.000       1624 
                 2600.000       1769 
                -2601.000       1623 
                 2601.000       1807 
                -2602.000       1582 
                 2602.000       1879 
                -2603.000       1946 
                 2603.000       2049 
                -2604.000       1621 
                 2604.000       1777 
                -2605.000       1786 
                 2605.000       1842 
                -2606.000       1706 
                 2606.000       1855 
                -2607.000       1677 
                 2607.000       1785 
                -2608.000       1866 
                 2608.000       2034 
                -2609.000       1482 
                 2609.000       1605 
                -2610.000       1785 
                 2610.000       1985 
                -2611.000       1787 
                 2611.000       1940 
                -2612.000       1768 
                 2612.000       1980 
                -2613.000       1689 
                 2613.000       1766 
                -2614.000       1820 
                 2614.000       2001 
                -2615.000       1734 
                 2615.000       1867 
                -2616.000       1673 
                 2616.000       1890 
                -2617.000       1817 
                 2617.000       2018 
                -2618.000       1961 
                 2618.000       2124 
                -2619.000       1672 
                 2619.000       1876 
                -2620.000       1901 
                 2620.000       2005 
                -2621.000       1666 
                 2621.000       1777 
                -2622.000       1656 
                 2622.000       1763 
                -2623.000       1734 
                 2623.000       1814 
                -2624.000       1779 
                 2624.000       1945 
                -2625.000       1679 
                 2625.000       1881 
                -2626.000       1516 
                 2626.000       1633 
                -2627.000       1576 
                 2627.000       1654 
                -2628.000       1928 
                 2628.000       1993 
                -2629.000       1736 
                 2629.000       1823 
                -2630.000       1703 
                 2630.000       1811 
                -2631.000       1883 
                 2631.000       1996 
                -2632.000       1846 
                 2632.000       1991 
                -2633.000       1688 
                 2633.000       1857 
                -2634.000       1653 
                 2634.000       1845 
                -2635.000       1817 
                 2635.000       1909 
                -2636.000       1565 
                 2636.000       1577 
                -2637.000       1749 
                 2637.000       1844 
                -2638.000       1444 
                 2638.000       1693 
                -2639.000       1481 
                 2639.000       1565 
                -2640.000       1531 
                 2640.000       1713 
                -2641.000       1760 
                 2641.000       2003 
                -2642.000       1594 
                 2642.000       1795 
                -2643.000       1691 
                 2643.000       1771 
                -2644.000       1830 
                 2644.000       1955 
                -2645.000       1714 
                 2645.000       1900 
                -2646.000       1713 
                 2646.000       1901 
                -2647.000       1648 
                 2647.000       1912 
                -2648.000       1843 
                 2648.000       2057 
                -2649.000       1758 
                 2649.000       1881 
                -2650.000       1568 
                 2650.000       1658 
                -2651.000       1613 
                 2651.000       1797 
                -2652.000       1742 
                 2652.000       1870 
                -2653.000       1692 
                 2653.000       1871 
                -2654.000       2022 
                 2654.000       2098 
                -2655.000       1712 
                 2655.000       1927 
                -2656.000       1703 
                 2656.000       1774 
                -2657.000       1500 
                 2657.000       1642 
                -2658.000       1688 
                 2658.000       1814 
                -2659.000       1634 
                 2659.000       1785 
                -2660.000       1591 
                 2660.000       1680 
                -2661.000       1645 
                 2661.000       1810 
                -2662.000       1759 
                 2662.000       1913 
                -2663.000       1678 
                 2663.000       1806 
                -2664.000       1565 
                 2664.000       1786 
                -2665.000       1591 
                 2665.000       1702 
                -2666.000       1576 
                 2666.000       1698 
                -2667.000       1703 
                 2667.000       1828 
                -2668.000       1650 
                 2668.000       1681 
                -2669.000       1836 
                 2669.000       1965 
                -2670.000       1808 
                 2670.000       1975 
                -2671.000       1920 
                 2671.000       1966 
                -2672.000       1789 
                 2672.000       1898 
                -2673.000       1900 
                 2673.000       2094 
                -2674.000       1745 
                 2674.000       1750 
                -2675.000       1628 
                 2675.000       1772 
                -2676.000       1790 
                 2676.000       1880 
                -2677.000       1593 
                 2677.000       1727 
                -2678.000       1849 
                 2678.000       2006 
                -2679.000       1531 
                 2679.000       1648 
                -2680.000       1918 
                 2680.000       2059 
                -2681.000       1705 
                 2681.000       1857 
                -2682.000       1638 
                 2682.000       1801 
                -2683.000       1641 
                 2683.000       1860 
                -2684.000       1663 
                 2684.000       1687 
                -2685.000       1630 
                 2685.000       1867 
                -2686.000       1842 
                 2686.000       2072 
                -2687.000       1791 
                 2687.000       1946 
                -2688.000       1821 
                 2688.000       1937 
                -2689.000       1691 
                 2689.000       1888 
                -2690.000       1686 
                 2690.000       1753 
                -2691.000       1659 
                 2691.000       1853 
                -2692.000       1742 
                 2692.000       1876 
                -2693.000       1758 
                 2693.000       1912 
                -2694.000       1540 
                 2694.000       1599 
                -2695.000       1577 
                 2695.000       1769 
                -2696.000       1627 
                 2696.000       1781 
                -2697.000       1639 
                 2697.000       1857 
                -2698.000       1589 
                 2698.000       1690 
                -2699.000       1698 
                 2699.000       1865 
                -2700.000       1650 
                 2700.000       1803 
                -2701.000       1760 
                 2701.000       1846 
                -2702.000       1997 
                 2702.000       2086 
                -2703.000       1657 
                 2703.000       1741 
                -2704.000       1617 
                 2704.000       1773 
                -2705.000       1682 
                 2705.000       1874 
                -2706.000       1612 
                 2706.000       1805 
                -2707.000       1694 
                 2707.000       1872 
                -2708.000       1591 
                 2708.000       1806 
                -2709.000       1727 
                 2709.000       1901 
                -2710.000       1719 
                 2710.000       1708 
                -2711.000       1750 
                 2711.000       1848 
                -2712.000       1962 
                 2712.000       2123 
                -2713.000       1744 
                 2713.000       1924 
                -2714.000       1641 
                 2714.000       1770 
                -2715.000       1909 
                 2715.000       1944 
                -2716.000       1525 
                 2716.000       1620 
                -2717.000       1660 
                 2717.000       1863 
                -2718.000       1608 
                 2718.000       1814 
                -2719.000       1683 
                 2719.000       1739 
                -2720.000       1692 
                 2720.000       1825 
                -2721.000       1764 
                 2721.000       1900 
                -2722.000       1574 
                 2722.000       1628 
                -2723.000       1742 
                 2723.000       1811 
                -2724.000       1725 
                 2724.000       1864 
                -2725.000       1540 
                 2725.000       1689 
                -2726.000       1662 
                 2726.000       1821 
                -2727.000       1831 
                 2727.000       1997 
                -2728.000       1576 
                 2728.000       1720 
                -2729.000       1708 
                 2729.000       1759 
                -2730.000       1510 
                 2730.000       1578 
                -2731.000       1727 
                 2731.000       2036 
                -2732.000       1569 
                 2732.000       1657 
                -2733.000       1992 
                 2733.000       2173 
                -2734.000       1645 
                 2734.000       1721 
                -2735.000       1666 
                 2735.000       1867 
                -2736.000       1652 
                 2736.000       1826 
                -2737.000       1600 
                 2737.000       1731 
                -2738.000       1709 
                 2738.000       1791 
                -2739.000       1613 
                 2739.000       1718 
                -2740.000       1809 
                 2740.000       1925 
                -2741.000       1878 
                 2741.000       2035 
                -2742.000       1851 
                 2742.000       2103 
                -2743.000       1581 
                 2743.000       1657 
                -2744.000       1903 
                 2744.000       2085 
                -2745.000       1866 
                 2745.000       2114 
                -2746.000       1751 
                 2746.000       1967 
                -2747.000       1707 
                 2747.000       1833 
                -2748.000       1702 
                 2748.000       1878 
                -2749.000       1774 
                 2749.000       1985 
                -2750.000       1729 
                 2750.000       1876 
                -2751.000       1653 
                 2751.000       1840 
                -2752.000       1829 
                 2752.000       1852 
                -2753.000       1617 
                 2753.000       1695 
                -2754.000       1546 
                 2754.000       1692 
                -2755.000       1567 
                 2755.000       1680 
                -2756.000       1818 
                 2756.000       2008 
                -2757.000       1827 
                 2757.000       1922 
                -2758.000       1640 
                 2758.000       1707 
                -2759.000       1858 
                 2759.000       2085 
                -2760.000       1649 
                 2760.000       1856 
                -2761.000       1842 
                 2761.000       1991 
                -2762.000       1743 
                 2762.000       1887 
                -2763.000       1795 
                 2763.000       1732 
                -2764.000       1649 
                 2764.000       1788 
                -2765.000       1722 
                 2765.000       1876 
                -2766.000       1764 
                 2766.000       1847 
                -2767.000       1808 
                 2767.000       2066 
                -2768.000       1579 
                 2768.000       1754 
                -2769.000       1723 
                 2769.000       1850 
                -2770.000       1680 
                 2770.000       1787 
                -2771.000       1547 
                 2771.000       1626 
                -2772.000       1750 
                 2772.000       1957 
                -2773.000       1755 
                 2773.000       1910 
                -2774.000       1782 
                 2774.000       1932 
                -2775.000       1709 
                 2775.000       1917 
                -2776.000       1561 
                 2776.000       1813 
                -2777.000       1709 
                 2777.000       1787 
                -2778.000       1613 
                 2778.000       1735 
                -2779.000       1877 
                 2779.000       2053 
                -2780.000       1788 
                 2780.000       2039 
                -2781.000       1644 
                 2781.000       1776 
                -2782.000       1873 
                 2782.000       2002 
                -2783.000       1666 
                 2783.000       1811 
                -2784.000       1839 
                 2784.000       1914 
                -2785.000       1780 
                 2785.000       1876 
                -2786.000       1731 
                 2786.000       1890 
                -2787.000       1847 
                 2787.000       1968 
                -2788.000       1775 
                 2788.000       1977 
                -2789.000       1828 
                 2789.000       1931 
                -2790.000       1691 
                 2790.000       1887 
                -2791.000       1785 
                 2791.000       1913 
                -2792.000       1642 
                 2792.000       1772 
                -2793.000       1533 
                 2793.000       1668 
                -2794.000       1770 
                 2794.000       1860 
                -2795.000       1684 
                 2795.000       1783 
                -2796.000       1727 
                 2796.000       1906 
                -2797.000       1717 
                 2797.000       1891 
                -2798.000       1743 
                 2798.000       1871 
                -2799.000       1472 
                 2799.000       1633 
                -2800.000       1671 
                 2800.000       1887 
                -2801.000       1555 
                 2801.000       1784 
                -2802.000       1699 
                 2802.000       1871 
                -2803.000       1776 
                 2803.000       1888 
                -2804.000       1834 
                 2804.000       1932 
                -2805.000       1543 
                 2805.000       1720 
                -2806.000       1646 
                 2806.000       1831 
                -2807.000       1698 
                 2807.000       1729 
                -2808.000       1743 
                 2808.000       1820 
                -2809.000       1691 
                 2809.000       1799 
                -2810.000       1700 
                 2810.000       1806 
                -2811.000       1831 
                 2811.000       2050 
                -2812.000       1725 
                 2812.000       1815 
                -2813.000       1734 
                 2813.000       1928 
                -2814.000       1730 
                 2814.000       1809 
                -2815.000       1852 
                 2815.000       1913 
                -2816.000       1835 
                 2816.000       1979 
                -2817.000       1838 
                 2817.000       1998 
                -2818.000       1702 
                 2818.000       1879 
                -2819.000       1585 
                 2819.000       1767 
                -2820.000       1616 
                 2820.000       1732 
                -2821.000       1576 
                 2821.000       1749 
                -2822.000       1708 
                 2822.000       1852 
                -2823.000       1573 
                 2823.000       1719 
                -2824.000       1479 
                 2824.000       1721 
                -2825.000       1834 
                 2825.000       2014 
                -2826.000       1653 
                 2826.000       1793 
                -2827.000       1500 
                 2827.000       1779 
                -2828.000       1885 
                 2828.000       2004 
                -2829.000       1458 
                 2829.000       1508 
                -2830.000       1752 
                 2830.000       1937 
                -2831.000       1536 
                 2831.000       1660 
                -2832.000       1968 
                 2832.000       2147 
                -2833.000       1646 
                 2833.000       1814 
                -2834.000       1593 
                 2834.000       1801 
                -2835.000       1893 
                 2835.000       2019 
                -2836.000       1620 
                 2836.000       1736 
                -2837.000       1613 
                 2837.000       1854 
                -2838.000       1704 
                 2838.000       1835 
                -2839.000       1763 
                 2839.000       1910 
                -2840.000       1665 
                 2840.000       1794 
                -2841.000       1798 
                 2841.000       1926 
                -2842.000       1696 
                 2842.000       1872 
                -2843.000       1885 
                 2843.000       1932 
                -2844.000       1650 
                 2844.000       1876 
                -2845.000       1732 
                 2845.000       1866 
                -2846.000       1695 
                 2846.000       1835 
                -2847.000       1754 
                 2847.000       2009 
                -2848.000       1746 
                 2848.000       1859 
                -2849.000       1635 
                 2849.000       1757 
                -2850.000       1756 
                 2850.000       1769 
                -2851.000       1791 
                 2851.000       1941 
                -2852.000       1726 
                 2852.000       1885 
                -2853.000       1573 
                 2853.000       1709 
                -2854.000       1811 
                 2854.000       1953 
                -2855.000       1724 
                 2855.000       1883 
                -2856.000       1742 
                 2856.000       1774 
                -2857.000       1760 
                 2857.000       1936 
                -2858.000       1667 
                 2858.000       1804 
                -2859.000       1807 
                 2859.000       1933 
                -2860.000       1826 
                 2860.000       1970 
                -2861.000       1768 
                 2861.000       1983 
                -2862.000       1763 
                 2862.000       1913 
                -2863.000       1897 
                 2863.000       1949 
                -2864.000       1599 
                 2864.000       1796 
                -2865.000       1798 
                 2865.000       2035 
                -2866.000       1649 
                 2866.000       1803 
                -2867.000       1545 
                 2867.000       1581 
                -2868.000       1601 
                 2868.000       1740 
                -2869.000       1623 
                 2869.000       1852 
                -2870.000       1771 
                 2870.000       1914 
                -2871.000       1868 
                 2871.000       2056 
                -2872.000       1484 
                 2872.000       1815 
                -2873.000       1670 
                 2873.000       1804 
                -2874.000       1680 
                 2874.000       1872 
                -2875.000       1827 
                 2875.000       1974 
                -2876.000       1737 
                 2876.000       1895 
                -2877.000       1650 
                 2877.000       1870 
                -2878.000       1729 
                 2878.000       1952 
                -2879.000       1787 
                 2879.000       1971 
                -2880.000       1954 
                 2880.000       2053 
                -2881.000       1667 
                 2881.000       1798 
                -2882.000       1726 
                 2882.000       1889 
                -2883.000       1736 
                 2883.000       1801 
                -2884.000       1573 
                 2884.000       1730 
                -2885.000       1773 
                 2885.000       1885 
                -2886.000       1760 
                 2886.000       1987 
                -2887.000       1512 
                 2887.000       1715 
                -2888.000       1764 
                 2888.000       1747 
                -2889.000       1781 
                 2889.000       1942 
                -2890.000       1831 
                 2890.000       2040 
                -2891.000       1769 
                 2891.000       1762 
                -2892.000       1688 
                 2892.000       1845 
                -2893.000       1427 
                 2893.000       1555 
                -2894.000       1566 
                 2894.000       1777 
                -2895.000       1694 
                 2895.000       1774 
                -2896.000       1634 
                 2896.000       1796 
                -2897.000       1884 
                 2897.000       2109 
                -2898.000       1730 
                 2898.000       1841 
                -2899.000       1732 
                 2899.000       1841 
                -2900.000       1707 
                 2900.000       1815 
                -2901.000       1611 
                 2901.000       1800 
                -2902.000       1736 
                 2902.000       1793 
                -2903.000       1938 
                 2903.000       2084 
                -2904.000       1785 
                 2904.000       1910 
                -2905.000       1691 
                 2905.000       2016 
                -2906.000       1645 
                 2906.000       1836 
                -2907.000       1828 
                 2907.000       1906 
                -2908.000       1475 
                 2908.000       1516 
                -2909.000       1629 
                 2909.000       1767 
                -2910.000       1673 
                 2910.000       1803 
                -2911.000       1723 
                 2911.000       1819 
                -2912.000       1901 
                 2912.000       1988 
                -2913.000       1475 
                 2913.000       1616 
                -2914.000       1687 
                 2914.000       1902 
                -2915.000       1685 
                 2915.000       1798 
                -2916.000       1665 
                 2916.000       1905 
                -2917.000       1633 
                 2917.000       1735 
                -2918.000       1563 
                 2918.000       1713 
                -2919.000       1824 
                 2919.000       1967 
                -2920.000       1836 
                 2920.000       1938 
                -2921.000       1672 
                 2921.000       1721 
                -2922.000       1566 
                 2922.000       1678 
                -2923.000       1894 
                 2923.000       1935 
                -2924.000       1654 
                 2924.000       1785 
                -2925.000       1835 
                 2925.000       2055 
                -2926.000       1697 
                 2926.000       1856 
                -2927.000       1673 
                 2927.000       1818 
                -2928.000       1708 
                 2928.000       1701 
                -2929.000       1730 
                 2929.000       1914 
                -2930.000       1792 
                 2930.000       1907 
                -2931.000       1678 
                 2931.000       1811 
                -2932.000       1646 
                 2932.000       1766 
                -2933.000       1753 
                 2933.000       1931 
                -2934.000       1752 
                 2934.000       1938 
                -2935.000       1659 
                 2935.000       1843 
                -2936.000       1526 
                 2936.000       1693 
                -2937.000       1701 
                 2937.000       1790 
                -2938.000       1873 
                 2938.000       1968 
                -2939.000       1710 
                 2939.000       1780 
                -2940.000       1810 
                 2940.000       1965 
                -2941.000       1725 
                 2941.000       1886 
                -2942.000       1873 
                 2942.000       2032 
                -2943.000       1805 
                 2943.000       1876 
                -2944.000       1784 
                 2944.000       1941 
                -2945.000       1655 
                 2945.000       1839 
                -2946.000       1586 
                 2946.000       1664 
                -2947.000       1739 
                 2947.000       1819 
                -2948.000       1655 
                 2948.000       1878 
                -2949.000       1843 
                 2949.000       1942 
                -2950.000       1533 
                 2950.000       1592 
                -2951.000       1626 
                 2951.000       1729 
                -2952.000       1790 
                 2952.000       2027 
                -2953.000       1616 
                 2953.000       1767 
                -2954.000       1931 
                 2954.000       2134 
                -2955.000       1759 
                 2955.000       1877 
                -2956.000       1701 
                 2956.000       1814 
                -2957.000       1917 
                 2957.000       2139 
                -2958.000       1726 
                 2958.000       1855 
                -2959.000       1656 
                 2959.000       1711 
                -2960.000       2041 
                 2960.000       2129 
                -2961.000       1756 
                 2961.000       1996 
                -2962.000       1785 
                 2962.000       1926 
                -2963.000       1821 
                 2963.000       1945 
                -2964.000       1701 
                 2964.000       1918 
                -2965.000       1850 
                 2965.000       1860 
                -2966.000       1606 
                 2966.000       1776 
                -2967.000       1657 
                 2967.000       1900 
                -2968.000       1945 
                 2968.000       2036 
                -2969.000       1571 
                 2969.000       1661 
                -2970.000       1710 
                 2970.000       1841 
                -2971.000       1702 
                 2971.000       1899 
                -2972.000       1759 
                 2972.000       1947 
                -2973.000       1669 
                 2973.000       1807 
                -2974.000       1847 
                 2974.000       1970 
                -2975.000       1730 
                 2975.000       1894 
                -2976.000       1892 
                 2976.000       2029 
                -2977.000       1803 
                 2977.000       1928 
                -2978.000       1587 
                 2978.000       1780 
                -2979.000       1927 
                 2979.000       2049 
                -2980.000       1753 
                 2980.000       1905 
                -2981.000       1821 
                 2981.000       1959 
                -2982.000       1724 
                 2982.000       1923 
                -2983.000       1735 
                 2983.000       1944 
                -2984.000       1740 
                 2984.000       1839 
                -2985.000       1605 
                 2985.000       1741 
                -2986.000       1751 
                 2986.000       1982 
                -2987.000       1630 
                 2987.000       1746 
                -2988.000       1744 
                 2988.000       1820 
                -2989.000       1762 
                 2989.000       1824 
                -2990.000       1637 
                 2990.000       1835 
                -2991.000       1785 
                 2991.000       1965 
                -2992.000       1747 
                 2992.000       1904 
                -2993.000       1601 
                 2993.000       1840 
                -2994.000       1829 
                 2994.000       1917 
                -2995.000       1777 
                 2995.000       1759 
                -2996.000       1716 
                 2996.000       1774 
                -2997.000       1735 
                 2997.000       1836 
                -2998.000       1772 
                 2998.000       1934 
                -2999.000       1791 
                 2999.000       2014 
                -3000.000       1523 
                 3000.000       1703 
                -3001.000       1730 
                 3001.000       1838 
                -3002.000       1760 
                 3002.000       1837 
                -3003.000       1764 
                 3003.000       1944 
                -3004.000       1698 
                 3004.000       1829 
                -3005.000       1666 
                 3005.000       1901 
                -3006.000       1551 
                 3006.000       1668 
                -3007.000       1798 
                 3007.000       1969 
                -3008.000       1781 
                 3008.000       1946 
                -3009.000       1746 
                 3009.000       1866 
                -3010.000       1690 
                 3010.000       1814 
                -3011.000       1677 
                 3011.000       1793 
                -3012.000       1701 
                 3012.000       1786 
                -3013.000       1520 
                 3013.000       1601 
                -3014.000       1850 
                 3014.000       1957 
                -3015.000       1661 
                 3015.000       1776 
                -3016.000       1766 
                 3016.000       1879 
                -3017.000       1769 
                 3017.000       1930 
                -3018.000       1601 
                 3018.000       1815 
                -3019.000       1717 
                 3019.000       1881 
                -3020.000       1948 
                 3020.000       2133 
                -3021.000       1689 
                 3021.000       1843 
                -3022.000       1636 
                 3022.000       1792 
                -3023.000       1725 
                 3023.000       1897 
                -3024.000       1580 
                 3024.000       1717 
                -3025.000       1736 
                 3025.000       1868 
                -3026.000       1787 
                 3026.000       2005 
                -3027.000       1643 
                 3027.000       1782 
                -3028.000       1922 
                 3028.000       2026 
                -3029.000       1626 
                 3029.000       1833 
                -3030.000       1939 
                 3030.000       2062 
                -3031.000       1667 
                 3031.000       1839 
                -3032.000       1498 
                 3032.000       1679 
                -3033.000       1535 
                 3033.000       1660 
                -3034.000       1731 
                 3034.000       1829 
                -3035.000       1498 
                 3035.000       1570 
                -3036.000       1543 
                 3036.000       1579 
                -3037.000       1832 
                 3037.000       1884 
                -3038.000       1696 
                 3038.000       1901 
                -3039.000       1582 
                 3039.000       1779 
                -3040.000       1638 
                 3040.000       1737 
                -3041.000       1612 
                 3041.000       1730 
                -3042.000       1728 
                 3042.000       1957 
                -3043.000       1624 
                 3043.000       1832 
                -3044.000       1746 
                 3044.000       1907 
                -3045.000       1483 
                 3045.000       1717 
                -3046.000       1803 
                 3046.000       1925 
                -3047.000       1721 
                 3047.000       1743 
                -3048.000       1655 
                 3048.000       1802 
                -3049.000       1823 
                 3049.000       1889 
                -3050.000       1889 
                 3050.000       1932 
                -3051.000       1935 
                 3051.000       2160 
                -3052.000       1778 
                 3052.000       1828 
                -3053.000       1705 
                 3053.000       1859 
                -3054.000       1741 
                 3054.000       1829 
                -3055.000       1702 
                 3055.000       1795 
                -3056.000       1721 
                 3056.000       1845 
                -3057.000       1502 
                 3057.000       1587 
                -3058.000       1643 
                 3058.000       1704 
                -3059.000       1685 
                 3059.000       1730 
                -3060.000       1573 
                 3060.000       1659 
                -3061.000       1624 
                 3061.000       1760 
                -3062.000       1845 
                 3062.000       1945 
                -3063.000       1635 
                 3063.000       1888 
                -3064.000       1776 
                 3064.000       1917 
                -3065.000       1777 
                 3065.000       1954 
                -3066.000       1753 
                 3066.000       1967 
                -3067.000       1335 
                 3067.000       1458 
                -3068.000       1786 
                 3068.000       1862 
                -3069.000       1705 
                 3069.000       1853 
                -3070.000       1668 
                 3070.000       1821 
                -3071.000       1914 
                 3071.000       1959 
                -3072.000       1843 
                 3072.000       2069 
                -3073.000       1525 
                 3073.000       1676 
                -3074.000       1820 
                 3074.000       1989 
                -3075.000       1782 
                 3075.000       1929 
                -3076.000       1924 
                 3076.000       2091 
                -3077.000       1987 
                 3077.000       2143 
                -3078.000       1513 
                 3078.000       1714 
                -3079.000       1746 
                 3079.000       1799 
                -3080.000       1780 
                 3080.000       1861 
                -3081.000       1484 
                 3081.000       1665 
                -3082.000       1647 
                 3082.000       1818 
                -3083.000       1646 
                 3083.000       1781 
                -3084.000       1717 
                 3084.000       1868 
                -3085.000       1892 
                 3085.000       2053 
                -3086.000       1669 
                 3086.000       1866 
                -3087.000       1915 
                 3087.000       2054 
                -3088.000       1744 
                 3088.000       1704 
                -3089.000       1882 
                 3089.000       1996 
                -3090.000       1714 
                 3090.000       1836 
                -3091.000       1685 
                 3091.000       1766 
                -3092.000       1638 
                 3092.000       1794 
                -3093.000       1820 
                 3093.000       1962 
                -3094.000       1492 
                 3094.000       1610 
                -3095.000       1827 
                 3095.000       2084 
                -3096.000       1655 
                 3096.000       1796 
                -3097.000       1757 
                 3097.000       1976 
                -3098.000       1484 
                 3098.000       1615 
                -3099.000       1656 
                 3099.000       1774 
                -3100.000       1674 
                 3100.000       1785 
                -3101.000       1775 
                 3101.000       1945 
                -3102.000       1639 
                 3102.000       1784 
                -3103.000       1677 
                 3103.000       1904 
                -3104.000       1751 
                 3104.000       1933 
                -3105.000       1820 
                 3105.000       1941 
                -3106.000       1792 
                 3106.000       2079 
                -3107.000       1571 
                 3107.000       1771 
                -3108.000       1740 
                 3108.000       1886 
                -3109.000       1894 
                 3109.000       1919 
                -3110.000       1700 
                 3110.000       1827 
                -3111.000       1703 
                 3111.000       1959 
                -3112.000       1928 
                 3112.000       2153 
                -3113.000       1649 
                 3113.000       1833 
                -3114.000       1797 
                 3114.000       1829 
                -3115.000       1556 
                 3115.000       1680 
                -3116.000       1764 
                 3116.000       1818 
                -3117.000       1763 
                 3117.000       1878 
                -3118.000       1554 
                 3118.000       1634 
                -3119.000       1577 
                 3119.000       1742 
                -3120.000       1673 
                 3120.000       1865 
                -3121.000       1874 
                 3121.000       1978 
                -3122.000       1717 
                 3122.000       1867 
                -3123.000       1665 
                 3123.000       1839 
                -3124.000       1916 
                 3124.000       2092 
                -3125.000       1743 
                 3125.000       1848 
                -3126.000       1620 
                 3126.000       1795 
                -3127.000       1656 
                 3127.000       1825 
                -3128.000       1708 
                 3128.000       1918 
                -3129.000       1685 
                 3129.000       1699 
                -3130.000       1715 
                 3130.000       1697 
                -3131.000       1678 
                 3131.000       1783 
                -3132.000       1770 
                 3132.000       1858 
                -3133.000       1677 
                 3133.000       1822 
                -3134.000       1643 
                 3134.000       1769 
                -3135.000       1758 
                 3135.000       1874 
                -3136.000       1774 
                 3136.000       1869 
                -3137.000       1611 
                 3137.000       1753 
                -3138.000       1784 
                 3138.000       1925 
                -3139.000       1834 
                 3139.000       1985 
                -3140.000       2088 
                 3140.000       2084 
                -3141.000       1593 
                 3141.000       1737 
                -3142.000       1735 
                 3142.000       1881 
                -3143.000       1623 
                 3143.000       1843 
                -3144.000       1727 
                 3144.000       1876 
                -3145.000       1841 
                 3145.000       1923 
                -3146.000       1696 
                 3146.000       1782 
                -3147.000       1814 
                 3147.000       2039 
                -3148.000       1668 
                 3148.000       1905 
                -3149.000       1660 
                 3149.000       1793 
                -3150.000       1871 
                 3150.000       2053 
                -3151.000       1794 
                 3151.000       2002 
                -3152.000       1753 
                 3152.000       1882 
                -3153.000       1510 
                 3153.000       1752 
                -3154.000       1707 
                 3154.000       1931 
                -3155.000       1626 
                 3155.000       1743 
                -3156.000       1773 
                 3156.000       1934 
                -3157.000       1688 
                 3157.000       1856 
                -3158.000       1826 
                 3158.000       1901 
                -3159.000       1820 
                 3159.000       1899 
                -3160.000       1544 
                 3160.000       1753 
                -3161.000       1806 
                 3161.000       1917 
                -3162.000       1632 
                 3162.000       1921 
                -3163.000       1972 
                 3163.000       2144 
                -3164.000       1680 
                 3164.000       1761 
                -3165.000       1669 
                 3165.000       1819 
                -3166.000       1772 
                 3166.000       2058 
                -3167.000       1910 
                 3167.000       2129 
                -3168.000       1788 
                 3168.000       1917 
                -3169.000       1825 
                 3169.000       1990 
                -3170.000       1700 
                 3170.000       1862 
                -3171.000       1727 
                 3171.000       1977 
                -3172.000       1773 
                 3172.000       1898 
                -3173.000       1554 
                 3173.000       1696 
                -3174.000       1806 
                 3174.000       1942 
                -3175.000       1689 
                 3175.000       1864 
                -3176.000       1719 
                 3176.000       1931 
                -3177.000       1837 
                 3177.000       2047 
                -3178.000       1890 
                 3178.000       1892 
                -3179.000       1745 
                 3179.000       1821 
                -3180.000       1735 
                 3180.000       1882 
                -3181.000       1793 
                 3181.000       1816 
                -3182.000       1886 
                 3182.000       1998 
                -3183.000       1822 
                 3183.000       1993 
                -3184.000       1622 
                 3184.000       1885 
                -3185.000       1718 
                 3185.000       1874 
                -3186.000       1631 
                 3186.000       1747 
                -3187.000       1844 
                 3187.000       2001 
                -3188.000       1743 
                 3188.000       1911 
                -3189.000       1910 
                 3189.000       1993 
                -3190.000       1692 
                 3190.000       1799 
                -3191.000       1798 
                 3191.000       2035 
                -3192.000       1771 
                 3192.000       1899 
                -3193.000       1871 
                 3193.000       1984 
                -3194.000       1729 
                 3194.000       1813 
                -3195.000       1539 
                 3195.000       1641 
                -3196.000       1808 
                 3196.000       1946 
                -3197.000       1643 
                 3197.000       1718 
                -3198.000       1849 
                 3198.000       1956 
                -3199.000       1625 
                 3199.000       1693 
                -3200.000       1772 
                 3200.000       1930 
                -3201.000       1658 
                 3201.000       1790 
                -3202.000       1745 
                 3202.000       1797 
                -3203.000       1787 
                 3203.000       1904 
                -3204.000       1611 
                 3204.000       1746 
                -3205.000       1781 
                 3205.000       1941 
                -3206.000       1939 
                 3206.000       2079 
                -3207.000       1576 
                 3207.000       1847 
                -3208.000       1610 
                 3208.000       1803 
                -3209.000       1880 
                 3209.000       2116 
                -3210.000       1724 
                 3210.000       1829 
                -3211.000       1830 
                 3211.000       2073 
                -3212.000       1914 
                 3212.000       1902 
                -3213.000       1692 
                 3213.000       1788 
                -3214.000       1777 
                 3214.000       1933 
                -3215.000       1652 
                 3215.000       1860 
                -3216.000       1678 
                 3216.000       1928 
                -3217.000       1776 
                 3217.000       1909 
                -3218.000       1704 
                 3218.000       1874 
                -3219.000       1611 
                 3219.000       1757 
                -3220.000       1589 
                 3220.000       1649 
                -3221.000       1697 
                 3221.000       1816 
                -3222.000       2025 
                 3222.000       2150 
                -3223.000       1618 
                 3223.000       1768 
                -3224.000       1723 
                 3224.000       1908 
                -3225.000       1657 
                 3225.000       1737 
                -3226.000       1650 
                 3226.000       1887 
                -3227.000       1655 
                 3227.000       1867 
                -3228.000       1709 
                 3228.000       1849 
                -3229.000       1912 
                 3229.000       2030 
                -3230.000       1623 
                 3230.000       1758 
                -3231.000       1882 
                 3231.000       2052 
                -3232.000       1744 
                 3232.000       1887 
                -3233.000       1464 
                 3233.000       1578 
                -3234.000       1779 
                 3234.000       1898 
                -3235.000       1573 
                 3235.000       1698 
                -3236.000       1738 
                 3236.000       1927 
                -3237.000       1699 
                 3237.000       1853 
                -3238.000       1722 
                 3238.000       1958 
                -3239.000       1716 
                 3239.000       1825 
                -3240.000       1821 
                 3240.000       1969 
                -3241.000       1522 
                 3241.000       1710 
                -3242.000       1645 
                 3242.000       1788 
                -3243.000       1828 
                 3243.000       1978 
                -3244.000       1774 
                 3244.000       1982 
                -3245.000       1652 
                 3245.000       1842 
                -3246.000       1864 
                 3246.000       2031 
                -3247.000       1667 
                 3247.000       1826 
                -3248.000       1884 
                 3248.000       1925 
                -3249.000       1874 
                 3249.000       1979 
                -3250.000       1655 
                 3250.000       1759 
                -3251.000       1641 
                 3251.000       1733 
                -3252.000       1678 
                 3252.000       1869 
                -3253.000       1726 
                 3253.000       1876 
                -3254.000       1684 
                 3254.000       1772 
                -3255.000       1604 
                 3255.000       1756 
                -3256.000       1632 
                 3256.000       1804 
                -3257.000       1639 
                 3257.000       1857 
                -3258.000       1767 
                 3258.000       1824 
                -3259.000       1854 
                 3259.000       2029 
                -3260.000       1847 
                 3260.000       1914 
                -3261.000       1675 
                 3261.000       1801 
                -3262.000       1719 
                 3262.000       1785 
                -3263.000       1561 
                 3263.000       1857 
                -3264.000       1788 
                 3264.000       1879 
                -3265.000       1566 
                 3265.000       1709 
                -3266.000       1793 
                 3266.000       1985 
                -3267.000       1806 
                 3267.000       1888 
                -3268.000       1712 
                 3268.000       1901 
                -3269.000       1645 
                 3269.000       1792 
                -3270.000       1878 
                 3270.000       1981 
                -3271.000       2025 
                 3271.000       2255 
                -3272.000       1734 
                 3272.000       1822 
                -3273.000       1542 
                 3273.000       1595 
                -3274.000       1855 
                 3274.000       1990 
                -3275.000       1745 
                 3275.000       1869 
                -3276.000       1665 
                 3276.000       1905 
                -3277.000       1755 
                 3277.000       2002 
                -3278.000       1715 
                 3278.000       1971 
                -3279.000       1571 
                 3279.000       1694 
                -3280.000       1639 
                 3280.000       1875 
                -3281.000       1700 
                 3281.000       1867 
                -3282.000       1771 
                 3282.000       1898 
                -3283.000       1621 
                 3283.000       1770 
                -3284.000       1753 
                 3284.000       1766 
                -3285.000       1701 
                 3285.000       1858 
                -3286.000       1569 
                 3286.000       1792 
                -3287.000       1643 
                 3287.000       1738 
                -3288.000       1657 
                 3288.000       1837 
                -3289.000       1614 
                 3289.000       1877 
                -3290.000       1672 
                 3290.000       1844 
                -3291.000       1901 
                 3291.000       2160 
                -3292.000       1768 
                 3292.000       1904 
                -3293.000       1846 
                 3293.000       1999 
                -3294.000       1880 
                 3294.000       1937 
                -3295.000       1957 
                 3295.000       2175 
                -3296.000       1625 
                 3296.000       1820 
                -3297.000       1825 
                 3297.000       1940 
                -3298.000       1641 
                 3298.000       1807 
                -3299.000       1698 
                 3299.000       1899 
                -3300.000       1666 
                 3300.000       1777 
                -3301.000       1725 
                 3301.000       1958 
                -3302.000       1865 
                 3302.000       1987 
                -3303.000       1827 
                 3303.000       1957 
                -3304.000       1701 
                 3304.000       1823 
                -3305.000       1634 
                 3305.000       1751 
                -3306.000       1573 
                 3306.000       1765 
                -3307.000       1624 
                 3307.000       1717 
                -3308.000       1749 
                 3308.000       1870 
                -3309.000       1784 
                 3309.000       1886 
                -3310.000       1732 
                 3310.000       1832 
                -3311.000       1773 
                 3311.000       2071 
                -3312.000       1765 
                 3312.000       1984 
                -3313.000       1701 
                 3313.000       1777 
                -3314.000       1731 
                 3314.000       1740 
                -3315.000       1742 
                 3315.000       1798 
                -3316.000       1634 
                 3316.000       1842 
                -3317.000       1850 
                 3317.000       1995 
                -3318.000       1784 
                 3318.000       2008 
                -3319.000       1765 
                 3319.000       1894 
                -3320.000       1757 
                 3320.000       1773 
                -3321.000       1601 
                 3321.000       1797 
                -3322.000       1696 
                 3322.000       1910 
                -3323.000       1725 
                 3323.000       1924 
                -3324.000       1767 
                 3324.000       1952 
                -3325.000       1631 
                 3325.000       1718 
                -3326.000       1952 
                 3326.000       2128 
                -3327.000       1864 
                 3327.000       1926 
                -3328.000       1770 
                 3328.000       1992 
                -3329.000       1684 
                 3329.000       1768 
                -3330.000       1748 
                 3330.000       1846 
                -3331.000       1563 
                 3331.000       1679 
                -3332.000       1599 
                 3332.000       1749 
                -3333.000       1841 
                 3333.000       2020 
                -3334.000       1882 
                 3334.000       2053 
                -3335.000       1757 
                 3335.000       1911 
                -3336.000       1832 
                 3336.000       1876 
                -3337.000       1745 
                 3337.000       1855 
                -3338.000       1531 
                 3338.000       1592 
                -3339.000       1864 
                 3339.000       1963 
                -3340.000       1739 
                 3340.000       1859 
                -3341.000       1833 
                 3341.000       1923 
                -3342.000       1781 
                 3342.000       2038 
                -3343.000       1867 
                 3343.000       2026 
                -3344.000       1620 
                 3344.000       1804 
                -3345.000       1862 
                 3345.000       2016 
                -3346.000       1811 
                 3346.000       1941 
                -3347.000       1683 
                 3347.000       1970 
                -3348.000       1819 
                 3348.000       1962 
                -3349.000       1831 
                 3349.000       1994 
                -3350.000       1667 
                 3350.000       1788 
                -3351.000       1805 
                 3351.000       2027 
                -3352.000       1759 
                 3352.000       1846 
                -3353.000       1663 
                 3353.000       1663 
                -3354.000       1808 
                 3354.000       1918 
                -3355.000       1676 
                 3355.000       1713 
                -3356.000       1820 
                 3356.000       2028 
                -3357.000       1777 
                 3357.000       2004 
                -3358.000       1617 
                 3358.000       1807 
                -3359.000       1728 
                 3359.000       1853 
                -3360.000       1906 
                 3360.000       2044 
                -3361.000       1622 
                 3361.000       1880 
                -3362.000       1839 
                 3362.000       1924 
                -3363.000       1887 
                 3363.000       2009 
                -3364.000       1699 
                 3364.000       1829 
                -3365.000       1799 
                 3365.000       1954 
                -3366.000       1670 
                 3366.000       1852 
                -3367.000       1582 
                 3367.000       1806 
                -3368.000       1555 
                 3368.000       1735 
                -3369.000       1697 
                 3369.000       1862 
                -3370.000       1888 
                 3370.000       2015 
                -3371.000       1709 
                 3371.000       1842 
                -3372.000       1674 
                 3372.000       1804 
                -3373.000       1644 
                 3373.000       1762 
                -3374.000       1646 
                 3374.000       1647 
                -3375.000       1731 
                 3375.000       1808 
                -3376.000       1820 
                 3376.000       1965 
                -3377.000       1689 
                 3377.000       1892 
                -3378.000       1692 
                 3378.000       1930 
                -3379.000       1761 
                 3379.000       1927 
                -3380.000       1703 
                 3380.000       1900 
                -3381.000       2074 
                 3381.000       2154 
                -3382.000       1801 
                 3382.000       2034 
                -3383.000       1732 
                 3383.000       1931 
                -3384.000       1823 
                 3384.000       1949 
                -3385.000       1903 
                 3385.000       2062 
                -3386.000       1705 
                 3386.000       1989 
                -3387.000       1848 
                 3387.000       2060 
                -3388.000       1812 
                 3388.000       2101 
                -3389.000       1561 
                 3389.000       1654 
                -3390.000       1956 
                 3390.000       2060 
                -3391.000       1733 
                 3391.000       1886 
                -3392.000       1665 
                 3392.000       1903 
                -3393.000       1695 
                 3393.000       1852 
                -3394.000       1662 
                 3394.000       1749 
                -3395.000       1756 
                 3395.000       1974 
                -3396.000       1555 
                 3396.000       1778 
                -3397.000       1679 
                 3397.000       1802 
                -3398.000       1726 
                 3398.000       1900 
                -3399.000       1666 
                 3399.000       1846 
                -3400.000       1907 
                 3400.000       2025 
                -3401.000       1747 
                 3401.000       1845 
                -3402.000       1616 
                 3402.000       1876 
                -3403.000       1800 
                 3403.000       1998 
                -3404.000       1639 
                 3404.000       1929 
                -3405.000       1589 
                 3405.000       1827 
                -3406.000       1632 
                 3406.000       1800 
                -3407.000       1654 
                 3407.000       1792 
                -3408.000       1778 
                 3408.000       1976 
                -3409.000       1843 
                 3409.000       1882 
                -3410.000       2050 
                 3410.000       2125 
                -3411.000       1653 
                 3411.000       1900 
                -3412.000       1751 
                 3412.000       1890 
                -3413.000       1736 
                 3413.000       1896 
                -3414.000       1741 
                 3414.000       1853 
                -3415.000       1608 
                 3415.000       1714 
                -3416.000       1655 
                 3416.000       1886 
                -3417.000       1768 
                 3417.000       1932 
                -3418.000       1576 
                 3418.000       1697 
                -3419.000       1716 
                 3419.000       1803 
                -3420.000       1722 
                 3420.000       1799 
                -3421.000       1621 
                 3421.000       1757 
                -3422.000       1819 
                 3422.000       2010 
                -3423.000       1777 
                 3423.000       1860 
                -3424.000       1667 
                 3424.000       1734 
                -3425.000       1860 
                 3425.000       2029 
                -3426.000       1740 
                 3426.000       1946 
                -3427.000       1940 
                 3427.000       2128 
                -3428.000       2049 
                 3428.000       2089 
                -3429.000       1659 
                 3429.000       1806 
                -3430.000       1834 
                 3430.000       1967 
                -3431.000       1608 
                 3431.000       1803 
                -3432.000       1825 
                 3432.000       1986 
                -3433.000       1919 
                 3433.000       2156 
                -3434.000       1830 
                 3434.000       1920 
                -3435.000       1651 
                 3435.000       1775 
                -3436.000       1750 
                 3436.000       1948 
                -3437.000       1842 
                 3437.000       1951 
                -3438.000       1917 
                 3438.000       2014 
                -3439.000       1596 
                 3439.000       1706 
                -3440.000       1812 
                 3440.000       2092 
                -3441.000       1721 
                 3441.000       1814 
                -3442.000       1671 
                 3442.000       1958 
                -3443.000       1561 
                 3443.000       1689 
                -3444.000       1629 
                 3444.000       1721 
                -3445.000       1642 
                 3445.000       1762 
                -3446.000       1706 
                 3446.000       1884 
                -3447.000       1703 
                 3447.000       2021 
                -3448.000       1923 
                 3448.000       2160 
                -3449.000       1554 
                 3449.000       1790 
                -3450.000       1755 
                 3450.000       1944 
                -3451.000       1658 
                 3451.000       1831 
                -3452.000       1800 
                 3452.000       1908 
                -3453.000       1989 
                 3453.000       2080 
                -3454.000       1664 
                 3454.000       1755 
                -3455.000       1880 
                 3455.000       2026 
                -3456.000       1661 
                 3456.000       1811 
                -3457.000       1936 
                 3457.000       2003 
                -3458.000       1863 
                 3458.000       1963 
                -3459.000       1771 
                 3459.000       1850 
                -3460.000       1738 
                 3460.000       1797 
                -3461.000       1782 
                 3461.000       1882 
                -3462.000       1959 
                 3462.000       2125 
                -3463.000       1729 
                 3463.000       1881 
                -3464.000       1710 
                 3464.000       1772 
                -3465.000       1887 
                 3465.000       2008 
                -3466.000       1698 
                 3466.000       1830 
                -3467.000       1640 
                 3467.000       1856 
                -3468.000       1616 
                 3468.000       1755 
                -3469.000       1772 
                 3469.000       1884 
                -3470.000       1633 
                 3470.000       1779 
                -3471.000       1674 
                 3471.000       1786 
                -3472.000       1845 
                 3472.000       1911 
                -3473.000       1824 
                 3473.000       1918 
                -3474.000       1570 
                 3474.000       1651 
                -3475.000       1845 
                 3475.000       1870 
                -3476.000       1741 
                 3476.000       1920 
                -3477.000       1746 
                 3477.000       1941 
                -3478.000       1771 
                 3478.000       1843 
                -3479.000       2022 
                 3479.000       2190 
                -3480.000       1511 
                 3480.000       1632 
                -3481.000       1749 
                 3481.000       1826 
                -3482.000       1575 
                 3482.000       1697 
                -3483.000       1539 
                 3483.000       1727 
                -3484.000       1772 
                 3484.000       1836 
                -3485.000       1625 
                 3485.000       1840 
                -3486.000       1639 
                 3486.000       1833 
                -3487.000       1958 
                 3487.000       2083 
                -3488.000       1633 
                 3488.000       1838 
                -3489.000       1664 
                 3489.000       1833 
                -3490.000       1771 
                 3490.000       1888 
                -3491.000       1616 
                 3491.000       1803 
                -3492.000       1684 
                 3492.000       1878 
                -3493.000       1866 
                 3493.000       2006 
                -3494.000       1737 
                 3494.000       1854 
                -3495.000       1542 
                 3495.000       1728 
                -3496.000       1856 
                 3496.000       1969 
                -3497.000       1759 
                 3497.000       1948 
                -3498.000       1850 
                 3498.000       1901 
                -3499.000       2117 
                 3499.000       2220 
                -3500.000       1768 
                 3500.000       1926 
                -3501.000       1724 
                 3501.000       1847 
                -3502.000       1698 
                 3502.000       1884 
                -3503.000       1893 
                 3503.000       1987 
                -3504.000       1620 
                 3504.000       1803 
                -3505.000       1898 
                 3505.000       2042 
                -3506.000       1839 
                 3506.000       1968 
                -3507.000       1564 
                 3507.000       1750 
                -3508.000       1633 
                 3508.000       1875 
                -3509.000       1711 
                 3509.000       1862 
                -3510.000       1700 
                 3510.000       1832 
                -3511.000       1826 
                 3511.000       1894 
                -3512.000       1842 
                 3512.000       1969 
                -3513.000       1782 
                 3513.000       1912 
                -3514.000       1789 
                 3514.000       1892 
                -3515.000       1711 
                 3515.000       1835 
                -3516.000       1805 
                 3516.000       1947 
                -3517.000       1729 
                 3517.000       1901 
                -3518.000       1689 
                 3518.000       1670 
                -3519.000       1845 
                 3519.000       1976 
                -3520.000       1802 
                 3520.000       1896 
                -3521.000       2003 
                 3521.000       2097 
                -3522.000       1868 
                 3522.000       1992 
                -3523.000       1903 
                 3523.000       2084 
                -3524.000       1636 
                 3524.000       1827 
                -3525.000       1776 
                 3525.000       1852 
                -3526.000       1727 
                 3526.000       1867 
                -3527.000       1669 
                 3527.000       1726 
                -3528.000       1706 
                 3528.000       1777 
                -3529.000       1797 
                 3529.000       1816 
                -3530.000       1747 
                 3530.000       1971 
                -3531.000       1752 
                 3531.000       1912 
                -3532.000       1586 
                 3532.000       1714 
                -3533.000       1682 
                 3533.000       1753 
                -3534.000       1791 
                 3534.000       1972 
                -3535.000       1831 
                 3535.000       1867 
                -3536.000       1756 
                 3536.000       2005 
                -3537.000       1514 
                 3537.000       1710 
                -3538.000       1917 
                 3538.000       2076 
                -3539.000       1734 
                 3539.000       1852 
                -3540.000       1719 
                 3540.000       1845 
                -3541.000       1848 
                 3541.000       2004 
                -3542.000       1868 
                 3542.000       1999 
                -3543.000       1710 
                 3543.000       1896 
                -3544.000       1869 
                 3544.000       1872 
                -3545.000       1782 
                 3545.000       1948 
                -3546.000       1803 
                 3546.000       2023 
                -3547.000       1816 
                 3547.000       1907 
                -3548.000       1632 
                 3548.000       1780 
                -3549.000       1921 
                 3549.000       2039 
                -3550.000       1737 
                 3550.000       1871 
                -3551.000       1632 
                 3551.000       1701 
                -3552.000       1895 
                 3552.000       1982 
                -3553.000       1875 
                 3553.000       1965 
                -3554.000       1689 
                 3554.000       1792 
                -3555.000       2041 
                 3555.000       2178 
                -3556.000       1770 
                 3556.000       1863 
                -3557.000       1736 
                 3557.000       1850 
                -3558.000       1911 
                 3558.000       2028 
                -3559.000       1779 
                 3559.000       1896 
                -3560.000       1866 
                 3560.000       1957 
                -3561.000       1709 
                 3561.000       1923 
                -3562.000       1732 
                 3562.000       1867 
                -3563.000       1865 
                 3563.000       2048 
                -3564.000       1877 
                 3564.000       2082 
                -3565.000       1819 
                 3565.000       1835 
                -3566.000       1658 
                 3566.000       1850 
                -3567.000       1715 
                 3567.000       1853 
                -3568.000       1653 
                 3568.000       1839 
                -3569.000       1714 
                 3569.000       1838 
                -3570.000       1835 
                 3570.000       1928 
                -3571.000       1904 
                 3571.000       2056 
                -3572.000       1888 
                 3572.000       1951 
                -3573.000       1918 
                 3573.000       2114 
                -3574.000       1791 
                 3574.000       1961 
                -3575.000       1693 
                 3575.000       1959 
                -3576.000       1629 
                 3576.000       1662 
                -3577.000       1729 
                 3577.000       1987 
                -3578.000       1734 
                 3578.000       1693 
                -3579.000       1748 
                 3579.000       1825 
                -3580.000       1667 
                 3580.000       1828 
                -3581.000       1794 
                 3581.000       2080 
                -3582.000       1704 
                 3582.000       1952 
                -3583.000       1865 
                 3583.000       1986 
                -3584.000       1775 
                 3584.000       1885 
                -3585.000       1829 
                 3585.000       1949 
                -3586.000       1761 
                 3586.000       1853 
                -3587.000       1752 
                 3587.000       1833 
                -3588.000       1875 
                 3588.000       2010 
                -3589.000       1559 
                 3589.000       1783 
                -3590.000       1594 
                 3590.000       1766 
                -3591.000       1603 
                 3591.000       1854 
                -3592.000       1797 
                 3592.000       1862 
                -3593.000       1673 
                 3593.000       1822 
                -3594.000       1820 
                 3594.000       1857 
                -3595.000       1754 
                 3595.000       1978 
                -3596.000       1694 
                 3596.000       1765 
                -3597.000       1748 
                 3597.000       1742 
                -3598.000       1862 
                 3598.000       2016 
                -3599.000       1643 
                 3599.000       1814 
                -3600.000       1693 
                 3600.000       1899 
                -3601.000       1819 
                 3601.000       1917 
                -3602.000       1785 
                 3602.000       1835 
                -3603.000       1848 
                 3603.000       2007 
                -3604.000       1904 
                 3604.000       2020 
                -3605.000       1611 
                 3605.000       1747 
                -3606.000       1824 
                 3606.000       1939 
                -3607.000       1923 
                 3607.000       2115 
                -3608.000       1946 
                 3608.000       2108 
                -3609.000       1645 
                 3609.000       1793 
                -3610.000       1652 
                 3610.000       1778 
                -3611.000       1690 
                 3611.000       1920 
                -3612.000       1690 
                 3612.000       1755 
                -3613.000       1835 
                 3613.000       1978 
                -3614.000       1691 
                 3614.000       1905 
                -3615.000       1927 
                 3615.000       2047 
                -3616.000       1904 
                 3616.000       2088 
                -3617.000       1808 
                 3617.000       1923 
                -3618.000       1635 
                 3618.000       1865 
                -3619.000       1824 
                 3619.000       1869 
                -3620.000       1669 
                 3620.000       1757 
                -3621.000       1644 
                 3621.000       1741 
                -3622.000       1883 
                 3622.000       2040 
                -3623.000       1671 
                 3623.000       1894 
                -3624.000       1769 
                 3624.000       1847 
                -3625.000       1863 
                 3625.000       2038 
                -3626.000       1874 
                 3626.000       2118 
                -3627.000       1929 
                 3627.000       2011 
                -3628.000       1884 
                 3628.000       2162 
                -3629.000       1663 
                 3629.000       1877 
                -3630.000       1811 
                 3630.000       1997 
                -3631.000       1707 
                 3631.000       1704 
                -3632.000       1806 
                 3632.000       2026 
                -3633.000       1811 
                 3633.000       1940 
                -3634.000       1702 
                 3634.000       1821 
                -3635.000       1796 
                 3635.000       1933 
                -3636.000       1688 
                 3636.000       1851 
                -3637.000       1859 
                 3637.000       2045 
                -3638.000       1592 
                 3638.000       1659 
                -3639.000       1690 
                 3639.000       1659 
                -3640.000       1834 
                 3640.000       2068 
                -3641.000       1646 
                 3641.000       1700 
                -3642.000       1717 
                 3642.000       1842 
                -3643.000       1726 
                 3643.000       1928 
                -3644.000       1734 
                 3644.000       1936 
                -3645.000       1843 
                 3645.000       1897 
                -3646.000       1753 
                 3646.000       1956 
                -3647.000       1689 
                 3647.000       1869 
                -3648.000       1778 
                 3648.000       1959 
                -3649.000       1692 
                 3649.000       1811 
                -3650.000       1836 
                 3650.000       2006 
                -3651.000       1725 
                 3651.000       1878 
                -3652.000       1725 
                 3652.000       1883 
                -3653.000       1670 
                 3653.000       1847 
                -3654.000       1489 
                 3654.000       1644 
                -3655.000       1795 
                 3655.000       1993 
                -3656.000       1634 
                 3656.000       1767 
                -3657.000       1617 
                 3657.000       1714 
                -3658.000       1749 
                 3658.000       1924 
                -3659.000       1733 
                 3659.000       1987 
                -3660.000       1724 
                 3660.000       1808 
                -3661.000       1809 
                 3661.000       2056 
                -3662.000       1818 
                 3662.000       1860 
                -3663.000       1832 
                 3663.000       1930 
                -3664.000       1826 
                 3664.000       1951 
                -3665.000       1804 
                 3665.000       2061 
                -3666.000       1952 
                 3666.000       2064 
                -3667.000       1953 
                 3667.000       2037 
                -3668.000       1676 
                 3668.000       1677 
                -3669.000       1670 
                 3669.000       1807 
                -3670.000       1690 
                 3670.000       1835 
                -3671.000       1893 
                 3671.000       2080 
                -3672.000       1729 
                 3672.000       1878 
                -3673.000       1613 
                 3673.000       1865 
                -3674.000       1917 
                 3674.000       1960 
                -3675.000       1620 
                 3675.000       1802 
                -3676.000       1814 
                 3676.000       2008 
                -3677.000       1756 
                 3677.000       1959 
                -3678.000       1681 
                 3678.000       1832 
                -3679.000       1598 
                 3679.000       1752 
                -3680.000       1838 
                 3680.000       1966 
                -3681.000       1718 
                 3681.000       1903 
                -3682.000       1972 
                 3682.000       2190 
                -3683.000       1726 
                 3683.000       1938 
                -3684.000       1603 
                 3684.000       1732 
                -3685.000       1651 
                 3685.000       1828 
                -3686.000       1721 
                 3686.000       1908 
                -3687.000       1670 
                 3687.000       1890 
                -3688.000       1856 
                 3688.000       2049 
                -3689.000       1547 
                 3689.000       1591 
                -3690.000       1801 
                 3690.000       1946 
                -3691.000       1708 
                 3691.000       1924 
                -3692.000       1873 
                 3692.000       1942 
                -3693.000       1616 
                 3693.000       1807 
                -3694.000       1774 
                 3694.000       1978 
                -3695.000       1804 
                 3695.000       1893 
                -3696.000       1680 
                 3696.000       1840 
                -3697.000       1784 
                 3697.000       1930 
                -3698.000       1595 
                 3698.000       1873 
                -3699.000       1805 
                 3699.000       2033 
                -3700.000       1763 
                 3700.000       1912 
                -3701.000       1680 
                 3701.000       1825 
                -3702.000       1734 
                 3702.000       1861 
                -3703.000       1822 
                 3703.000       2014 
                -3704.000       1852 
                 3704.000       1972 
                -3705.000       1549 
                 3705.000       1654 
                -3706.000       1796 
                 3706.000       1862 
                -3707.000       1717 
                 3707.000       1867 
                -3708.000       1834 
                 3708.000       1981 
                -3709.000       1803 
                 3709.000       1877 
                -3710.000       1672 
                 3710.000       1805 
                -3711.000       1802 
                 3711.000       1958 
                -3712.000       1977 
                 3712.000       2217 
                -3713.000       1646 
                 3713.000       1848 
                -3714.000       1621 
                 3714.000       1820 
                -3715.000       1780 
                 3715.000       2096 
                -3716.000       1759 
                 3716.000       1783 
                -3717.000       2040 
                 3717.000       2112 
                -3718.000       1515 
                 3718.000       1701 
                -3719.000       1890 
                 3719.000       2092 
                -3720.000       1758 
                 3720.000       1889 
                -3721.000       1865 
                 3721.000       2059 
                -3722.000       1901 
                 3722.000       2029 
                -3723.000       1786 
                 3723.000       1854 
                -3724.000       1707 
                 3724.000       1814 
                -3725.000       1711 
                 3725.000       1863 
                -3726.000       1688 
                 3726.000       1845 
                -3727.000       1910 
                 3727.000       2113 
                -3728.000       1651 
                 3728.000       1883 
                -3729.000       1959 
                 3729.000       2098 
                -3730.000       1632 
                 3730.000       1798 
                -3731.000       1786 
                 3731.000       1965 
                -3732.000       1745 
                 3732.000       1816 
                -3733.000       1805 
                 3733.000       1939 
                -3734.000       1712 
                 3734.000       1813 
                -3735.000       1743 
                 3735.000       1905 
                -3736.000       1568 
                 3736.000       1668 
                -3737.000       1678 
                 3737.000       1775 
                -3738.000       1909 
                 3738.000       2038 
                -3739.000       1972 
                 3739.000       2097 
                -3740.000       1806 
                 3740.000       1930 
                -3741.000       1769 
                 3741.000       1968 
                -3742.000       1835 
                 3742.000       1911 
                -3743.000       1769 
                 3743.000       1917 
                -3744.000       1673 
                 3744.000       1743 
                -3745.000       1851 
                 3745.000       1935 
                -3746.000       1543 
                 3746.000       1677 
                -3747.000       1752 
                 3747.000       1955 
                -3748.000       1751 
                 3748.000       1891 
                -3749.000       1698 
                 3749.000       1808 
                -3750.000       1781 
                 3750.000       1855 
                -3751.000       1787 
                 3751.000       2078 
                -3752.000       1662 
                 3752.000       1898 
                -3753.000       1705 
                 3753.000       1855 
                -3754.000       1610 
                 3754.000       1920 
                -3755.000       1785 
                 3755.000       1902 
                -3756.000       1624 
                 3756.000       1817 
                -3757.000       1693 
                 3757.000       1960 
                -3758.000       1789 
                 3758.000       1911 
                -3759.000       1515 
                 3759.000       1610 
                -3760.000       1820 
                 3760.000       1922 
                -3761.000       1845 
                 3761.000       1962 
                -3762.000       1746 
                 3762.000       1940 
                -3763.000       1736 
                 3763.000       1885 
                -3764.000       1765 
                 3764.000       1844 
                -3765.000       1896 
                 3765.000       1967 
                -3766.000       1895 
                 3766.000       1993 
                -3767.000       1785 
                 3767.000       1896 
                -3768.000       1861 
                 3768.000       2012 
                -3769.000       1763 
                 3769.000       1962 
                -3770.000       1762 
                 3770.000       1961 
                -3771.000       1725 
                 3771.000       1893 
                -3772.000       1628 
                 3772.000       1774 
                -3773.000       1737 
                 3773.000       1864 
                -3774.000       1671 
                 3774.000       1781 
                -3775.000       1919 
                 3775.000       2021 
                -3776.000       1665 
                 3776.000       1911 
                -3777.000       1813 
                 3777.000       1849 
                -3778.000       1743 
                 3778.000       1819 
                -3779.000       1686 
                 3779.000       1876 
                -3780.000       1822 
                 3780.000       1976 
                -3781.000       1844 
                 3781.000       2026 
                -3782.000       1787 
                 3782.000       1912 
                -3783.000       1648 
                 3783.000       1798 
                -3784.000       1716 
                 3784.000       1826 
                -3785.000       1634 
                 3785.000       1813 
                -3786.000       1711 
                 3786.000       1903 
                -3787.000       1750 
                 3787.000       1939 
                -3788.000       1754 
                 3788.000       1796 
                -3789.000       1803 
                 3789.000       1902 
                -3790.000       1851 
                 3790.000       1928 
                -3791.000       1651 
                 3791.000       1760 
                -3792.000       1760 
                 3792.000       1941 
                -3793.000       1790 
                 3793.000       1809 
                -3794.000       1711 
                 3794.000       1991 
                -3795.000       1692 
                 3795.000       1772 
                -3796.000       1866 
                 3796.000       2130 
                -3797.000       1629 
                 3797.000       1822 
                -3798.000       1776 
                 3798.000       2034 
                -3799.000       1818 
                 3799.000       1964 
                -3800.000       1766 
                 3800.000       1893 
                -3801.000       1787 
                 3801.000       1882 
                -3802.000       1797 
                 3802.000       1958 
                -3803.000       1772 
                 3803.000       1788 
                -3804.000       1698 
                 3804.000       1862 
                -3805.000       1750 
                 3805.000       1913 
                -3806.000       2051 
                 3806.000       2101 
                -3807.000       1783 
                 3807.000       1975 
                -3808.000       1781 
                 3808.000       1932 
                -3809.000       1954 
                 3809.000       2026 
                -3810.000       1927 
                 3810.000       2029 
                -3811.000       1781 
                 3811.000       2052 
                -3812.000       1890 
                 3812.000       2167 
                -3813.000       1804 
                 3813.000       2005 
                -3814.000       1854 
                 3814.000       2029 
                -3815.000       1874 
                 3815.000       2046 
                -3816.000       1742 
                 3816.000       1891 
                -3817.000       1749 
                 3817.000       1784 
                -3818.000       1923 
                 3818.000       2025 
                -3819.000       1790 
                 3819.000       2081 
                -3820.000       1776 
                 3820.000       1923 
                -3821.000       1623 
                 3821.000       1722 
                -3822.000       1913 
                 3822.000       2044 
                -3823.000       1887 
                 3823.000       1979 
                -3824.000       1879 
                 3824.000       2043 
                -3825.000       1757 
                 3825.000       1908 
                -3826.000       1524 
                 3826.000       1651 
                -3827.000       1733 
                 3827.000       1974 
                -3828.000       1998 
                 3828.000       1979 
                -3829.000       1724 
                 3829.000       1849 
                -3830.000       1853 
                 3830.000       1995 
                -3831.000       1856 
                 3831.000       1936 
                -3832.000       1881 
                 3832.000       2066 
                -3833.000       1812 
                 3833.000       1961 
                -3834.000       1870 
                 3834.000       2074 
                -3835.000       1863 
                 3835.000       1992 
                -3836.000       1757 
                 3836.000       1971 
                -3837.000       1863 
                 3837.000       1937 
                -3838.000       1984 
                 3838.000       2008 
                -3839.000       1925 
                 3839.000       2007 
                -3840.000       1938 
                 3840.000       1980 
                -3841.000       1778 
                 3841.000       1908 
                -3842.000       1605 
                 3842.000       1779 
                -3843.000       1774 
                 3843.000       1861 
                -3844.000       1630 
                 3844.000       1796 
                -3845.000       1899 
                 3845.000       2113 
                -3846.000       1877 
                 3846.000       1965 
                -3847.000       1693 
                 3847.000       1769 
                -3848.000       1825 
                 3848.000       1909 
                -3849.000       1748 
                 3849.000       1885 
                -3850.000       1972 
                 3850.000       2198 
                -3851.000       1799 
                 3851.000       1953 
                -3852.000       1472 
                 3852.000       1630 
                -3853.000       1586 
                 3853.000       1754 
                -3854.000       1756 
                 3854.000       1847 
                -3855.000       1894 
                 3855.000       2132 
                -3856.000       1742 
                 3856.000       2024 
                -3857.000       1874 
                 3857.000       1942 
                -3858.000       2027 
                 3858.000       2210 
                -3859.000       1929 
                 3859.000       2042 
                -3860.000       1770 
                 3860.000       1837 
                -3861.000       1684 
                 3861.000       1860 
                -3862.000       1785 
                 3862.000       1896 
                -3863.000       1643 
                 3863.000       1737 
                -3864.000       1811 
                 3864.000       1985 
                -3865.000       1713 
                 3865.000       1856 
                -3866.000       1531 
                 3866.000       1641 
                -3867.000       1670 
                 3867.000       1874 
                -3868.000       1633 
                 3868.000       1809 
                -3869.000       1677 
                 3869.000       1847 
                -3870.000       1965 
                 3870.000       2029 
                -3871.000       1752 
                 3871.000       1851 
                -3872.000       1752 
                 3872.000       1870 
                -3873.000       1736 
                 3873.000       1901 
                -3874.000       1856 
                 3874.000       1934 
                -3875.000       1827 
                 3875.000       2030 
                -3876.000       1782 
                 3876.000       1975 
                -3877.000       1948 
                 3877.000       2041 
                -3878.000       1611 
                 3878.000       1862 
                -3879.000       1681 
                 3879.000       1908 
                -3880.000       1633 
                 3880.000       1737 
                -3881.000       1812 
                 3881.000       1905 
                -3882.000       1586 
                 3882.000       1656 
                -3883.000       1784 
                 3883.000       1956 
                -3884.000       1850 
                 3884.000       2047 
                -3885.000       1880 
                 3885.000       1944 
                -3886.000       1767 
                 3886.000       1928 
                -3887.000       1852 
                 3887.000       1928 
                -3888.000       1925 
                 3888.000       2036 
                -3889.000       1567 
                 3889.000       1788 
                -3890.000       1914 
                 3890.000       1950 
                -3891.000       1766 
                 3891.000       2023 
                -3892.000       1861 
                 3892.000       2049 
                -3893.000       1790 
                 3893.000       1998 
                -3894.000       1637 
                 3894.000       1903 
                -3895.000       1607 
                 3895.000       1766 
                -3896.000       1871 
                 3896.000       1956 
                -3897.000       1849 
                 3897.000       1918 
                -3898.000       1718 
                 3898.000       1843 
                -3899.000       1860 
                 3899.000       1975 
                -3900.000       1896 
                 3900.000       2046 
                -3901.000       1850 
                 3901.000       2008 
                -3902.000       1670 
                 3902.000       1914 
                -3903.000       1733 
                 3903.000       1912 
                -3904.000       1861 
                 3904.000       1938 
                -3905.000       1890 
                 3905.000       2029 
                -3906.000       1727 
                 3906.000       1887 
                -3907.000       1764 
                 3907.000       1852 
                -3908.000       1647 
                 3908.000       1807 
                -3909.000       1775 
                 3909.000       1900 
                -3910.000       1894 
                 3910.000       1950 
                -3911.000       1706 
                 3911.000       1834 
                -3912.000       1546 
                 3912.000       1657 
                -3913.000       1856 
                 3913.000       2042 
                -3914.000       1861 
                 3914.000       2104 
                -3915.000       1676 
                 3915.000       1881 
                -3916.000       1822 
                 3916.000       1944 
                -3917.000       1984 
                 3917.000       1992 
                -3918.000       1520 
                 3918.000       1797 
                -3919.000       1662 
                 3919.000       1775 
                -3920.000       1978 
                 3920.000       2149 
                -3921.000       1611 
                 3921.000       1789 
                -3922.000       1674 
                 3922.000       1795 
                -3923.000       1732 
                 3923.000       1820 
                -3924.000       1719 
                 3924.000       1771 
                -3925.000       1980 
                 3925.000       2095 
                -3926.000       1830 
                 3926.000       1964 
                -3927.000       1929 
                 3927.000       2071 
                -3928.000       1593 
                 3928.000       1740 
                -3929.000       1648 
                 3929.000       1857 
                -3930.000       1694 
                 3930.000       1805 
                -3931.000       1702 
                 3931.000       1939 
                -3932.000       1881 
                 3932.000       2025 
                -3933.000       1616 
                 3933.000       1800 
                -3934.000       1617 
                 3934.000       1891 
                -3935.000       1837 
                 3935.000       1905 
                -3936.000       1842 
                 3936.000       2064 
                -3937.000       1594 
                 3937.000       1746 
                -3938.000       1759 
                 3938.000       1953 
                -3939.000       1788 
                 3939.000       1913 
                -3940.000       1739 
                 3940.000       1862 
                -3941.000       1885 
                 3941.000       2009 
                -3942.000       1670 
                 3942.000       1690 
                -3943.000       1975 
                 3943.000       2080 
                -3944.000       1676 
                 3944.000       1789 
                -3945.000       1784 
                 3945.000       1851 
                -3946.000       1868 
                 3946.000       2079 
                -3947.000       1923 
                 3947.000       1974 
                -3948.000       1485 
                 3948.000       1721 
                -3949.000       1726 
                 3949.000       1832 
                -3950.000       1847 
                 3950.000       1963 
                -3951.000       1846 
                 3951.000       1874 
                -3952.000       1941 
                 3952.000       2211 
                -3953.000       1712 
                 3953.000       1777 
                -3954.000       1798 
                 3954.000       2022 
                -3955.000       1700 
                 3955.000       1885 
                -3956.000       1454 
                 3956.000       1628 
                -3957.000       1922 
                 3957.000       2059 
                -3958.000       1790 
                 3958.000       1888 
                -3959.000       1722 
                 3959.000       1892 
                -3960.000       1679 
                 3960.000       1791 
                -3961.000       1716 
                 3961.000       1889 
                -3962.000       1786 
                 3962.000       1877 
                -3963.000       1739 
                 3963.000       1981 
                -3964.000       1572 
                 3964.000       1733 
                -3965.000       1873 
                 3965.000       2046 
                -3966.000       1760 
                 3966.000       1847 
                -3967.000       1811 
                 3967.000       2018 
                -3968.000       1672 
                 3968.000       1805 
                -3969.000       1672 
                 3969.000       1875 
                -3970.000       1680 
                 3970.000       1847 
                -3971.000       1893 
                 3971.000       2139 
                -3972.000       1888 
                 3972.000       2089 
                -3973.000       1869 
                 3973.000       1961 
                -3974.000       1938 
                 3974.000       2059 
                -3975.000       1705 
                 3975.000       1908 
                -3976.000       1779 
                 3976.000       1952 
                -3977.000       1872 
                 3977.000       2017 
                -3978.000       1778 
                 3978.000       1848 
                -3979.000       1737 
                 3979.000       1936 
                -3980.000       1860 
                 3980.000       1985 
                -3981.000       1690 
                 3981.000       1790 
                -3982.000       1748 
                 3982.000       1898 
                -3983.000       1788 
                 3983.000       2041 
                -3984.000       1904 
                 3984.000       2124 
                -3985.000       1752 
                 3985.000       1893 
                -3986.000       1568 
                 3986.000       1628 
                -3987.000       1880 
                 3987.000       2024 
                -3988.000       1569 
                 3988.000       1662 
                -3989.000       1689 
                 3989.000       1896 
                -3990.000       1976 
                 3990.000       2079 
                -3991.000       1678 
                 3991.000       1906 
                -3992.000       1904 
                 3992.000       1942 
                -3993.000       1726 
                 3993.000       1876 
                -3994.000       1772 
                 3994.000       1960 
                -3995.000       1831 
                 3995.000       1925 
                -3996.000       1745 
                 3996.000       1982 
                -3997.000       1553 
                 3997.000       1725 
                -3998.000       1813 
                 3998.000       1925 
                -3999.000       1681 
                 3999.000       1904 
                -4000.000       1835 
                 4000.000       1955 
                -4001.000       1910 
                 4001.000       2104 
                -4002.000       1697 
                 4002.000       1941 
                -4003.000       1687 
                 4003.000       1881 
                -4004.000       1744 
                 4004.000       1891 
                -4005.000       1673 
                 4005.000       1896 
                -4006.000       1861 
                 4006.000       1985 
                -4007.000       1658 
                 4007.000       1729 
                -4008.000       1731 
                 4008.000       1876 
                -4009.000       1894 
                 4009.000       2074 
                -4010.000       1891 
                 4010.000       1968 
                -4011.000       1913 
                 4011.000       1945 
                -4012.000       1783 
                 4012.000       2024 
                -4013.000       1732 
                 4013.000       1880 
                -4014.000       1722 
                 4014.000       1893 
                -4015.000       1942 
                 4015.000       2115 
                -4016.000       1762 
                 4016.000       1897 
                -4017.000       1792 
                 4017.000       1875 
                -4018.000       1738 
                 4018.000       1881 
                -4019.000       1852 
                 4019.000       1889 
                -4020.000       1846 
                 4020.000       1960 
                -4021.000       1759 
                 4021.000       1908 
                -4022.000       1695 
                 4022.000       1795 
                -4023.000       1897 
                 4023.000       2010 
                -4024.000       1681 
                 4024.000       1781 
                -4025.000       1972 
                 4025.000       2030 
                -4026.000       1903 
                 4026.000       2029 
                -4027.000       1796 
                 4027.000       1901 
                -4028.000       1790 
                 4028.000       1898 
                -4029.000       1797 
                 4029.000       2003 
                -4030.000       1648 
                 4030.000       1803 
                -4031.000       1849 
                 4031.000       2020 
                -4032.000       1752 
                 4032.000       1887 
                -4033.000       1926 
                 4033.000       2029 
                -4034.000       1745 
                 4034.000       1946 
                -4035.000       1865 
                 4035.000       2024 
                -4036.000       1832 
                 4036.000       1991 
                -4037.000       1823 
                 4037.000       2014 
                -4038.000       1822 
                 4038.000       1941 
                -4039.000       1630 
                 4039.000       1745 
                -4040.000       1725 
                 4040.000       1931 
                -4041.000       1849 
                 4041.000       1971 
                -4042.000       1793 
                 4042.000       2017 
                -4043.000       1828 
                 4043.000       1899 
                -4044.000       1663 
                 4044.000       1701 
                -4045.000       1820 
                 4045.000       1922 
                -4046.000       1915 
                 4046.000       2160 
                -4047.000       1852 
                 4047.000       2062 
                -4048.000       1804 
                 4048.000       1981 
                -4049.000       1997 
                 4049.000       2021 
                -4050.000       1768 
                 4050.000       1945 
                -4051.000       1669 
                 4051.000       1686 
                -4052.000       1739 
                 4052.000       2042 
                -4053.000       1973 
                 4053.000       2102 
                -4054.000       1843 
                 4054.000       2009 
                -4055.000       1857 
                 4055.000       1999 
                -4056.000       1650 
                 4056.000       1810 
                -4057.000       1889 
                 4057.000       1941 
                -4058.000       1818 
                 4058.000       1965 
                -4059.000       1922 
                 4059.000       2223 
                -4060.000       1976 
                 4060.000       2010 
                -4061.000       1556 
                 4061.000       1524 
                -4062.000       1616 
                 4062.000       1784 
                -4063.000       1854 
                 4063.000       2047 
                -4064.000       1801 
                 4064.000       1843 
                -4065.000       1737 
                 4065.000       1866 
                -4066.000       1716 
                 4066.000       1930 
                -4067.000       1554 
                 4067.000       1738 
                -4068.000       1706 
                 4068.000       1866 
                -4069.000       1852 
                 4069.000       2064 
                -4070.000       1737 
                 4070.000       1942 
                -4071.000       1675 
                 4071.000       1904 
                -4072.000       1792 
                 4072.000       1957 
                -4073.000       1871 
                 4073.000       1998 
                -4074.000       2013 
                 4074.000       2199 
                -4075.000       1623 
                 4075.000       1738 
                -4076.000       1806 
                 4076.000       1997 
                -4077.000       1779 
                 4077.000       1932 
                -4078.000       1773 
                 4078.000       1993 
                -4079.000       1697 
                 4079.000       1847 
                -4080.000       1665 
                 4080.000       1827 
                -4081.000       1822 
                 4081.000       2023 
                -4082.000       1911 
                 4082.000       2067 
                -4083.000       1809 
                 4083.000       1918 
                -4084.000       1765 
                 4084.000       1871 
                -4085.000       1801 
                 4085.000       1940 
                -4086.000       1923 
                 4086.000       2088 
                -4087.000       1786 
                 4087.000       1947 
                -4088.000       1554 
                 4088.000       1676 
                -4089.000       1922 
                 4089.000       1950 
                -4090.000       1756 
                 4090.000       1994 
                -4091.000       1854 
                 4091.000       2134 
                -4092.000       1828 
                 4092.000       2034 
                -4093.000       1944 
                 4093.000       2176 
                -4094.000       2054 
                 4094.000       2287 
                -4095.000       1833 
                 4095.000       1993 
                -4096.000       1825 
                 4096.000       1983 
                -4097.000       1889 
                 4097.000       2006 
                -4098.000       1672 
                 4098.000       1850 
                -4099.000       1767 
                 4099.000       2074 
                -4100.000       1650 
                 4100.000       1823 
                -4101.000       1860 
                 4101.000       1940 
                -4102.000       1684 
                 4102.000       1742 
                -4103.000       1946 
                 4103.000       2111 
                -4104.000       1869 
                 4104.000       1947 
                -4105.000       1907 
                 4105.000       2057 
                -4106.000       1648 
                 4106.000       1863 
                -4107.000       1835 
                 4107.000       2075 
                -4108.000       1795 
                 4108.000       1991 
                -4109.000       1750 
                 4109.000       1867 
                -4110.000       1661 
                 4110.000       1764 
                -4111.000       1872 
                 4111.000       2052 
                -4112.000       1936 
                 4112.000       2132 
                -4113.000       1630 
                 4113.000       1791 
                -4114.000       1837 
                 4114.000       2115 
                -4115.000       1917 
                 4115.000       2084 
                -4116.000       1725 
                 4116.000       1956 
                -4117.000       1787 
                 4117.000       1938 
                -4118.000       1611 
                 4118.000       1788 
                -4119.000       1765 
                 4119.000       1843 
                -4120.000       1686 
                 4120.000       1857 
                -4121.000       1700 
                 4121.000       1864 
                -4122.000       1701 
                 4122.000       1841 
                -4123.000       1640 
                 4123.000       1832 
                -4124.000       1851 
                 4124.000       2028 
                -4125.000       1821 
                 4125.000       1979 
                -4126.000       1883 
                 4126.000       1953 
                -4127.000       1683 
                 4127.000       1857 
                -4128.000       1778 
                 4128.000       2020 
                -4129.000       1676 
                 4129.000       1866 
                -4130.000       1835 
                 4130.000       1963 
                -4131.000       1888 
                 4131.000       2010 
                -4132.000       1603 
                 4132.000       1804 
                -4133.000       1834 
                 4133.000       1898 
                -4134.000       1871 
                 4134.000       1982 
                -4135.000       1840 
                 4135.000       1904 
                -4136.000       1739 
                 4136.000       1894 
                -4137.000       1890 
                 4137.000       1917 
                -4138.000       1909 
                 4138.000       2114 
                -4139.000       2027 
                 4139.000       2293 
                -4140.000       1776 
                 4140.000       1902 
                -4141.000       1670 
                 4141.000       1828 
                -4142.000       1804 
                 4142.000       1940 
                -4143.000       1877 
                 4143.000       1872 
                -4144.000       1947 
                 4144.000       2126 
                -4145.000       1664 
                 4145.000       1810 
                -4146.000       1780 
                 4146.000       1863 
                -4147.000       1923 
                 4147.000       2052 
                -4148.000       1925 
                 4148.000       2049 
                -4149.000       1916 
                 4149.000       2179 
                -4150.000       1624 
                 4150.000       1824 
                -4151.000       1816 
                 4151.000       1975 
                -4152.000       1799 
                 4152.000       1941 
                -4153.000       1718 
                 4153.000       1872 
                -4154.000       1664 
                 4154.000       1834 
                -4155.000       1807 
                 4155.000       1885 
                -4156.000       1879 
                 4156.000       1944 
                -4157.000       1937 
                 4157.000       2206 
                -4158.000       1741 
                 4158.000       1989 
                -4159.000       1879 
                 4159.000       2020 
                -4160.000       1886 
                 4160.000       1992 
                -4161.000       1659 
                 4161.000       1888 
                -4162.000       1702 
                 4162.000       1852 
                -4163.000       1708 
                 4163.000       1895 
                -4164.000       1836 
                 4164.000       1990 
                -4165.000       1999 
                 4165.000       2194 
                -4166.000       1730 
                 4166.000       1888 
                -4167.000       1767 
                 4167.000       1951 
                -4168.000       1974 
                 4168.000       2019 
                -4169.000       1632 
                 4169.000       1825 
                -4170.000       1567 
                 4170.000       1917 
                -4171.000       1792 
                 4171.000       1876 
                -4172.000       1728 
                 4172.000       1867 
                -4173.000       1773 
                 4173.000       1965 
                -4174.000       1789 
                 4174.000       1981 
                -4175.000       1676 
                 4175.000       1867 
                -4176.000       1837 
                 4176.000       2004 
                -4177.000       1804 
                 4177.000       2026 
                -4178.000       1899 
                 4178.000       2016 
                -4179.000       1642 
                 4179.000       1972 
                -4180.000       1994 
                 4180.000       2129 
                -4181.000       1826 
                 4181.000       1904 
                -4182.000       1913 
                 4182.000       2002 
                -4183.000       1894 
                 4183.000       2009 
                -4184.000       1578 
                 4184.000       1757 
                -4185.000       1775 
                 4185.000       1912 
                -4186.000       1815 
                 4186.000       1917 
                -4187.000       1755 
                 4187.000       1854 
                -4188.000       1883 
                 4188.000       2083 
                -4189.000       1735 
                 4189.000       1889 
                -4190.000       1712 
                 4190.000       1850 
                -4191.000       1699 
                 4191.000       1834 
                -4192.000       1777 
                 4192.000       1957 
                -4193.000       1750 
                 4193.000       1951 
                -4194.000       1698 
                 4194.000       1892 
                -4195.000       1703 
                 4195.000       1884 
                -4196.000       1892 
                 4196.000       1944 
                -4197.000       1645 
                 4197.000       1820 
                -4198.000       1720 
                 4198.000       1821 
                -4199.000       1931 
                 4199.000       2082 
                -4200.000       1683 
                 4200.000       1839 
                -4201.000       1686 
                 4201.000       1857 
                -4202.000       1875 
                 4202.000       2019 
                -4203.000       1837 
                 4203.000       1958 
                -4204.000       1967 
                 4204.000       2067 
                -4205.000       1705 
                 4205.000       1826 
                -4206.000       1664 
                 4206.000       1856 
                -4207.000       1798 
                 4207.000       1983 
                -4208.000       1699 
                 4208.000       1869 
                -4209.000       1770 
                 4209.000       2008 
                -4210.000       1952 
                 4210.000       1997 
                -4211.000       1649 
                 4211.000       1776 
                -4212.000       1568 
                 4212.000       1662 
                -4213.000       1771 
                 4213.000       1890 
                -4214.000       1760 
                 4214.000       2089 
                -4215.000       1758 
                 4215.000       1879 
                -4216.000       1774 
                 4216.000       1998 
                -4217.000       1819 
                 4217.000       2017 
                -4218.000       1759 
                 4218.000       1981 
                -4219.000       1743 
                 4219.000       1972 
                -4220.000       1664 
                 4220.000       1834 
                -4221.000       1616 
                 4221.000       1654 
                -4222.000       1624 
                 4222.000       1803 
                -4223.000       1644 
                 4223.000       1829 
                -4224.000       1757 
                 4224.000       1927 
                -4225.000       1789 
                 4225.000       1960 
                -4226.000       1959 
                 4226.000       2119 
                -4227.000       1670 
                 4227.000       1808 
                -4228.000       1945 
                 4228.000       2093 
                -4229.000       1814 
                 4229.000       1984 
                -4230.000       1672 
                 4230.000       1856 
                -4231.000       1662 
                 4231.000       1809 
                -4232.000       1849 
                 4232.000       1998 
                -4233.000       1771 
                 4233.000       1847 
                -4234.000       1630 
                 4234.000       1799 
                -4235.000       1859 
                 4235.000       2006 
                -4236.000       1720 
                 4236.000       1796 
                -4237.000       1699 
                 4237.000       1926 
                -4238.000       1675 
                 4238.000       1851 
                -4239.000       1619 
                 4239.000       1821 
                -4240.000       1805 
                 4240.000       2054 
                -4241.000       2157 
                 4241.000       2259 
                -4242.000       1698 
                 4242.000       1973 
                -4243.000       1762 
                 4243.000       1993 
                -4244.000       1729 
                 4244.000       2028 
                -4245.000       1995 
                 4245.000       2179 
                -4246.000       1639 
                 4246.000       1860 
                -4247.000       1799 
                 4247.000       1914 
                -4248.000       1615 
                 4248.000       1708 
                -4249.000       1772 
                 4249.000       1905 
                -4250.000       1787 
                 4250.000       1930 
                -4251.000       1871 
                 4251.000       2027 
                -4252.000       1700 
                 4252.000       1904 
                -4253.000       1770 
                 4253.000       1819 
                -4254.000       1733 
                 4254.000       1848 
                -4255.000       1860 
                 4255.000       2044 
                -4256.000       1701 
                 4256.000       1769 
                -4257.000       1804 
                 4257.000       2038 
                -4258.000       1944 
                 4258.000       2179 
                -4259.000       1969 
                 4259.000       2070 
                -4260.000       1641 
                 4260.000       1741 
                -4261.000       1592 
                 4261.000       1754 
                -4262.000       1682 
                 4262.000       1805 
                -4263.000       1933 
                 4263.000       2054 
                -4264.000       1590 
                 4264.000       1817 
                -4265.000       2024 
                 4265.000       1987 
                -4266.000       1936 
                 4266.000       1973 
                -4267.000       1725 
                 4267.000       1891 
                -4268.000       1918 
                 4268.000       2069 
                -4269.000       1996 
                 4269.000       2223 
                -4270.000       1955 
                 4270.000       2160 
                -4271.000       1737 
                 4271.000       1957 
                -4272.000       1771 
                 4272.000       1864 
                -4273.000       1784 
                 4273.000       1996 
                -4274.000       1853 
                 4274.000       1901 
                -4275.000       1934 
                 4275.000       2017 
                -4276.000       1987 
                 4276.000       2075 
                -4277.000       1994 
                 4277.000       2094 
                -4278.000       1926 
                 4278.000       2165 
                -4279.000       1730 
                 4279.000       1904 
                -4280.000       1829 
                 4280.000       1906 
                -4281.000       1804 
                 4281.000       1901 
                -4282.000       1703 
                 4282.000       1895 
                -4283.000       1945 
                 4283.000       2044 
                -4284.000       1643 
                 4284.000       1794 
                -4285.000       1796 
                 4285.000       1997 
                -4286.000       1802 
                 4286.000       1924 
                -4287.000       1627 
                 4287.000       1723 
                -4288.000       1782 
                 4288.000       2017 
                -4289.000       1790 
                 4289.000       1947 
                -4290.000       1756 
                 4290.000       1842 
                -4291.000       1684 
                 4291.000       1821 
                -4292.000       1865 
                 4292.000       2090 
                -4293.000       1725 
                 4293.000       1954 
                -4294.000       1824 
                 4294.000       1925 
                -4295.000       1905 
                 4295.000       2016 
                -4296.000       1979 
                 4296.000       1983 
                -4297.000       1731 
                 4297.000       1862 
                -4298.000       1722 
                 4298.000       1912 
                -4299.000       1765 
                 4299.000       1915 
                -4300.000       1847 
                 4300.000       1913 
                -4301.000       1714 
                 4301.000       1742 
                -4302.000       1723 
                 4302.000       1888 
                -4303.000       1878 
                 4303.000       1958 
                -4304.000       1653 
                 4304.000       1661 
                -4305.000       1744 
                 4305.000       1888 
                -4306.000       1830 
                 4306.000       1968 
                -4307.000       1546 
                 4307.000       1676 
                -4308.000       1724 
                 4308.000       1876 
                -4309.000       1629 
                 4309.000       1795 
                -4310.000       1823 
                 4310.000       2033 
                -4311.000       1782 
                 4311.000       1885 
                -4312.000       1685 
                 4312.000       1884 
                -4313.000       1692 
                 4313.000       1844 
                -4314.000       1717 
                 4314.000       1884 
                -4315.000       1704 
                 4315.000       1873 
                -4316.000       1877 
                 4316.000       1973 
                -4317.000       1577 
                 4317.000       1706 
                -4318.000       1745 
                 4318.000       1889 
                -4319.000       1897 
                 4319.000       2114 
                -4320.000       1741 
                 4320.000       1847 
                -4321.000       1752 
                 4321.000       1922 
                -4322.000       1808 
                 4322.000       2050 
                -4323.000       1746 
                 4323.000       1945 
                -4324.000       1805 
                 4324.000       1924 
                -4325.000       1554 
                 4325.000       1673 
                -4326.000       1634 
                 4326.000       1776 
                -4327.000       1824 
                 4327.000       1907 
                -4328.000       1819 
                 4328.000       2032 
                -4329.000       1815 
                 4329.000       1913 
                -4330.000       2028 
                 4330.000       2122 
                -4331.000       1867 
                 4331.000       2094 
                -4332.000       1490 
                 4332.000       1726 
                -4333.000       1640 
                 4333.000       1757 
                -4334.000       1628 
                 4334.000       1773 
                -4335.000       1737 
                 4335.000       1902 
                -4336.000       1594 
                 4336.000       1835 
                -4337.000       1708 
                 4337.000       1828 
                -4338.000       1728 
                 4338.000       1986 
                -4339.000       2065 
                 4339.000       2258 
                -4340.000       1639 
                 4340.000       1715 
                -4341.000       1718 
                 4341.000       1873 
                -4342.000       1749 
                 4342.000       1912 
                -4343.000       1729 
                 4343.000       1846 
                -4344.000       1785 
                 4344.000       1923 
                -4345.000       1752 
                 4345.000       1876 
                -4346.000       1665 
                 4346.000       1827 
                -4347.000       1750 
                 4347.000       1913 
                -4348.000       1664 
                 4348.000       1824 
                -4349.000       1927 
                 4349.000       2070 
                -4350.000       1796 
                 4350.000       1987 
                -4351.000       1730 
                 4351.000       1921 
                -4352.000       1940 
                 4352.000       2003 
                -4353.000       1581 
                 4353.000       1730 
                -4354.000       1734 
                 4354.000       1778 
                -4355.000       1851 
                 4355.000       1991 
                -4356.000       1805 
                 4356.000       1840 
                -4357.000       1679 
                 4357.000       1888 
                -4358.000       1769 
                 4358.000       1871 
                -4359.000       1713 
                 4359.000       1864 
                -4360.000       1700 
                 4360.000       1893 
                -4361.000       1735 
                 4361.000       1785 
                -4362.000       1889 
                 4362.000       1977 
                -4363.000       2061 
                 4363.000       2170 
                -4364.000       1853 
                 4364.000       2040 
                -4365.000       1770 
                 4365.000       1828 
                -4366.000       1952 
                 4366.000       2135 
                -4367.000       1768 
                 4367.000       1935 
                -4368.000       1880 
                 4368.000       2012 
                -4369.000       1717 
                 4369.000       1968 
                -4370.000       1861 
                 4370.000       2000 
                -4371.000       1816 
                 4371.000       1893 
                -4372.000       1711 
                 4372.000       1926 
                -4373.000       1777 
                 4373.000       2006 
                -4374.000       1660 
                 4374.000       1854 
                -4375.000       1871 
                 4375.000       1988 
                -4376.000       1805 
                 4376.000       1920 
                -4377.000       1842 
                 4377.000       1988 
                -4378.000       1556 
                 4378.000       1723 
                -4379.000       1718 
                 4379.000       1988 
                -4380.000       1721 
                 4380.000       1912 
                -4381.000       1859 
                 4381.000       2000 
                -4382.000       1854 
                 4382.000       1988 
                -4383.000       1814 
                 4383.000       2067 
                -4384.000       1832 
                 4384.000       1963 
                -4385.000       1789 
                 4385.000       1911 
                -4386.000       1798 
                 4386.000       1922 
                -4387.000       1665 
                 4387.000       1893 
                -4388.000       1737 
                 4388.000       1918 
                -4389.000       1873 
                 4389.000       2020 
                -4390.000       1687 
                 4390.000       1764 
                -4391.000       1840 
                 4391.000       1925 
                -4392.000       1700 
                 4392.000       1808 
                -4393.000       1683 
                 4393.000       1921 
                -4394.000       1868 
                 4394.000       1961 
                -4395.000       1966 
                 4395.000       2021 
                -4396.000       1904 
                 4396.000       2147 
                -4397.000       1687 
                 4397.000       1783 
                -4398.000       1878 
                 4398.000       2011 
                -4399.000       1762 
                 4399.000       1883 
                -4400.000       1739 
                 4400.000       1911 
                -4401.000       1648 
                 4401.000       1818 
                -4402.000       1738 
                 4402.000       1888 
                -4403.000       1610 
                 4403.000       1876 
                -4404.000       1656 
                 4404.000       1766 
                -4405.000       1764 
                 4405.000       1884 
                -4406.000       1708 
                 4406.000       1841 
                -4407.000       1810 
                 4407.000       1950 
                -4408.000       1734 
                 4408.000       1910 
                -4409.000       1829 
                 4409.000       2085 
                -4410.000       1652 
                 4410.000       1732 
                -4411.000       1902 
                 4411.000       2117 
                -4412.000       1622 
                 4412.000       1755 
                -4413.000       1771 
                 4413.000       1898 
                -4414.000       1817 
                 4414.000       1936 
                -4415.000       1723 
                 4415.000       1942 
                -4416.000       1729 
                 4416.000       1855 
                -4417.000       1830 
                 4417.000       1972 
                -4418.000       1741 
                 4418.000       1905 
                -4419.000       1716 
                 4419.000       1736 
                -4420.000       1852 
                 4420.000       2075 
                -4421.000       1697 
                 4421.000       1948 
                -4422.000       1661 
                 4422.000       1775 
                -4423.000       1729 
                 4423.000       1840 
                -4424.000       1752 
                 4424.000       1801 
                -4425.000       1751 
                 4425.000       1864 
                -4426.000       1967 
                 4426.000       2145 
                -4427.000       1701 
                 4427.000       1843 
                -4428.000       1571 
                 4428.000       1781 
                -4429.000       1664 
                 4429.000       1741 
                -4430.000       1747 
                 4430.000       1859 
                -4431.000       1879 
                 4431.000       1937 
                -4432.000       1751 
                 4432.000       1829 
                -4433.000       1745 
                 4433.000       1886 
                -4434.000       1751 
                 4434.000       1921 
                -4435.000       1777 
                 4435.000       1890 
                -4436.000       1756 
                 4436.000       1883 
                -4437.000       1823 
                 4437.000       1909 
                -4438.000       1995 
                 4438.000       2155 
                -4439.000       1830 
                 4439.000       1967 
                -4440.000       1784 
                 4440.000       2084 
                -4441.000       1723 
                 4441.000       1903 
                -4442.000       1531 
                 4442.000       1671 
                -4443.000       1715 
                 4443.000       1839 
                -4444.000       1588 
                 4444.000       1626 
                -4445.000       1779 
                 4445.000       1863 
                -4446.000       1682 
                 4446.000       1787 
                -4447.000       1766 
                 4447.000       1896 
                -4448.000       1688 
                 4448.000       1900 
                -4449.000       1726 
                 4449.000       1983 
                -4450.000       1712 
                 4450.000       1940 
                -4451.000       1685 
                 4451.000       1854 
                -4452.000       1802 
                 4452.000       1967 
                -4453.000       1935 
                 4453.000       1976 
                -4454.000       1915 
                 4454.000       2048 
                -4455.000       1801 
                 4455.000       1918 
                -4456.000       1783 
                 4456.000       1921 
                -4457.000       1581 
                 4457.000       1680 
                -4458.000       1599 
                 4458.000       1782 
                -4459.000       1924 
                 4459.000       2034 
                -4460.000       1731 
                 4460.000       1969 
                -4461.000       1744 
                 4461.000       2019 
                -4462.000       1801 
                 4462.000       2018 
                -4463.000       1662 
                 4463.000       1872 
                -4464.000       1750 
                 4464.000       1933 
                -4465.000       1890 
                 4465.000       1993 
                -4466.000       1731 
                 4466.000       1928 
                -4467.000       1656 
                 4467.000       1793 
                -4468.000       1719 
                 4468.000       1781 
                -4469.000       1630 
                 4469.000       1789 
                -4470.000       1876 
                 4470.000       1977 
                -4471.000       1751 
                 4471.000       1864 
                -4472.000       1648 
                 4472.000       1682 
                -4473.000       1761 
                 4473.000       1979 
                -4474.000       1546 
                 4474.000       1744 
                -4475.000       1700 
                 4475.000       1834 
                -4476.000       1769 
                 4476.000       1968 
                -4477.000       1838 
                 4477.000       1908 
                -4478.000       1587 
                 4478.000       1719 
                -4479.000       1716 
                 4479.000       1872 
                -4480.000       1742 
                 4480.000       1824 
                -4481.000       1687 
                 4481.000       1823 
                -4482.000       1781 
                 4482.000       1870 
                -4483.000       1695 
                 4483.000       1911 
                -4484.000       1848 
                 4484.000       2049 
                -4485.000       1609 
                 4485.000       1676 
                -4486.000       1807 
                 4486.000       1980 
                -4487.000       1769 
                 4487.000       1980 
                -4488.000       1755 
                 4488.000       2069 
                -4489.000       1550 
                 4489.000       1685 
                -4490.000       1728 
                 4490.000       1909 
                -4491.000       1706 
                 4491.000       1900 
                -4492.000       1739 
                 4492.000       1819 
                -4493.000       1712 
                 4493.000       1859 
                -4494.000       1683 
                 4494.000       1909 
                -4495.000       1682 
                 4495.000       1829 
                -4496.000       1976 
                 4496.000       2114 
                -4497.000       1937 
                 4497.000       1923 
                -4498.000       1995 
                 4498.000       2018 
                -4499.000       1544 
                 4499.000       1708 
                -4500.000       1614 
                 4500.000       1825 
                -4501.000       1655 
                 4501.000       1733 
                -4502.000       1860 
                 4502.000       1955 
                -4503.000       1924 
                 4503.000       2036 
                -4504.000       1773 
                 4504.000       1901 
                -4505.000       1596 
                 4505.000       1692 
                -4506.000       1886 
                 4506.000       2022 
                -4507.000       1819 
                 4507.000       1932 
                -4508.000       1668 
                 4508.000       1790 
                -4509.000       1661 
                 4509.000       1872 
                -4510.000       1650 
                 4510.000       1859 
                -4511.000       1778 
                 4511.000       1885 
                -4512.000       1579 
                 4512.000       1765 
                -4513.000       1776 
                 4513.000       2041 
                -4514.000       1730 
                 4514.000       1745 
                -4515.000       1646 
                 4515.000       1783 
                -4516.000       1727 
                 4516.000       1922 
                -4517.000       1784 
                 4517.000       1832 
                -4518.000       1804 
                 4518.000       1902 
                -4519.000       1698 
                 4519.000       1981 
                -4520.000       1847 
                 4520.000       1898 
                -4521.000       1672 
                 4521.000       1916 
                -4522.000       1603 
                 4522.000       1735 
                -4523.000       1702 
                 4523.000       1852 
                -4524.000       1888 
                 4524.000       2025 
                -4525.000       1580 
                 4525.000       1755 
                -4526.000       1806 
                 4526.000       1899 
                -4527.000       1701 
                 4527.000       1842 
                -4528.000       1729 
                 4528.000       1835 
                -4529.000       1834 
                 4529.000       1894 
                -4530.000       1926 
                 4530.000       2052 
                -4531.000       1601 
                 4531.000       1806 
                -4532.000       1686 
                 4532.000       1842 
                -4533.000       1776 
                 4533.000       1847 
                -4534.000       1765 
                 4534.000       1880 
                -4535.000       1627 
                 4535.000       1792 
                -4536.000       1497 
                 4536.000       1610 
                -4537.000       1700 
                 4537.000       1803 
                -4538.000       1500 
                 4538.000       1646 
                -4539.000       1736 
                 4539.000       1998 
                -4540.000       1739 
                 4540.000       1945 
                -4541.000       1918 
                 4541.000       2134 
                -4542.000       1763 
                 4542.000       1869 
                -4543.000       1521 
                 4543.000       1590 
                -4544.000       1718 
                 4544.000       1879 
                -4545.000       1811 
                 4545.000       2022 
                -4546.000       1792 
                 4546.000       1984 
                -4547.000       1640 
                 4547.000       1654 
                -4548.000       1825 
                 4548.000       1984 
                -4549.000       1686 
                 4549.000       1753 
                -4550.000       1650 
                 4550.000       1824 
                -4551.000       1817 
                 4551.000       1951 
                -4552.000       1610 
                 4552.000       1757 
                -4553.000       1834 
                 4553.000       1948 
                -4554.000       1857 
                 4554.000       1970 
                -4555.000       1639 
                 4555.000       1726 
                -4556.000       1652 
                 4556.000       1825 
                -4557.000       1784 
                 4557.000       1951 
                -4558.000       1807 
                 4558.000       1948 
                -4559.000       1684 
                 4559.000       1710 
                -4560.000       1624 
                 4560.000       1743 
                -4561.000       1914 
                 4561.000       1978 
                -4562.000       1694 
                 4562.000       1734 
                -4563.000       1753 
                 4563.000       1856 
                -4564.000       1660 
                 4564.000       1813 
                -4565.000       1527 
                 4565.000       1625 
                -4566.000       1788 
                 4566.000       1992 
                -4567.000       1740 
                 4567.000       1869 
                -4568.000       1709 
                 4568.000       1856 
                -4569.000       1718 
                 4569.000       1902 
                -4570.000       1799 
                 4570.000       1869 
                -4571.000       1465 
                 4571.000       1746 
                -4572.000       1674 
                 4572.000       1876 
                -4573.000       1643 
                 4573.000       1769 
                -4574.000       1714 
                 4574.000       1798 
                -4575.000       1833 
                 4575.000       1932 
                -4576.000       1661 
                 4576.000       1849 
                -4577.000       1715 
                 4577.000       1847 
                -4578.000       1880 
                 4578.000       1955 
                -4579.000       1666 
                 4579.000       1758 
                -4580.000       1719 
                 4580.000       1920 
                -4581.000       1723 
                 4581.000       1811 
                -4582.000       1813 
                 4582.000       1865 
                -4583.000       1699 
                 4583.000       1883 
                -4584.000       1520 
                 4584.000       1698 
                -4585.000       1636 
                 4585.000       1729 
                -4586.000       1683 
                 4586.000       1833 
                -4587.000       1615 
                 4587.000       1796 
                -4588.000       1705 
                 4588.000       1817 
                -4589.000       1643 
                 4589.000       1803 
                -4590.000       1794 
                 4590.000       1933 
                -4591.000       1772 
                 4591.000       1885 
                -4592.000       1706 
                 4592.000       1756 
                -4593.000       1811 
                 4593.000       1966 
                -4594.000       1673 
                 4594.000       1840 
                -4595.000       1757 
                 4595.000       1992 
                -4596.000       1704 
                 4596.000       1945 
                -4597.000       1611 
                 4597.000       1711 
                -4598.000       1801 
                 4598.000       1952 
                -4599.000       1812 
                 4599.000       1968 
                -4600.000       1636 
                 4600.000       1812 
                -4601.000       1830 
                 4601.000       1968 
                -4602.000       1624 
                 4602.000       1716 
                -4603.000       1660 
                 4603.000       1830 
                -4604.000       1567 
                 4604.000       1770 
                -4605.000       1367 
                 4605.000       1459 
                -4606.000       1799 
                 4606.000       1837 
                -4607.000       1531 
                 4607.000       1683 
                -4608.000       1606 
                 4608.000       1736 
                -4609.000       1833 
                 4609.000       1965 
                -4610.000       1686 
                 4610.000       1897 
                -4611.000       1609 
                 4611.000       1747 
                -4612.000       1609 
                 4612.000       1767 
                -4613.000       1803 
                 4613.000       1857 
                -4614.000       1714 
                 4614.000       1900 
                -4615.000       1658 
                 4615.000       1778 
                -4616.000       1646 
                 4616.000       1814 
                -4617.000       1749 
                 4617.000       1970 
                -4618.000       1607 
                 4618.000       1784 
                -4619.000       1757 
                 4619.000       1852 
                -4620.000       1647 
                 4620.000       1867 
                -4621.000       1765 
                 4621.000       1816 
                -4622.000       1718 
                 4622.000       1781 
                -4623.000       1545 
                 4623.000       1640 
                -4624.000       1686 
                 4624.000       1837 
                -4625.000       1548 
                 4625.000       1779 
                -4626.000       1518 
                 4626.000       1615 
                -4627.000       1617 
                 4627.000       1683 
                -4628.000       1602 
                 4628.000       1672 
                -4629.000       1576 
                 4629.000       1669 
                -4630.000       1691 
                 4630.000       1643 
                -4631.000       1677 
                 4631.000       1799 
                -4632.000       1713 
                 4632.000       1855 
                -4633.000       1668 
                 4633.000       1819 
                -4634.000       1623 
                 4634.000       1767 
                -4635.000       1829 
                 4635.000       1917 
                -4636.000       1678 
                 4636.000       1771 
                -4637.000       1495 
                 4637.000       1677 
                -4638.000       1552 
                 4638.000       1734 
                -4639.000       1695 
                 4639.000       1865 
                -4640.000       1837 
                 4640.000       1877 
                -4641.000       1798 
                 4641.000       1909 
                -4642.000       1809 
                 4642.000       1890 
                -4643.000       1678 
                 4643.000       1794 
                -4644.000       1452 
                 4644.000       1568 
                -4645.000       1668 
                 4645.000       1789 
                -4646.000       1676 
                 4646.000       1890 
                -4647.000       1703 
                 4647.000       1874 
                -4648.000       1585 
                 4648.000       1804 
                -4649.000       1760 
                 4649.000       1831 
                -4650.000       1711 
                 4650.000       1794 
                -4651.000       1650 
                 4651.000       1737 
                -4652.000       1733 
                 4652.000       1751 
                -4653.000       1751 
                 4653.000       1874 
                -4654.000       1662 
                 4654.000       1804 
                -4655.000       1714 
                 4655.000       1817 
                -4656.000       1671 
                 4656.000       1799 
                -4657.000       1852 
                 4657.000       1965 
                -4658.000       1764 
                 4658.000       1863 
                -4659.000       1617 
                 4659.000       1707 
                -4660.000       1746 
                 4660.000       1970 
                -4661.000       1623 
                 4661.000       1721 
                -4662.000       1545 
                 4662.000       1619 
                -4663.000       1642 
                 4663.000       1831 
                -4664.000       1731 
                 4664.000       1857 
                -4665.000       1863 
                 4665.000       2005 
                -4666.000       1751 
                 4666.000       1871 
                -4667.000       1699 
                 4667.000       1953 
                -4668.000       1614 
                 4668.000       1633 
                -4669.000       1623 
                 4669.000       1781 
                -4670.000       1594 
                 4670.000       1644 
                -4671.000       1605 
                 4671.000       1713 
                -4672.000       1586 
                 4672.000       1796 
                -4673.000       1706 
                 4673.000       1851 
                -4674.000       1784 
                 4674.000       2012 
                -4675.000       1507 
                 4675.000       1694 
                -4676.000       1591 
                 4676.000       1655 
                -4677.000       1816 
                 4677.000       2026 
                -4678.000       1739 
                 4678.000       1909 
                -4679.000       1729 
                 4679.000       1733 
                -4680.000       1582 
                 4680.000       1717 
                -4681.000       1611 
                 4681.000       1824 
                -4682.000       1747 
                 4682.000       1863 
                -4683.000       1517 
                 4683.000       1711 
                -4684.000       1475 
                 4684.000       1566 
                -4685.000       1690 
                 4685.000       1927 
                -4686.000       1612 
                 4686.000       1809 
                -4687.000       1560 
                 4687.000       1751 
                -4688.000       1710 
                 4688.000       1785 
                -4689.000       1830 
                 4689.000       1992 
                -4690.000       1540 
                 4690.000       1662 
                -4691.000       1539 
                 4691.000       1799 
                -4692.000       1763 
                 4692.000       1955 
                -4693.000       1591 
                 4693.000       1771 
                -4694.000       1683 
                 4694.000       1867 
                -4695.000       1518 
                 4695.000       1695 
                -4696.000       1493 
                 4696.000       1570 
                -4697.000       1722 
                 4697.000       1800 
                -4698.000       1792 
                 4698.000       1939 
                -4699.000       1515 
                 4699.000       1614 
                -4700.000       1556 
                 4700.000       1652 
                -4701.000       1786 
                 4701.000       1874 
                -4702.000       1677 
                 4702.000       1807 
                -4703.000       1730 
                 4703.000       1865 
                -4704.000       1863 
                 4704.000       1970 
                -4705.000       1630 
                 4705.000       1720 
                -4706.000       1617 
                 4706.000       1771 
                -4707.000       1542 
                 4707.000       1778 
                -4708.000       1415 
                 4708.000       1524 
                -4709.000       1681 
                 4709.000       1843 
                -4710.000       1531 
                 4710.000       1677 
                -4711.000       1529 
                 4711.000       1725 
                -4712.000       1576 
                 4712.000       1648 
                -4713.000       1698 
                 4713.000       1903 
                -4714.000       1619 
                 4714.000       1728 
                -4715.000       1581 
                 4715.000       1676 
                -4716.000       1676 
                 4716.000       1914 
                -4717.000       1800 
                 4717.000       1921 
                -4718.000       1605 
                 4718.000       1723 
                -4719.000       1622 
                 4719.000       1791 
                -4720.000       1672 
                 4720.000       1771 
                -4721.000       1638 
                 4721.000       1808 
                -4722.000       1618 
                 4722.000       1742 
                -4723.000       1582 
                 4723.000       1770 
                -4724.000       1666 
                 4724.000       1820 
                -4725.000       1513 
                 4725.000       1622 
                -4726.000       1789 
                 4726.000       1961 
                -4727.000       1590 
                 4727.000       1735 
                -4728.000       1673 
                 4728.000       1841 
                -4729.000       1706 
                 4729.000       1856 
                -4730.000       1582 
                 4730.000       1726 
                -4731.000       1502 
                 4731.000       1640 
                -4732.000       1659 
                 4732.000       1815 
                -4733.000       1596 
                 4733.000       1694 
                -4734.000       1463 
                 4734.000       1490 
                -4735.000       1432 
                 4735.000       1672 
                -4736.000       1714 
                 4736.000       1735 
                -4737.000       1677 
                 4737.000       1801 
                -4738.000       1709 
                 4738.000       1843 
                -4739.000       1693 
                 4739.000       1736 
                -4740.000       1680 
                 4740.000       1824 
                -4741.000       1491 
                 4741.000       1721 
                -4742.000       1479 
                 4742.000       1590 
                -4743.000       1611 
                 4743.000       1791 
                -4744.000       1825 
                 4744.000       1973 
                -4745.000       1694 
                 4745.000       1809 
                -4746.000       1684 
                 4746.000       1658 
                -4747.000       1627 
                 4747.000       1668 
                -4748.000       1689 
                 4748.000       1747 
                -4749.000       1520 
                 4749.000       1668 
                -4750.000       1588 
                 4750.000       1647 
                -4751.000       1788 
                 4751.000       1988 
                -4752.000       1485 
                 4752.000       1687 
                -4753.000       1713 
                 4753.000       1770 
                -4754.000       1470 
                 4754.000       1646 
                -4755.000       1427 
                 4755.000       1598 
                -4756.000       1770 
                 4756.000       1874 
                -4757.000       1596 
                 4757.000       1725 
                -4758.000       1409 
                 4758.000       1562 
                -4759.000       1587 
                 4759.000       1667 
                -4760.000       1524 
                 4760.000       1588 
                -4761.000       1599 
                 4761.000       1732 
                -4762.000       1734 
                 4762.000       1873 
                -4763.000       1718 
                 4763.000       1840 
                -4764.000       1573 
                 4764.000       1721 
                -4765.000       1549 
                 4765.000       1557 
                -4766.000       1528 
                 4766.000       1671 
                -4767.000       1652 
                 4767.000       1735 
                -4768.000       1516 
                 4768.000       1599 
                -4769.000       1492 
                 4769.000       1607 
                -4770.000       1550 
                 4770.000       1573 
                -4771.000       1491 
                 4771.000       1684 
                -4772.000       1656 
                 4772.000       1849 
                -4773.000       1679 
                 4773.000       1883 
                -4774.000       1762 
                 4774.000       1858 
                -4775.000       1445 
                 4775.000       1558 
                -4776.000       1582 
                 4776.000       1700 
                -4777.000       1393 
                 4777.000       1579 
                -4778.000       1618 
                 4778.000       1804 
                -4779.000       1637 
                 4779.000       1724 
                -4780.000       1480 
                 4780.000       1590 
                -4781.000       1596 
                 4781.000       1783 
                -4782.000       1597 
                 4782.000       1757 
                -4783.000       1565 
                 4783.000       1683 
                -4784.000       1654 
                 4784.000       1867 
                -4785.000       1707 
                 4785.000       1785 
                -4786.000       1447 
                 4786.000       1653 
                -4787.000       1593 
                 4787.000       1647 
                -4788.000       1469 
                 4788.000       1521 
                -4789.000       1611 
                 4789.000       1771 
                -4790.000       1681 
                 4790.000       2000 
                -4791.000       1311 
                 4791.000       1445 
                -4792.000       1585 
                 4792.000       1618 
                -4793.000       1616 
                 4793.000       1663 
                -4794.000       1345 
                 4794.000       1512 
                -4795.000       1390 
                 4795.000       1586 
                -4796.000       1495 
                 4796.000       1740 
                -4797.000       1435 
                 4797.000       1588 
                -4798.000       1596 
                 4798.000       1819 
                -4799.000       1501 
                 4799.000       1628 
                -4800.000       1525 
                 4800.000       1541 
                -4801.000       1545 
                 4801.000       1643 
                -4802.000       1677 
                 4802.000       1789 
                -4803.000       1725 
                 4803.000       1889 
                -4804.000       1508 
                 4804.000       1670 
                -4805.000       1550 
                 4805.000       1768 
                -4806.000       1521 
                 4806.000       1655 
                -4807.000       1600 
                 4807.000       1607 
                -4808.000       1423 
                 4808.000       1628 
                -4809.000       1540 
                 4809.000       1614 
                -4810.000       1531 
                 4810.000       1612 
                -4811.000       1599 
                 4811.000       1750 
                -4812.000       1551 
                 4812.000       1730 
                -4813.000       1436 
                 4813.000       1574 
                -4814.000       1456 
                 4814.000       1596 
                -4815.000       1661 
                 4815.000       1739 
                -4816.000       1399 
                 4816.000       1483 
                -4817.000       1515 
                 4817.000       1704 
                -4818.000       1634 
                 4818.000       1765 
                -4819.000       1514 
                 4819.000       1628 
                -4820.000       1345 
                 4820.000       1389 
                -4821.000       1494 
                 4821.000       1655 
                -4822.000       1520 
                 4822.000       1775 
                -4823.000       1379 
                 4823.000       1523 
                -4824.000       1523 
                 4824.000       1578 
                -4825.000       1620 
                 4825.000       1712 
                -4826.000       1543 
                 4826.000       1656 
                -4827.000       1559 
                 4827.000       1680 
                -4828.000       1687 
                 4828.000       1858 
                -4829.000       1607 
                 4829.000       1609 
                -4830.000       1550 
                 4830.000       1620 
                -4831.000       1487 
                 4831.000       1644 
                -4832.000       1463 
                 4832.000       1582 
                -4833.000       1645 
                 4833.000       1861 
                -4834.000       1509 
                 4834.000       1613 
                -4835.000       1446 
                 4835.000       1563 
                -4836.000       1547 
                 4836.000       1741 
                -4837.000       1419 
                 4837.000       1533 
                -4838.000       1709 
                 4838.000       1876 
                -4839.000       1493 
                 4839.000       1582 
                -4840.000       1587 
                 4840.000       1726 
                -4841.000       1495 
                 4841.000       1678 
                -4842.000       1751 
                 4842.000       1813 
                -4843.000       1562 
                 4843.000       1802 
                -4844.000       1588 
                 4844.000       1622 
                -4845.000       1570 
                 4845.000       1748 
                -4846.000       1655 
                 4846.000       1769 
                -4847.000       1641 
                 4847.000       1666 
                -4848.000       1454 
                 4848.000       1629 
                -4849.000       1587 
                 4849.000       1731 
                -4850.000       1482 
                 4850.000       1535 
                -4851.000       1525 
                 4851.000       1788 
                -4852.000       1595 
                 4852.000       1691 
                -4853.000       1420 
                 4853.000       1510 
                -4854.000       1592 
                 4854.000       1751 
                -4855.000       1395 
                 4855.000       1565 
                -4856.000       1470 
                 4856.000       1623 
                -4857.000       1376 
                 4857.000       1460 
                -4858.000       1426 
                 4858.000       1588 
                -4859.000       1434 
                 4859.000       1620 
                -4860.000       1638 
                 4860.000       1827 
                -4861.000       1421 
                 4861.000       1597 
                -4862.000       1635 
                 4862.000       1722 
                -4863.000       1518 
                 4863.000       1583 
                -4864.000       1495 
                 4864.000       1752 
                -4865.000       1409 
                 4865.000       1549 
                -4866.000       1498 
                 4866.000       1676 
                -4867.000       1800 
                 4867.000       1898 
                -4868.000       1402 
                 4868.000       1531 
                -4869.000       1642 
                 4869.000       1735 
                -4870.000       1833 
                 4870.000       1883 
                -4871.000       1519 
                 4871.000       1720 
                -4872.000       1265 
                 4872.000       1470 
                -4873.000       1609 
                 4873.000       1648 
                -4874.000       1597 
                 4874.000       1707 
                -4875.000       1670 
                 4875.000       1807 
                -4876.000       1554 
                 4876.000       1768 
                -4877.000       1512 
                 4877.000       1714 
                -4878.000       1513 
                 4878.000       1626 
                -4879.000       1620 
                 4879.000       1926 
                -4880.000       1625 
                 4880.000       1724 
                -4881.000       1495 
                 4881.000       1539 
                -4882.000       1636 
                 4882.000       1848 
                -4883.000       1431 
                 4883.000       1518 
                -4884.000       1635 
                 4884.000       1850 
                -4885.000       1642 
                 4885.000       1787 
                -4886.000       1502 
                 4886.000       1614 
                -4887.000       1566 
                 4887.000       1730 
                -4888.000       1527 
                 4888.000       1744 
                -4889.000       1390 
                 4889.000       1469 
                -4890.000       1490 
                 4890.000       1714 
                -4891.000       1482 
                 4891.000       1603 
                -4892.000       1575 
                 4892.000       1719 
                -4893.000       1504 
                 4893.000       1706 
                -4894.000       1452 
                 4894.000       1595 
                -4895.000       1626 
                 4895.000       1678 
                -4896.000       1306 
                 4896.000       1443 
                -4897.000       1546 
                 4897.000       1603 
                -4898.000       1404 
                 4898.000       1490 
                -4899.000       1484 
                 4899.000       1620 
                -4900.000       1593 
                 4900.000       1761 
                -4901.000       1362 
                 4901.000       1494 
                -4902.000       1487 
                 4902.000       1541 
                -4903.000       1594 
                 4903.000       1646 
                -4904.000       1250 
                 4904.000       1374 
                -4905.000       1423 
                 4905.000       1579 
                -4906.000       1550 
                 4906.000       1608 
                -4907.000       1586 
                 4907.000       1671 
                -4908.000       1600 
                 4908.000       1620 
                -4909.000       1444 
                 4909.000       1640 
                -4910.000       1400 
                 4910.000       1501 
                -4911.000       1462 
                 4911.000       1612 
                -4912.000       1532 
                 4912.000       1670 
                -4913.000       1522 
                 4913.000       1604 
                -4914.000       1428 
                 4914.000       1641 
                -4915.000       1639 
                 4915.000       1868 
                -4916.000       1426 
                 4916.000       1553 
                -4917.000       1486 
                 4917.000       1552 
                -4918.000       1545 
                 4918.000       1640 
                -4919.000       1592 
                 4919.000       1693 
                -4920.000       1427 
                 4920.000       1523 
                -4921.000       1417 
                 4921.000       1600 
                -4922.000       1517 
                 4922.000       1603 
                -4923.000       1529 
                 4923.000       1669 
                -4924.000       1540 
                 4924.000       1571 
                -4925.000       1601 
                 4925.000       1808 
                -4926.000       1375 
                 4926.000       1546 
                -4927.000       1545 
                 4927.000       1678 
                -4928.000       1567 
                 4928.000       1715 
                -4929.000       1555 
                 4929.000       1681 
                -4930.000       1510 
                 4930.000       1673 
                -4931.000       1661 
                 4931.000       1710 
                -4932.000       1494 
                 4932.000       1700 
                -4933.000       1538 
                 4933.000       1678 
                -4934.000       1442 
                 4934.000       1640 
                -4935.000       1514 
                 4935.000       1497 
                -4936.000       1346 
                 4936.000       1498 
                -4937.000       1413 
                 4937.000       1501 
                -4938.000       1589 
                 4938.000       1746 
                -4939.000       1390 
                 4939.000       1469 
                -4940.000       1549 
                 4940.000       1701 
                -4941.000       1325 
                 4941.000       1359 
                -4942.000       1398 
                 4942.000       1503 
                -4943.000       1482 
                 4943.000       1633 
                -4944.000       1579 
                 4944.000       1647 
                -4945.000       1695 
                 4945.000       1734 
                -4946.000       1302 
                 4946.000       1445 
                -4947.000       1396 
                 4947.000       1509 
                -4948.000       1404 
                 4948.000       1586 
                -4949.000       1474 
                 4949.000       1632 
                -4950.000       1407 
                 4950.000       1464 
                -4951.000       1341 
                 4951.000       1590 
                -4952.000       1410 
                 4952.000       1522 
                -4953.000       1384 
                 4953.000       1488 
                -4954.000       1321 
                 4954.000       1432 
                -4955.000       1425 
                 4955.000       1511 
                -4956.000       1411 
                 4956.000       1570 
                -4957.000       1458 
                 4957.000       1646 
                -4958.000       1424 
                 4958.000       1518 
                -4959.000       1454 
                 4959.000       1626 
                -4960.000       1414 
                 4960.000       1500 
                -4961.000       1475 
                 4961.000       1629 
                -4962.000       1428 
                 4962.000       1498 
                -4963.000       1567 
                 4963.000       1740 
                -4964.000       1582 
                 4964.000       1693 
                -4965.000       1240 
                 4965.000       1345 
                -4966.000       1343 
                 4966.000       1484 
                -4967.000       1541 
                 4967.000       1641 
                -4968.000       1505 
                 4968.000       1534 
                -4969.000       1409 
                 4969.000       1527 
                -4970.000       1514 
                 4970.000       1697 
                -4971.000       1586 
                 4971.000       1701 
                -4972.000       1540 
                 4972.000       1675 
                -4973.000       1293 
                 4973.000       1444 
                -4974.000       1493 
                 4974.000       1549 
                -4975.000       1382 
                 4975.000       1471 
                -4976.000       1559 
                 4976.000       1655 
                -4977.000       1571 
                 4977.000       1812 
                -4978.000       1325 
                 4978.000       1404 
                -4979.000       1361 
                 4979.000       1419 
                -4980.000       1702 
                 4980.000       1853 
                -4981.000       1572 
                 4981.000       1762 
                -4982.000       1538 
                 4982.000       1693 
                -4983.000       1457 
                 4983.000       1517 
                -4984.000       1657 
                 4984.000       1784 
                -4985.000       1225 
                 4985.000       1404 
                -4986.000       1377 
                 4986.000       1498 
                -4987.000       1432 
                 4987.000       1624 
                -4988.000       1581 
                 4988.000       1694 
                -4989.000       1436 
                 4989.000       1570 
                -4990.000       1398 
                 4990.000       1538 
                -4991.000       1508 
                 4991.000       1557 
                -4992.000       1592 
                 4992.000       1813 
                -4993.000       1245 
                 4993.000       1385 
                -4994.000       1587 
                 4994.000       1642 
                -4995.000       1406 
                 4995.000       1469 
                -4996.000       1489 
                 4996.000       1578 
                -4997.000       1336 
                 4997.000       1480 
                -4998.000       1655 
                 4998.000       1751 
                -4999.000       1453 
                 4999.000       1618 
                -5000.000       1343 
                 5000.000       1426 
                -5001.000       1497 
                 5001.000       1590 
                -5002.000       1493 
                 5002.000       1605 
                -5003.000       1496 
                 5003.000       1622 
                -5004.000       1459 
                 5004.000       1655 
                -5005.000       1400 
                 5005.000       1550 
                -5006.000       1403 
                 5006.000       1488 
                -5007.000       1474 
                 5007.000       1551 
                -5008.000       1357 
                 5008.000       1434 
                -5009.000       1488 
                 5009.000       1597 
                -5010.000       1330 
                 5010.000       1583 
                -5011.000       1412 
                 5011.000       1484 
                -5012.000       1233 
                 5012.000       1385 
                -5013.000       1352 
                 5013.000       1493 
                -5014.000       1410 
                 5014.000       1567 
                -5015.000       1482 
                 5015.000       1610 
                -5016.000       1379 
                 5016.000       1567 
                -5017.000       1539 
                 5017.000       1694 
                -5018.000       1345 
                 5018.000       1387 
                -5019.000       1355 
                 5019.000       1455 
                -5020.000       1441 
                 5020.000       1582 
                -5021.000       1411 
                 5021.000       1573 
                -5022.000       1353 
                 5022.000       1447 
                -5023.000       1364 
                 5023.000       1514 
                -5024.000       1388 
                 5024.000       1475 
                -5025.000       1466 
                 5025.000       1624 
                -5026.000       1428 
                 5026.000       1592 
                -5027.000       1442 
                 5027.000       1534 
                -5028.000       1429 
                 5028.000       1565 
                -5029.000       1289 
                 5029.000       1422 
                -5030.000       1356 
                 5030.000       1488 
                -5031.000       1388 
                 5031.000       1516 
                -5032.000       1425 
                 5032.000       1466 
                -5033.000       1217 
                 5033.000       1353 
                -5034.000       1411 
                 5034.000       1486 
                -5035.000       1269 
                 5035.000       1337 
                -5036.000       1443 
                 5036.000       1621 
                -5037.000       1265 
                 5037.000       1460 
                -5038.000       1351 
                 5038.000       1477 
                -5039.000       1418 
                 5039.000       1651 
                -5040.000       1332 
                 5040.000       1390 
                -5041.000       1388 
                 5041.000       1471 
                -5042.000       1338 
                 5042.000       1381 
                -5043.000       1359 
                 5043.000       1506 
                -5044.000       1274 
                 5044.000       1360 
                -5045.000       1336 
                 5045.000       1520 
                -5046.000       1445 
                 5046.000       1599 
                -5047.000       1356 
                 5047.000       1426 
                -5048.000       1453 
                 5048.000       1592 
                -5049.000       1582 
                 5049.000       1641 
                -5050.000       1336 
                 5050.000       1501 
                -5051.000       1581 
                 5051.000       1658 
                -5052.000       1298 
                 5052.000       1406 
                -5053.000       1331 
                 5053.000       1372 
                -5054.000       1466 
                 5054.000       1553 
                -5055.000       1363 
                 5055.000       1419 
                -5056.000       1454 
                 5056.000       1633 
                -5057.000       1410 
                 5057.000       1512 
                -5058.000       1380 
                 5058.000       1456 
                -5059.000       1324 
                 5059.000       1466 
                -5060.000       1382 
                 5060.000       1505 
                -5061.000       1201 
                 5061.000       1363 
                -5062.000       1513 
                 5062.000       1636 
                -5063.000       1278 
                 5063.000       1417 
                -5064.000       1223 
                 5064.000       1304 
                -5065.000       1374 
                 5065.000       1431 
                -5066.000       1388 
                 5066.000       1543 
                -5067.000       1333 
                 5067.000       1510 
                -5068.000       1196 
                 5068.000       1398 
                -5069.000       1388 
                 5069.000       1571 
                -5070.000       1449 
                 5070.000       1513 
                -5071.000       1341 
                 5071.000       1453 
                -5072.000       1325 
                 5072.000       1364 
                -5073.000       1413 
                 5073.000       1476 
                -5074.000       1537 
                 5074.000       1603 
                -5075.000       1395 
                 5075.000       1500 
                -5076.000       1437 
                 5076.000       1447 
                -5077.000       1383 
                 5077.000       1438 
                -5078.000       1488 
                 5078.000       1628 
                -5079.000       1369 
                 5079.000       1451 
                -5080.000       1335 
                 5080.000       1429 
                -5081.000       1258 
                 5081.000       1407 
                -5082.000       1458 
                 5082.000       1597 
                -5083.000       1504 
                 5083.000       1686 
                -5084.000       1296 
                 5084.000       1447 
                -5085.000       1370 
                 5085.000       1484 
                -5086.000       1511 
                 5086.000       1596 
                -5087.000       1254 
                 5087.000       1345 
                -5088.000       1238 
                 5088.000       1311 
                -5089.000       1247 
                 5089.000       1301 
                -5090.000       1430 
                 5090.000       1562 
                -5091.000       1449 
                 5091.000       1608 
                -5092.000       1362 
                 5092.000       1529 
                -5093.000       1266 
                 5093.000       1399 
                -5094.000       1461 
                 5094.000       1557 
                -5095.000       1283 
                 5095.000       1365 
                -5096.000       1245 
                 5096.000       1235 
                -5097.000       1321 
                 5097.000       1516 
                -5098.000       1145 
                 5098.000       1252 
                -5099.000       1355 
                 5099.000       1447 
                -5100.000       1480 
                 5100.000       1570 
                -5101.000       1437 
                 5101.000       1511 
                -5102.000       1372 
                 5102.000       1423 
                -5103.000       1526 
                 5103.000       1650 
                -5104.000       1239 
                 5104.000       1391 
                -5105.000       1327 
                 5105.000       1456 
                -5106.000       1307 
                 5106.000       1420 
                -5107.000       1376 
                 5107.000       1502 
                -5108.000       1372 
                 5108.000       1517 
                -5109.000       1265 
                 5109.000       1398 
                -5110.000       1332 
                 5110.000       1363 
                -5111.000       1267 
                 5111.000       1388 
                -5112.000       1407 
                 5112.000       1592 
                -5113.000       1433 
                 5113.000       1364 
                -5114.000       1394 
                 5114.000       1376 
                -5115.000       1229 
                 5115.000       1323 
                -5116.000       1488 
                 5116.000       1489 
                -5117.000       1367 
                 5117.000       1460 
                -5118.000       1284 
                 5118.000       1434 
                -5119.000       1385 
                 5119.000       1577 
                -5120.000       1279 
                 5120.000       1363 
                -5121.000       1199 
                 5121.000       1334 
                -5122.000       1311 
                 5122.000       1394 
                -5123.000       1474 
                 5123.000       1611 
                -5124.000       1267 
                 5124.000       1432 
                -5125.000       1437 
                 5125.000       1497 
                -5126.000       1330 
                 5126.000       1453 
                -5127.000       1386 
                 5127.000       1434 
                -5128.000       1374 
                 5128.000       1475 
                -5129.000       1296 
                 5129.000       1414 
                -5130.000       1167 
                 5130.000       1245 
                -5131.000       1364 
                 5131.000       1444 
                -5132.000       1390 
                 5132.000       1421 
                -5133.000       1285 
                 5133.000       1443 
                -5134.000       1244 
                 5134.000       1383 
                -5135.000       1236 
                 5135.000       1413 
                -5136.000       1353 
                 5136.000       1422 
                -5137.000       1289 
                 5137.000       1418 
                -5138.000       1210 
                 5138.000       1324 
                -5139.000       1389 
                 5139.000       1535 
                -5140.000       1342 
                 5140.000       1436 
                -5141.000       1419 
                 5141.000       1531 
                -5142.000       1202 
                 5142.000       1300 
                -5143.000       1347 
                 5143.000       1366 
                -5144.000       1230 
                 5144.000       1328 
                -5145.000       1260 
                 5145.000       1327 
                -5146.000       1280 
                 5146.000       1438 
                -5147.000       1242 
                 5147.000       1319 
                -5148.000       1128 
                 5148.000       1275 
                -5149.000       1248 
                 5149.000       1380 
                -5150.000       1257 
                 5150.000       1288 
                -5151.000       1328 
                 5151.000       1442 
                -5152.000       1295 
                 5152.000       1342 
                -5153.000       1344 
                 5153.000       1378 
                -5154.000       1117 
                 5154.000       1258 
                -5155.000       1294 
                 5155.000       1364 
                -5156.000       1171 
                 5156.000       1246 
                -5157.000       1214 
                 5157.000       1397 
                -5158.000       1212 
                 5158.000       1327 
                -5159.000       1249 
                 5159.000       1369 
                -5160.000       1398 
                 5160.000       1455 
                -5161.000       1221 
                 5161.000       1265 
                -5162.000       1299 
                 5162.000       1403 
                -5163.000       1236 
                 5163.000       1375 
                -5164.000       1331 
                 5164.000       1399 
                -5165.000       1229 
                 5165.000       1411 
                -5166.000       1345 
                 5166.000       1439 
                -5167.000       1303 
                 5167.000       1406 
                -5168.000       1360 
                 5168.000       1484 
                -5169.000       1249 
                 5169.000       1401 
                -5170.000       1291 
                 5170.000       1280 
                -5171.000       1277 
                 5171.000       1332 
                -5172.000       1312 
                 5172.000       1289 
                -5173.000       1321 
                 5173.000       1327 
                -5174.000       1168 
                 5174.000       1355 
                -5175.000       1336 
                 5175.000       1388 
                -5176.000       1392 
                 5176.000       1453 
                -5177.000       1167 
                 5177.000       1361 
                -5178.000       1255 
                 5178.000       1424 
                -5179.000       1482 
                 5179.000       1504 
                -5180.000       1274 
                 5180.000       1332 
                -5181.000       1363 
                 5181.000       1454 
                -5182.000       1086 
                 5182.000       1232 
                -5183.000       1317 
                 5183.000       1401 
                -5184.000       1160 
                 5184.000       1225 
                -5185.000       1232 
                 5185.000       1331 
                -5186.000       1362 
                 5186.000       1459 
                -5187.000       1237 
                 5187.000       1332 
                -5188.000       1243 
                 5188.000       1348 
                -5189.000       1205 
                 5189.000       1336 
                -5190.000       1326 
                 5190.000       1437 
                -5191.000       1319 
                 5191.000       1430 
                -5192.000       1272 
                 5192.000       1379 
                -5193.000       1316 
                 5193.000       1429 
                -5194.000       1307 
                 5194.000       1479 
                -5195.000       1222 
                 5195.000       1314 
                -5196.000       1363 
                 5196.000       1482 
                -5197.000       1326 
                 5197.000       1391 
                -5198.000       1372 
                 5198.000       1504 
                -5199.000       1271 
                 5199.000       1399 
                -5200.000       1251 
                 5200.000       1362 
                -5201.000       1143 
                 5201.000       1274 
                -5202.000       1267 
                 5202.000       1335 
                -5203.000       1101 
                 5203.000       1183 
                -5204.000       1239 
                 5204.000       1437 
                -5205.000       1287 
                 5205.000       1353 
                -5206.000       1156 
                 5206.000       1268 
                -5207.000       1235 
                 5207.000       1377 
                -5208.000       1287 
                 5208.000       1416 
                -5209.000       1342 
                 5209.000       1400 
                -5210.000       1288 
                 5210.000       1264 
                -5211.000       1306 
                 5211.000       1387 
                -5212.000       1181 
                 5212.000       1364 
                -5213.000       1195 
                 5213.000       1184 
                -5214.000       1251 
                 5214.000       1399 
                -5215.000       1199 
                 5215.000       1260 
                -5216.000       1114 
                 5216.000       1189 
                -5217.000       1292 
                 5217.000       1425 
                -5218.000       1272 
                 5218.000       1339 
                -5219.000       1076 
                 5219.000       1197 
                -5220.000       1235 
                 5220.000       1243 
                -5221.000       1033 
                 5221.000       1156 
                -5222.000       1439 
                 5222.000       1483 
                -5223.000       1144 
                 5223.000       1268 
                -5224.000       1212 
                 5224.000       1370 
                -5225.000       1321 
                 5225.000       1338 
                -5226.000       1090 
                 5226.000       1148 
                -5227.000       1247 
                 5227.000       1353 
                -5228.000       1248 
                 5228.000       1324 
                -5229.000       1229 
                 5229.000       1359 
                -5230.000       1362 
                 5230.000       1389 
                -5231.000       1370 
                 5231.000       1427 
                -5232.000       1139 
                 5232.000       1240 
                -5233.000       1297 
                 5233.000       1411 
                -5234.000       1168 
                 5234.000       1335 
                -5235.000       1212 
                 5235.000       1297 
                -5236.000       1241 
                 5236.000       1291 
                -5237.000       1303 
                 5237.000       1376 
                -5238.000       1321 
                 5238.000       1343 
                -5239.000       1178 
                 5239.000       1313 
                -5240.000       1225 
                 5240.000       1395 
                -5241.000       1270 
                 5241.000       1436 
                -5242.000       1072 
                 5242.000       1241 
                -5243.000       1067 
                 5243.000       1191 
                -5244.000       1265 
                 5244.000       1326 
                -5245.000       1197 
                 5245.000       1323 
                -5246.000       1163 
                 5246.000       1238 
                -5247.000       1241 
                 5247.000       1385 
                -5248.000       1199 
                 5248.000       1326 
                -5249.000       1276 
                 5249.000       1376 
                -5250.000       1083 
                 5250.000       1152 
                -5251.000       1382 
                 5251.000       1420 
                -5252.000       1091 
                 5252.000       1132 
                -5253.000       1097 
                 5253.000       1186 
                -5254.000       1162 
                 5254.000       1183 
                -5255.000       1172 
                 5255.000       1290 
                -5256.000       1314 
                 5256.000       1440 
                -5257.000       1246 
                 5257.000       1412 
                -5258.000       1100 
                 5258.000       1177 
                -5259.000       1189 
                 5259.000       1342 
                -5260.000       1203 
                 5260.000       1295 
                -5261.000       1152 
                 5261.000       1303 
                -5262.000       1202 
                 5262.000       1348 
                -5263.000       1091 
                 5263.000       1176 
                -5264.000       1223 
                 5264.000       1338 
                -5265.000       1140 
                 5265.000       1302 
                -5266.000       1168 
                 5266.000       1310 
                -5267.000       1163 
                 5267.000       1370 
                -5268.000       1101 
                 5268.000       1205 
                -5269.000       1165 
                 5269.000       1208 
                -5270.000       1242 
                 5270.000       1327 
                -5271.000       1274 
                 5271.000       1321 
                -5272.000       1293 
                 5272.000       1448 
                -5273.000       1281 
                 5273.000       1483 
                -5274.000       1196 
                 5274.000       1257 
                -5275.000       1103 
                 5275.000       1179 
                -5276.000       1243 
                 5276.000       1329 
                -5277.000       1186 
                 5277.000       1330 
                -5278.000       1226 
                 5278.000       1393 
                -5279.000       1313 
                 5279.000       1378 
                -5280.000       1411 
                 5280.000       1358 
                -5281.000       1151 
                 5281.000       1210 
                -5282.000       1049 
                 5282.000       1196 
                -5283.000       1343 
                 5283.000       1545 
                -5284.000       1150 
                 5284.000       1275 
                -5285.000       1294 
                 5285.000       1455 
                -5286.000       1280 
                 5286.000       1360 
                -5287.000       1218 
                 5287.000       1437 
                -5288.000       1238 
                 5288.000       1330 
                -5289.000       1246 
                 5289.000       1316 
                -5290.000       1201 
                 5290.000       1272 
                -5291.000       1132 
                 5291.000       1266 
                -5292.000       1100 
                 5292.000       1241 
                -5293.000       1103 
                 5293.000       1196 
                -5294.000       1129 
                 5294.000       1221 
                -5295.000       1245 
                 5295.000       1327 
                -5296.000       1171 
                 5296.000       1337 
                -5297.000       1151 
                 5297.000       1277 
                -5298.000       1137 
                 5298.000       1268 
                -5299.000       1337 
                 5299.000       1430 
                -5300.000       1246 
                 5300.000       1332 
                -5301.000       1058 
                 5301.000       1142 
                -5302.000       1286 
                 5302.000       1375 
                -5303.000       1304 
                 5303.000       1331 
                -5304.000       1080 
                 5304.000       1207 
                -5305.000       1147 
                 5305.000       1293 
                -5306.000       1247 
                 5306.000       1333 
                -5307.000       1067 
                 5307.000       1199 
                -5308.000       1226 
                 5308.000       1311 
                -5309.000       1243 
                 5309.000       1323 
                -5310.000       1245 
                 5310.000       1380 
                -5311.000       1192 
                 5311.000       1334 
                -5312.000       1268 
                 5312.000       1346 
                -5313.000       1123 
                 5313.000       1173 
                -5314.000       1011 
                 5314.000       1156 
                -5315.000       1121 
                 5315.000       1113 
                -5316.000       1113 
                 5316.000       1124 
                -5317.000       1208 
                 5317.000       1310 
                -5318.000       1239 
                 5318.000       1235 
                -5319.000       1054 
                 5319.000       1185 
                -5320.000       1229 
                 5320.000       1291 
                -5321.000       1180 
                 5321.000       1234 
                -5322.000       1039 
                 5322.000       1150 
                -5323.000       1190 
                 5323.000       1258 
                -5324.000       1174 
                 5324.000       1271 
                -5325.000       1040 
                 5325.000       1093 
                -5326.000       1117 
                 5326.000       1273 
                -5327.000       1085 
                 5327.000       1156 
                -5328.000        992 
                 5328.000       1149 
                -5329.000       1066 
                 5329.000       1158 
                -5330.000       1135 
                 5330.000       1296 
                -5331.000       1178 
                 5331.000       1233 
                -5332.000       1218 
                 5332.000       1248 
                -5333.000       1196 
                 5333.000       1266 
                -5334.000       1019 
                 5334.000       1162 
                -5335.000       1259 
                 5335.000       1312 
                -5336.000       1110 
                 5336.000       1236 
                -5337.000       1240 
                 5337.000       1248 
                -5338.000       1125 
                 5338.000       1224 
                -5339.000       1051 
                 5339.000       1144 
                -5340.000       1069 
                 5340.000       1149 
                -5341.000       1125 
                 5341.000       1171 
                -5342.000       1165 
                 5342.000       1274 
                -5343.000       1122 
                 5343.000       1245 
                -5344.000       1063 
                 5344.000       1159 
                -5345.000       1126 
                 5345.000       1149 
                -5346.000       1159 
                 5346.000       1252 
                -5347.000       1084 
                 5347.000       1135 
                -5348.000       1066 
                 5348.000       1189 
                -5349.000       1079 
                 5349.000       1179 
                -5350.000       1158 
                 5350.000       1162 
                -5351.000       1113 
                 5351.000       1235 
                -5352.000       1136 
                 5352.000       1202 
                -5353.000       1206 
                 5353.000       1237 
                -5354.000       1166 
                 5354.000       1264 
                -5355.000       1168 
                 5355.000       1286 
                -5356.000        998 
                 5356.000       1153 
                -5357.000       1147 
                 5357.000       1261 
                -5358.000       1116 
                 5358.000       1177 
                -5359.000       1134 
                 5359.000       1261 
                -5360.000       1073 
                 5360.000       1126 
                -5361.000       1105 
                 5361.000       1252 
                -5362.000       1161 
                 5362.000       1253 
                -5363.000       1069 
                 5363.000       1158 
                -5364.000       1081 
                 5364.000       1151 
                -5365.000       1011 
                 5365.000       1067 
                -5366.000       1056 
                 5366.000       1095 
                -5367.000       1103 
                 5367.000       1193 
                -5368.000       1080 
                 5368.000       1182 
                -5369.000       1087 
                 5369.000       1219 
                -5370.000       1241 
                 5370.000       1265 
                -5371.000       1048 
                 5371.000       1191 
                -5372.000       1169 
                 5372.000       1183 
                -5373.000       1030 
                 5373.000       1075 
                -5374.000       1071 
                 5374.000       1106 
                -5375.000       1001 
                 5375.000       1093 
                -5376.000       1032 
                 5376.000       1122 
                -5377.000       1198 
                 5377.000       1271 
                -5378.000        997 
                 5378.000       1054 
                -5379.000       1085 
                 5379.000       1210 
                -5380.000       1084 
                 5380.000       1176 
                -5381.000       1085 
                 5381.000       1229 
                -5382.000        987 
                 5382.000       1054 
                -5383.000       1116 
                 5383.000       1185 
                -5384.000       1088 
                 5384.000       1202 
                -5385.000       1065 
                 5385.000       1159 
                -5386.000        999 
                 5386.000       1130 
                -5387.000       1031 
                 5387.000       1129 
                -5388.000       1179 
                 5388.000       1242 
                -5389.000       1116 
                 5389.000       1192 
                -5390.000       1029 
                 5390.000       1167 
                -5391.000       1072 
                 5391.000       1117 
                -5392.000       1166 
                 5392.000       1215 
                -5393.000       1076 
                 5393.000       1162 
                -5394.000       1127 
                 5394.000       1144 
                -5395.000       1203 
                 5395.000       1232 
                -5396.000       1096 
                 5396.000       1240 
                -5397.000       1111 
                 5397.000       1170 
                -5398.000       1174 
                 5398.000       1266 
                -5399.000       1024 
                 5399.000       1068 
                -5400.000       1121 
                 5400.000       1201 
                -5401.000        969 
                 5401.000       1011 
                -5402.000       1099 
                 5402.000       1178 
                -5403.000       1123 
                 5403.000       1179 
                -5404.000       1055 
                 5404.000       1093 
                -5405.000       1034 
                 5405.000       1065 
                -5406.000        998 
                 5406.000       1131 
                -5407.000       1012 
                 5407.000       1137 
                -5408.000       1173 
                 5408.000       1290 
                -5409.000        964 
                 5409.000       1078 
                -5410.000       1015 
                 5410.000       1125 
                -5411.000        934 
                 5411.000       1054 
                -5412.000       1142 
                 5412.000       1272 
                -5413.000       1109 
                 5413.000       1168 
                -5414.000       1093 
                 5414.000       1208 
                -5415.000       1119 
                 5415.000       1216 
                -5416.000       1052 
                 5416.000       1123 
                -5417.000       1114 
                 5417.000       1186 
                -5418.000        903 
                 5418.000       1027 
                -5419.000       1046 
                 5419.000       1133 
                -5420.000       1054 
                 5420.000       1215 
                -5421.000       1024 
                 5421.000       1088 
                -5422.000        998 
                 5422.000       1003 
                -5423.000       1145 
                 5423.000       1241 
                -5424.000       1098 
                 5424.000       1143 
                -5425.000       1093 
                 5425.000       1135 
                -5426.000       1061 
                 5426.000       1131 
                -5427.000       1012 
                 5427.000       1108 
                -5428.000       1019 
                 5428.000       1175 
                -5429.000       1077 
                 5429.000       1206 
                -5430.000       1016 
                 5430.000       1076 
                -5431.000       1063 
                 5431.000       1190 
                -5432.000        891 
                 5432.000        931 
                -5433.000        958 
                 5433.000       1055 
                -5434.000       1093 
                 5434.000       1186 
                -5435.000        899 
                 5435.000       1005 
                -5436.000        995 
                 5436.000       1152 
                -5437.000       1032 
                 5437.000       1158 
                -5438.000       1068 
                 5438.000       1206 
                -5439.000       1055 
                 5439.000       1159 
                -5440.000       1042 
                 5440.000       1115 
                -5441.000       1066 
                 5441.000       1081 
                -5442.000       1040 
                 5442.000       1070 
                -5443.000       1007 
                 5443.000       1104 
                -5444.000        980 
                 5444.000       1094 
                -5445.000       1036 
                 5445.000       1068 
                -5446.000       1025 
                 5446.000       1074 
                -5447.000       1007 
                 5447.000       1011 
                -5448.000       1039 
                 5448.000       1071 
                -5449.000        855 
                 5449.000        893 
                -5450.000       1032 
                 5450.000       1120 
                -5451.000       1002 
                 5451.000       1046 
                -5452.000       1111 
                 5452.000       1200 
                -5453.000       1149 
                 5453.000       1233 
                -5454.000        951 
                 5454.000       1037 
                -5455.000       1182 
                 5455.000       1278 
                -5456.000       1051 
                 5456.000       1057 
                -5457.000       1010 
                 5457.000       1152 
                -5458.000        951 
                 5458.000        957 
                -5459.000        984 
                 5459.000       1020 
                -5460.000       1028 
                 5460.000       1146 
                -5461.000       1076 
                 5461.000       1215 
                -5462.000        905 
                 5462.000        949 
                -5463.000        975 
                 5463.000       1008 
                -5464.000       1147 
                 5464.000       1225 
                -5465.000        952 
                 5465.000        982 
                -5466.000        944 
                 5466.000       1067 
                -5467.000        883 
                 5467.000       1021 
                -5468.000       1062 
                 5468.000       1036 
                -5469.000       1017 
                 5469.000       1139 
                -5470.000        998 
                 5470.000       1113 
                -5471.000       1005 
                 5471.000       1032 
                -5472.000       1045 
                 5472.000       1049 
                -5473.000        952 
                 5473.000       1090 
                -5474.000        972 
                 5474.000       1055 
                -5475.000       1025 
                 5475.000       1141 
                -5476.000        920 
                 5476.000        989 
                -5477.000        954 
                 5477.000        979 
                -5478.000        981 
                 5478.000       1101 
                -5479.000       1001 
                 5479.000       1037 
                -5480.000       1029 
                 5480.000       1073 
                -5481.000        932 
                 5481.000       1043 
                -5482.000        993 
                 5482.000       1054 
                -5483.000       1016 
                 5483.000       1101 
                -5484.000        943 
                 5484.000       1073 
                -5485.000       1001 
                 5485.000       1115 
                -5486.000        959 
                 5486.000       1005 
                -5487.000       1090 
                 5487.000       1124 
                -5488.000        998 
                 5488.000       1042 
                -5489.000       1108 
                 5489.000       1097 
                -5490.000        940 
                 5490.000       1035 
                -5491.000        881 
                 5491.000        941 
                -5492.000        959 
                 5492.000       1004 
                -5493.000        947 
                 5493.000       1045 
                -5494.000       1020 
                 5494.000       1050 
                -5495.000       1041 
                 5495.000       1170 
                -5496.000        994 
                 5496.000       1094 
                -5497.000        971 
                 5497.000       1108 
                -5498.000        933 
                 5498.000        923 
                -5499.000        930 
                 5499.000        954 
                -5500.000        937 
                 5500.000       1026 
                -5501.000        959 
                 5501.000       1017 
                -5502.000       1006 
                 5502.000       1014 
                -5503.000        865 
                 5503.000        915 
                -5504.000        894 
                 5504.000        936 
                -5505.000        934 
                 5505.000       1024 
                -5506.000        928 
                 5506.000       1048 
                -5507.000        864 
                 5507.000        951 
                -5508.000        929 
                 5508.000       1063 
                -5509.000        954 
                 5509.000        949 
                -5510.000        923 
                 5510.000        970 
                -5511.000        966 
                 5511.000        992 
                -5512.000        854 
                 5512.000        889 
                -5513.000       1012 
                 5513.000       1151 
                -5514.000        860 
                 5514.000        979 
                -5515.000       1005 
                 5515.000       1062 
                -5516.000       1046 
                 5516.000       1012 
                -5517.000        991 
                 5517.000       1089 
                -5518.000        968 
                 5518.000       1081 
                -5519.000        959 
                 5519.000       1051 
                -5520.000        953 
                 5520.000       1063 
                -5521.000       1012 
                 5521.000       1085 
                -5522.000       1020 
                 5522.000        996 
                -5523.000        894 
                 5523.000        944 
                -5524.000        999 
                 5524.000       1037 
                -5525.000        835 
                 5525.000        956 
                -5526.000        948 
                 5526.000       1048 
                -5527.000        861 
                 5527.000        900 
                -5528.000        908 
                 5528.000        893 
                -5529.000        889 
                 5529.000        973 
                -5530.000        905 
                 5530.000        930 
                -5531.000        892 
                 5531.000        993 
                -5532.000        858 
                 5532.000        963 
                -5533.000        907 
                 5533.000       1058 
                -5534.000        866 
                 5534.000        972 
                -5535.000        923 
                 5535.000       1050 
                -5536.000        910 
                 5536.000        978 
                -5537.000        879 
                 5537.000        996 
                -5538.000        855 
                 5538.000        874 
                -5539.000        943 
                 5539.000       1078 
                -5540.000        987 
                 5540.000       1120 
                -5541.000        982 
                 5541.000       1105 
                -5542.000        863 
                 5542.000        984 
                -5543.000        914 
                 5543.000       1040 
                -5544.000        984 
                 5544.000       1041 
                -5545.000        861 
                 5545.000        995 
                -5546.000        845 
                 5546.000        885 
                -5547.000        985 
                 5547.000       1044 
                -5548.000        892 
                 5548.000        911 
                -5549.000        967 
                 5549.000        972 
                -5550.000        851 
                 5550.000        990 
                -5551.000        854 
                 5551.000        859 
                -5552.000        980 
                 5552.000       1051 
                -5553.000        831 
                 5553.000        931 
                -5554.000        864 
                 5554.000        933 
                -5555.000        982 
                 5555.000       1081 
                -5556.000        808 
                 5556.000        943 
                -5557.000        904 
                 5557.000       1005 
                -5558.000        831 
                 5558.000        964 
                -5559.000        939 
                 5559.000        996 
                -5560.000        840 
                 5560.000        932 
                -5561.000        890 
                 5561.000       1011 
                -5562.000        800 
                 5562.000        871 
                -5563.000        902 
                 5563.000        979 
                -5564.000        819 
                 5564.000        929 
                -5565.000        874 
                 5565.000        929 
                -5566.000        872 
                 5566.000        968 
                -5567.000        924 
                 5567.000       1004 
                -5568.000        858 
                 5568.000        894 
                -5569.000        972 
                 5569.000        997 
                -5570.000        829 
                 5570.000        900 
                -5571.000        804 
                 5571.000        815 
                -5572.000        791 
                 5572.000        901 
                -5573.000        907 
                 5573.000        962 
                -5574.000        879 
                 5574.000        983 
                -5575.000        876 
                 5575.000        993 
                -5576.000        810 
                 5576.000        866 
                -5577.000        899 
                 5577.000        928 
                -5578.000        867 
                 5578.000        872 
                -5579.000        926 
                 5579.000        953 
                -5580.000        825 
                 5580.000        875 
                -5581.000        847 
                 5581.000        958 
                -5582.000        819 
                 5582.000        879 
                -5583.000        838 
                 5583.000        905 
                -5584.000        821 
                 5584.000        932 
                -5585.000        768 
                 5585.000        823 
                -5586.000        803 
                 5586.000        918 
                -5587.000        877 
                 5587.000        968 
                -5588.000        913 
                 5588.000       1014 
                -5589.000        867 
                 5589.000        917 
                -5590.000        765 
                 5590.000        922 
                -5591.000        742 
                 5591.000        839 
                -5592.000        828 
                 5592.000        824 
                -5593.000        858 
                 5593.000        979 
                -5594.000        835 
                 5594.000        879 
                -5595.000        910 
                 5595.000        966 
                -5596.000        740 
                 5596.000        823 
                -5597.000        821 
                 5597.000        857 
                -5598.000        788 
                 5598.000        867 
                -5599.000        957 
                 5599.000        954 
                -5600.000        773 
                 5600.000        831 
                -5601.000        900 
                 5601.000        862 
                -5602.000        922 
                 5602.000        942 
                -5603.000        805 
                 5603.000        902 
                -5604.000        823 
                 5604.000        890 
                -5605.000        771 
                 5605.000        834 
                -5606.000        925 
                 5606.000        993 
                -5607.000        827 
                 5607.000        872 
                -5608.000        799 
                 5608.000        791 
                -5609.000        843 
                 5609.000        926 
                -5610.000        828 
                 5610.000        905 
                -5611.000        867 
                 5611.000        890 
                -5612.000        863 
                 5612.000        897 
                -5613.000        830 
                 5613.000        866 
                -5614.000        818 
                 5614.000        872 
                -5615.000        768 
                 5615.000        817 
                -5616.000        861 
                 5616.000        995 
                -5617.000        774 
                 5617.000        855 
                -5618.000        795 
                 5618.000        882 
                -5619.000        819 
                 5619.000        906 
                -5620.000        861 
                 5620.000        997 
                -5621.000        728 
                 5621.000        799 
                -5622.000        831 
                 5622.000        912 
                -5623.000        776 
                 5623.000        889 
                -5624.000        862 
                 5624.000        970 
                -5625.000        749 
                 5625.000        888 
                -5626.000        808 
                 5626.000        861 
                -5627.000        747 
                 5627.000        818 
                -5628.000        728 
                 5628.000        822 
                -5629.000        704 
                 5629.000        760 
                -5630.000        804 
                 5630.000        891 
                -5631.000        746 
                 5631.000        824 
                -5632.000        760 
                 5632.000        846 
                -5633.000        813 
                 5633.000        891 
                -5634.000        801 
                 5634.000        834 
                -5635.000        770 
                 5635.000        792 
                -5636.000        840 
                 5636.000        946 
                -5637.000        836 
                 5637.000        931 
                -5638.000        744 
                 5638.000        861 
                -5639.000        769 
                 5639.000        940 
                -5640.000        769 
                 5640.000        833 
                -5641.000        822 
                 5641.000        844 
                -5642.000        726 
                 5642.000        830 
                -5643.000        807 
                 5643.000        910 
                -5644.000        779 
                 5644.000        858 
                -5645.000        803 
                 5645.000        910 
                -5646.000        745 
                 5646.000        819 
                -5647.000        734 
                 5647.000        836 
                -5648.000        736 
                 5648.000        819 
                -5649.000        752 
                 5649.000        827 
                -5650.000        791 
                 5650.000        846 
                -5651.000        745 
                 5651.000        834 
                -5652.000        735 
                 5652.000        876 
                -5653.000        756 
                 5653.000        799 
                -5654.000        787 
                 5654.000        857 
                -5655.000        786 
                 5655.000        853 
                -5656.000        819 
                 5656.000        880 
                -5657.000        805 
                 5657.000        824 
                -5658.000        881 
                 5658.000        915 
                -5659.000        764 
                 5659.000        784 
                -5660.000        849 
                 5660.000        930 
                -5661.000        767 
                 5661.000        818 
                -5662.000        814 
                 5662.000        870 
                -5663.000        772 
                 5663.000        823 
                -5664.000        742 
                 5664.000        888 
                -5665.000        766 
                 5665.000        800 
                -5666.000        845 
                 5666.000        951 
                -5667.000        786 
                 5667.000        852 
                -5668.000        790 
                 5668.000        869 
                -5669.000        737 
                 5669.000        783 
                -5670.000        820 
                 5670.000        869 
                -5671.000        774 
                 5671.000        786 
                -5672.000        771 
                 5672.000        776 
                -5673.000        691 
                 5673.000        787 
                -5674.000        789 
                 5674.000        838 
                -5675.000        776 
                 5675.000        859 
                -5676.000        867 
                 5676.000        840 
                -5677.000        717 
                 5677.000        780 
                -5678.000        744 
                 5678.000        852 
                -5679.000        846 
                 5679.000        874 
                -5680.000        759 
                 5680.000        845 
                -5681.000        744 
                 5681.000        869 
                -5682.000        839 
                 5682.000        805 
                -5683.000        764 
                 5683.000        798 
                -5684.000        697 
                 5684.000        797 
                -5685.000        677 
                 5685.000        742 
                -5686.000        795 
                 5686.000        846 
                -5687.000        789 
                 5687.000        796 
                -5688.000        710 
                 5688.000        767 
                -5689.000        755 
                 5689.000        749 
                -5690.000        797 
                 5690.000        824 
                -5691.000        702 
                 5691.000        767 
                -5692.000        738 
                 5692.000        793 
                -5693.000        746 
                 5693.000        790 
                -5694.000        729 
                 5694.000        837 
                -5695.000        694 
                 5695.000        790 
                -5696.000        762 
                 5696.000        833 
                -5697.000        793 
                 5697.000        730 
                -5698.000        700 
                 5698.000        788 
                -5699.000        706 
                 5699.000        772 
                -5700.000        772 
                 5700.000        774 
                -5701.000        658 
                 5701.000        823 
                -5702.000        634 
                 5702.000        753 
                -5703.000        687 
                 5703.000        862 
                -5704.000        745 
                 5704.000        822 
                -5705.000        660 
                 5705.000        702 
                -5706.000        707 
                 5706.000        758 
                -5707.000        763 
                 5707.000        836 
                -5708.000        642 
                 5708.000        748 
                -5709.000        740 
                 5709.000        794 
                -5710.000        713 
                 5710.000        771 
                -5711.000        694 
                 5711.000        746 
                -5712.000        752 
                 5712.000        808 
                -5713.000        699 
                 5713.000        757 
                -5714.000        584 
                 5714.000        679 
                -5715.000        764 
                 5715.000        852 
                -5716.000        695 
                 5716.000        772 
                -5717.000        654 
                 5717.000        752 
                -5718.000        705 
                 5718.000        724 
                -5719.000        673 
                 5719.000        754 
                -5720.000        728 
                 5720.000        727 
                -5721.000        671 
                 5721.000        778 
                -5722.000        640 
                 5722.000        734 
                -5723.000        701 
                 5723.000        751 
                -5724.000        734 
                 5724.000        829 
                -5725.000        765 
                 5725.000        815 
                -5726.000        669 
                 5726.000        770 
                -5727.000        717 
                 5727.000        790 
                -5728.000        685 
                 5728.000        754 
                -5729.000        711 
                 5729.000        757 
                -5730.000        619 
                 5730.000        716 
                -5731.000        725 
                 5731.000        751 
                -5732.000        706 
                 5732.000        754 
                -5733.000        666 
                 5733.000        748 
                -5734.000        618 
                 5734.000        645 
                -5735.000        630 
                 5735.000        750 
                -5736.000        681 
                 5736.000        681 
                -5737.000        718 
                 5737.000        717 
                -5738.000        665 
                 5738.000        754 
                -5739.000        664 
                 5739.000        729 
                -5740.000        666 
                 5740.000        698 
                -5741.000        682 
                 5741.000        725 
                -5742.000        713 
                 5742.000        778 
                -5743.000        736 
                 5743.000        715 
                -5744.000        662 
                 5744.000        753 
                -5745.000        613 
                 5745.000        695 
                -5746.000        676 
                 5746.000        749 
                -5747.000        676 
                 5747.000        787 
                -5748.000        686 
                 5748.000        773 
                -5749.000        709 
                 5749.000        749 
                -5750.000        699 
                 5750.000        737 
                -5751.000        698 
                 5751.000        798 
                -5752.000        612 
                 5752.000        723 
                -5753.000        649 
                 5753.000        667 
                -5754.000        653 
                 5754.000        701 
                -5755.000        622 
                 5755.000        741 
                -5756.000        658 
                 5756.000        749 
                -5757.000        643 
                 5757.000        663 
                -5758.000        573 
                 5758.000        575 
                -5759.000        640 
                 5759.000        689 
                -5760.000        536 
                 5760.000        659 
                -5761.000        690 
                 5761.000        751 
                -5762.000        635 
                 5762.000        658 
                -5763.000        592 
                 5763.000        706 
                -5764.000        687 
                 5764.000        755 
                -5765.000        685 
                 5765.000        691 
                -5766.000        633 
                 5766.000        639 
                -5767.000        584 
                 5767.000        639 
                -5768.000        620 
                 5768.000        635 
                -5769.000        640 
                 5769.000        710 
                -5770.000        607 
                 5770.000        621 
                -5771.000        641 
                 5771.000        677 
                -5772.000        697 
                 5772.000        723 
                -5773.000        581 
                 5773.000        654 
                -5774.000        537 
                 5774.000        606 
                -5775.000        658 
                 5775.000        704 
                -5776.000        621 
                 5776.000        641 
                -5777.000        616 
                 5777.000        732 
                -5778.000        581 
                 5778.000        636 
                -5779.000        667 
                 5779.000        687 
                -5780.000        658 
                 5780.000        664 
                -5781.000        708 
                 5781.000        732 
                -5782.000        637 
                 5782.000        729 
                -5783.000        672 
                 5783.000        758 
                -5784.000        644 
                 5784.000        659 
                -5785.000        602 
                 5785.000        678 
                -5786.000        581 
                 5786.000        661 
                -5787.000        634 
                 5787.000        626 
                -5788.000        540 
                 5788.000        538 
                -5789.000        568 
                 5789.000        618 
                -5790.000        675 
                 5790.000        643 
                -5791.000        680 
                 5791.000        749 
                -5792.000        542 
                 5792.000        637 
                -5793.000        564 
                 5793.000        603 
                -5794.000        574 
                 5794.000        653 
                -5795.000        672 
                 5795.000        719 
                -5796.000        636 
                 5796.000        629 
                -5797.000        598 
                 5797.000        623 
                -5798.000        594 
                 5798.000        694 
                -5799.000        666 
                 5799.000        664 
                -5800.000        626 
                 5800.000        697 
                -5801.000        597 
                 5801.000        634 
                -5802.000        527 
                 5802.000        549 
                -5803.000        584 
                 5803.000        700 
                -5804.000        559 
                 5804.000        619 
                -5805.000        628 
                 5805.000        614 
                -5806.000        565 
                 5806.000        598 
                -5807.000        703 
                 5807.000        732 
                -5808.000        636 
                 5808.000        671 
                -5809.000        570 
                 5809.000        602 
                -5810.000        480 
                 5810.000        547 
                -5811.000        619 
                 5811.000        646 
                -5812.000        601 
                 5812.000        642 
                -5813.000        567 
                 5813.000        628 
                -5814.000        582 
                 5814.000        653 
                -5815.000        548 
                 5815.000        598 
                -5816.000        603 
                 5816.000        640 
                -5817.000        631 
                 5817.000        663 
                -5818.000        585 
                 5818.000        650 
                -5819.000        667 
                 5819.000        705 
                -5820.000        529 
                 5820.000        592 
                -5821.000        587 
                 5821.000        659 
                -5822.000        573 
                 5822.000        612 
                -5823.000        545 
                 5823.000        598 
                -5824.000        617 
                 5824.000        721 
                -5825.000        533 
                 5825.000        608 
                -5826.000        540 
                 5826.000        629 
                -5827.000        664 
                 5827.000        637 
                -5828.000        459 
                 5828.000        526 
                -5829.000        546 
                 5829.000        579 
                -5830.000        646 
                 5830.000        703 
                -5831.000        581 
                 5831.000        593 
                -5832.000        570 
                 5832.000        606 
                -5833.000        601 
                 5833.000        580 
                -5834.000        582 
                 5834.000        661 
                -5835.000        500 
                 5835.000        588 
                -5836.000        551 
                 5836.000        577 
                -5837.000        573 
                 5837.000        602 
                -5838.000        583 
                 5838.000        617 
                -5839.000        583 
                 5839.000        582 
                -5840.000        587 
                 5840.000        659 
                -5841.000        490 
                 5841.000        517 
                -5842.000        524 
                 5842.000        549 
                -5843.000        511 
                 5843.000        638 
                -5844.000        567 
                 5844.000        619 
                -5845.000        584 
                 5845.000        723 
                -5846.000        545 
                 5846.000        567 
                -5847.000        564 
                 5847.000        602 
                -5848.000        572 
                 5848.000        619 
                -5849.000        516 
                 5849.000        580 
                -5850.000        446 
                 5850.000        516 
                -5851.000        496 
                 5851.000        520 
                -5852.000        520 
                 5852.000        565 
                -5853.000        535 
                 5853.000        523 
                -5854.000        504 
                 5854.000        586 
                -5855.000        521 
                 5855.000        574 
                -5856.000        573 
                 5856.000        539 
                -5857.000        548 
                 5857.000        569 
                -5858.000        532 
                 5858.000        570 
                -5859.000        570 
                 5859.000        622 
                -5860.000        525 
                 5860.000        552 
                -5861.000        574 
                 5861.000        636 
                -5862.000        560 
                 5862.000        567 
                -5863.000        540 
                 5863.000        555 
                -5864.000        471 
                 5864.000        508 
                -5865.000        531 
                 5865.000        538 
                -5866.000        498 
                 5866.000        565 
                -5867.000        494 
                 5867.000        587 
                -5868.000        547 
                 5868.000        579 
                -5869.000        513 
                 5869.000        525 
                -5870.000        525 
                 5870.000        533 
                -5871.000        512 
                 5871.000        570 
                -5872.000        577 
                 5872.000        587 
                -5873.000        538 
                 5873.000        551 
                -5874.000        528 
                 5874.000        537 
                -5875.000        466 
                 5875.000        524 
                -5876.000        545 
                 5876.000        510 
                -5877.000        533 
                 5877.000        559 
                -5878.000        522 
                 5878.000        548 
                -5879.000        520 
                 5879.000        606 
                -5880.000        499 
                 5880.000        560 
                -5881.000        535 
                 5881.000        511 
                -5882.000        468 
                 5882.000        549 
                -5883.000        537 
                 5883.000        520 
                -5884.000        533 
                 5884.000        586 
                -5885.000        446 
                 5885.000        494 
                -5886.000        522 
                 5886.000        593 
                -5887.000        562 
                 5887.000        554 
                -5888.000        516 
                 5888.000        543 
                -5889.000        518 
                 5889.000        546 
                -5890.000        446 
                 5890.000        503 
                -5891.000        492 
                 5891.000        609 
                -5892.000        467 
                 5892.000        493 
                -5893.000        516 
                 5893.000        509 
                -5894.000        457 
                 5894.000        512 
                -5895.000        496 
                 5895.000        552 
                -5896.000        519 
                 5896.000        531 
                -5897.000        472 
                 5897.000        534 
                -5898.000        533 
                 5898.000        549 
                -5899.000        389 
                 5899.000        381 
                -5900.000        437 
                 5900.000        499 
                -5901.000        479 
                 5901.000        535 
                -5902.000        478 
                 5902.000        519 
                -5903.000        452 
                 5903.000        508 
                -5904.000        523 
                 5904.000        496 
                -5905.000        525 
                 5905.000        534 
                -5906.000        465 
                 5906.000        533 
                -5907.000        474 
                 5907.000        503 
                -5908.000        489 
                 5908.000        487 
                -5909.000        402 
                 5909.000        422 
                -5910.000        389 
                 5910.000        484 
                -5911.000        435 
                 5911.000        508 
                -5912.000        459 
                 5912.000        553 
                -5913.000        387 
                 5913.000        459 
                -5914.000        458 
                 5914.000        505 
                -5915.000        410 
                 5915.000        474 
                -5916.000        501 
                 5916.000        519 
                -5917.000        464 
                 5917.000        538 
                -5918.000        448 
                 5918.000        501 
                -5919.000        451 
                 5919.000        517 
                -5920.000        437 
                 5920.000        520 
                -5921.000        442 
                 5921.000        500 
                -5922.000        457 
                 5922.000        456 
                -5923.000        468 
                 5923.000        488 
                -5924.000        401 
                 5924.000        420 
                -5925.000        430 
                 5925.000        488 
                -5926.000        470 
                 5926.000        465 
                -5927.000        379 
                 5927.000        411 
                -5928.000        416 
                 5928.000        482 
                -5929.000        463 
                 5929.000        440 
                -5930.000        435 
                 5930.000        439 
                -5931.000        454 
                 5931.000        470 
                -5932.000        420 
                 5932.000        456 
                -5933.000        403 
                 5933.000        510 
                -5934.000        370 
                 5934.000        435 
                -5935.000        450 
                 5935.000        464 
                -5936.000        443 
                 5936.000        511 
                -5937.000        390 
                 5937.000        426 
                -5938.000        421 
                 5938.000        484 
                -5939.000        432 
                 5939.000        466 
                -5940.000        393 
                 5940.000        434 
                -5941.000        401 
                 5941.000        442 
                -5942.000        352 
                 5942.000        463 
                -5943.000        433 
                 5943.000        473 
                -5944.000        385 
                 5944.000        422 
                -5945.000        368 
                 5945.000        446 
                -5946.000        377 
                 5946.000        439 
                -5947.000        459 
                 5947.000        476 
                -5948.000        452 
                 5948.000        424 
                -5949.000        427 
                 5949.000        468 
                -5950.000        386 
                 5950.000        437 
                -5951.000        481 
                 5951.000        483 
                -5952.000        379 
                 5952.000        420 
                -5953.000        390 
                 5953.000        405 
                -5954.000        397 
                 5954.000        451 
                -5955.000        422 
                 5955.000        465 
                -5956.000        384 
                 5956.000        404 
                -5957.000        406 
                 5957.000        498 
                -5958.000        445 
                 5958.000        406 
                -5959.000        382 
                 5959.000        454 
                -5960.000        422 
                 5960.000        473 
                -5961.000        402 
                 5961.000        490 
                -5962.000        378 
                 5962.000        418 
                -5963.000        412 
                 5963.000        451 
                -5964.000        378 
                 5964.000        414 
                -5965.000        399 
                 5965.000        403 
                -5966.000        439 
                 5966.000        435 
                -5967.000        338 
                 5967.000        359 
                -5968.000        378 
                 5968.000        420 
                -5969.000        359 
                 5969.000        394 
                -5970.000        442 
                 5970.000        414 
                -5971.000        410 
                 5971.000        436 
                -5972.000        314 
                 5972.000        384 
                -5973.000        358 
                 5973.000        388 
                -5974.000        317 
                 5974.000        395 
                -5975.000        441 
                 5975.000        436 
                -5976.000        362 
                 5976.000        404 
                -5977.000        359 
                 5977.000        366 
                -5978.000        357 
                 5978.000        428 
                -5979.000        381 
                 5979.000        438 
                -5980.000        350 
                 5980.000        376 
                -5981.000        419 
                 5981.000        411 
                -5982.000        379 
                 5982.000        386 
                -5983.000        394 
                 5983.000        421 
                -5984.000        350 
                 5984.000        359 
                -5985.000        392 
                 5985.000        425 
                -5986.000        371 
                 5986.000        398 
                -5987.000        369 
                 5987.000        403 
                -5988.000        330 
                 5988.000        384 
                -5989.000        308 
                 5989.000        329 
                -5990.000        346 
                 5990.000        398 
                -5991.000        365 
                 5991.000        399 
                -5992.000        345 
                 5992.000        353 
                -5993.000        337 
                 5993.000        342 
                -5994.000        348 
                 5994.000        392 
                -5995.000        314 
                 5995.000        353 
                -5996.000        331 
                 5996.000        366 
                -5997.000        388 
                 5997.000        365 
                -5998.000        321 
                 5998.000        421 
                -5999.000        363 
                 5999.000        364 
                -6000.000        350 
                 6000.000        355 
